Rk,Player,Pos,Squad,Age,Born,PlayingTimeMP,PlayingTimeStarts,PlayingTimeMin,PlayingTime90s,PerformanceGls,PerformanceAst,PerformanceG+A,PerformanceG-PK,PerformancePK,PerformancePKatt,PerformanceCrdY,PerformanceCrdR,Expected_xG,Expected_npxG,Expected_xAG,Expected_npxG+xAG,ProgressionPrgC,ProgressionPrgP,ProgressionPrgR,Per90MinGls,Per90MinAst,Per90MinG+A,Per90MinG-PK,Per90MinG+A-PK,Per90Min_xG,Per90Min_xAG,Per90Min_xG+xAG,Per90Min_npxG,Per90Min_npxG+xAG,Matches,ID
1,Che Adams,FW,sct Scotland,27,1996,3,3,209,2.3,0,0,0,0,0,0,0,0,0.1,0.1,0.1,0.2,3,2,10,0.0,0.0,0.0,0.0,0.0,0.05,0.03,0.09,0.05,0.09,Matches,ChFWsc271996
2,Michel Aebischer,DF,ch Switzerland,27,1997,5,5,476,5.3,1,2,3,1,0,0,0,0,0.1,0.1,1.2,1.3,4,28,18,0.19,0.38,0.57,0.19,0.57,0.02,0.22,0.24,0.02,0.24,Matches,MiDFch271997
3,Arlind Ajeti,DF,al Albania,30,1993,3,3,270,3.0,0,0,0,0,0,0,0,0,0.0,0.0,0.0,0.0,1,5,0,0.0,0.0,0.0,0.0,0.0,0.0,0.0,0.0,0.0,0.0,Matches,ArDFal301993
4,Manuel Akanji,DF,ch Switzerland,28,1995,5,5,480,5.3,0,0,0,0,0,0,0,0,0.0,0.0,0.0,0.0,2,25,1,0.0,0.0,0.0,0.0,0.0,0.0,0.0,0.0,0.0,0.0,Matches,MaDFch281995
5,Samet Akaydın,DF,tr Türkiye,29,1994,4,4,335,3.7,1,0,1,1,0,0,2,0,0.4,0.4,0.0,0.4,1,15,0,0.27,0.0,0.27,0.27,0.27,0.09,0.0,0.09,0.09,0.09,Matches,SaDFtr291994
6,Nathan Aké,DF,nl Netherlands,28,1995,6,6,470,5.2,0,1,1,0,0,0,1,0,0.1,0.1,0.4,0.6,7,21,11,0.0,0.19,0.19,0.0,0.19,0.02,0.08,0.11,0.02,0.11,Matches,NaDFnl281995
7,Yunus Akgün,FW,tr Türkiye,23,2000,1,1,69,0.8,0,0,0,0,0,0,0,0,0.0,0.0,0.1,0.1,3,3,5,0.0,0.0,0.0,0.0,0.0,0.0,0.11,0.11,0.0,0.11,Matches,YuFWtr232000
8,Kerem Aktürkoğlu,FW/MF,tr Türkiye,25,1998,5,1,105,1.2,1,0,1,1,0,0,0,0,1.4,1.4,0.1,1.5,7,3,11,0.86,0.0,0.86,0.86,0.86,1.22,0.11,1.33,1.22,1.33,Matches,KeFWtr251998
9,Trent Alexander-Arnold,MF/DF,eng England,25,1998,4,2,134,1.5,0,0,0,0,0,0,0,0,0.1,0.1,0.1,0.2,5,12,5,0.0,0.0,0.0,0.0,0.0,0.07,0.08,0.16,0.07,0.16,Matches,TrMFen251998
10,Denis Alibec,FW,ro Romania,33,1991,2,0,29,0.3,0,0,0,0,0,0,0,0,0.3,0.3,0.0,0.3,0,0,2,0.0,0.0,0.0,0.0,0.0,1.05,0.0,1.05,1.05,1.05,Matches,DeFWro331991
11,Barış Alper Yılmaz,FW,tr Türkiye,23,2000,5,5,450,5.0,0,0,0,0,0,0,0,0,0.4,0.4,0.8,1.2,14,15,36,0.0,0.0,0.0,0.0,0.0,0.08,0.16,0.24,0.08,0.24,Matches,BaFWtr232000
12,Sandro Altunashvili,MF,ge Georgia,26,1997,2,0,52,0.6,0,0,0,0,0,0,0,0,0.0,0.0,0.0,0.0,1,1,0,0.0,0.0,0.0,0.0,0.0,0.0,0.0,0.0,0.0,0.0,Matches,SaMFge261997
13,Zeki Amdouni,MF/FW,ch Switzerland,23,2000,4,0,57,0.6,0,0,0,0,0,0,0,0,0.2,0.2,0.0,0.2,3,1,6,0.0,0.0,0.0,0.0,0.0,0.33,0.0,0.33,0.33,0.33,Matches,ZeMFch232000
14,Joachim Andersen,DF,dk Denmark,27,1996,4,4,360,4.0,0,0,0,0,0,0,1,0,0.2,0.2,0.2,0.4,7,24,1,0.0,0.0,0.0,0.0,0.0,0.04,0.06,0.1,0.04,0.1,Matches,JoDFdk271996
15,Robert Andrich,MF,de Germany,29,1994,5,4,318,3.5,0,0,0,0,0,0,2,0,0.3,0.3,0.1,0.4,1,21,3,0.0,0.0,0.0,0.0,0.0,0.09,0.03,0.12,0.09,0.12,Matches,RoMFde291994
16,Waldemar Anton,DF,de Germany,27,1996,2,0,33,0.4,0,0,0,0,0,0,0,0,0.0,0.0,0.1,0.1,0,2,0,0.0,0.0,0.0,0.0,0.0,0.0,2.1,2.1,0.0,2.1,Matches,WaDFde271996
17,Stuart Armstrong,MF,sct Scotland,31,1992,1,0,15,0.2,0,0,0,0,0,0,0,0,0.0,0.0,0.0,0.0,1,1,1,0.0,0.0,0.0,0.0,0.0,0.0,0.0,0.0,0.0,0.0,Matches,StMFsc311992
18,Marko Arnautović,FW,at Austria,34,1989,4,3,279,3.1,1,0,1,0,1,1,1,0,1.7,0.9,0.0,0.9,1,3,16,0.32,0.0,0.32,0.0,0.0,0.53,0.0,0.53,0.28,0.28,Matches,MaFWat341989
19,Jasir Asani,FW,al Albania,28,1995,3,3,210,2.3,0,1,1,0,0,0,0,0,0.1,0.1,0.4,0.5,4,4,9,0.0,0.43,0.43,0.0,0.43,0.02,0.18,0.2,0.02,0.2,Matches,JaFWal281995
20,Kristjan Asllani,MF,al Albania,21,2002,3,3,270,3.0,0,0,0,0,0,0,0,0,0.6,0.6,0.6,1.1,3,10,3,0.0,0.0,0.0,0.0,0.0,0.18,0.19,0.38,0.18,0.38,Matches,KrMFal212002
21,Kaan Ayhan,MF/DF,tr Türkiye,29,1994,5,4,358,4.0,0,1,1,0,0,0,1,0,0.3,0.3,0.3,0.6,1,16,4,0.0,0.25,0.25,0.0,0.25,0.08,0.07,0.15,0.08,0.15,Matches,KaMFtr291994
22,Alex Baena,MF/FW,es Spain,22,2001,2,0,27,0.3,0,0,0,0,0,0,0,0,0.0,0.0,0.1,0.1,1,2,4,0.0,0.0,0.0,0.0,0.0,0.0,0.26,0.26,0.0,0.26,Matches,AlMFes222001
23,Alexander Bah,DF/MF,dk Denmark,26,1997,4,3,281,3.1,0,0,0,0,0,0,0,0,0.4,0.4,0.1,0.4,5,20,9,0.0,0.0,0.0,0.0,0.0,0.12,0.02,0.14,0.12,0.14,Matches,AlDFdk261997
24,Nedim Bajrami,FW/MF,al Albania,24,1999,3,3,245,2.7,1,0,1,1,0,0,1,0,0.1,0.1,0.0,0.1,7,5,14,0.37,0.0,0.37,0.37,0.37,0.05,0.0,0.05,0.05,0.05,Matches,NeFWal241999
25,Johan Bakayoko,FW/DF,be Belgium,20,2003,2,0,48,0.5,0,0,0,0,0,0,0,0,0.6,0.6,0.1,0.7,0,1,1,0.0,0.0,0.0,0.0,0.0,1.22,0.19,1.41,1.22,1.41,Matches,JoFWbe202003
26,Jure Balkovec,DF,si Slovenia,29,1994,2,1,121,1.3,0,0,0,0,0,0,1,0,0.0,0.0,0.0,0.0,0,5,0,0.0,0.0,0.0,0.0,0.0,0.0,0.03,0.03,0.0,0.03,Matches,JuDFsi291994
27,Iván Balliu,DF,al Albania,32,1992,1,1,90,1.0,0,0,0,0,0,0,0,0,0.0,0.0,0.0,0.0,1,2,1,0.0,0.0,0.0,0.0,0.0,0.0,0.0,0.0,0.0,0.0,Matches,IvDFal321992
28,Nicușor Bancu,DF,ro Romania,31,1992,3,3,270,3.0,0,0,0,0,0,0,2,0,0.0,0.0,0.1,0.1,7,12,4,0.0,0.0,0.0,0.0,0.0,0.0,0.03,0.03,0.0,0.03,Matches,NiDFro311992
29,Antonín Barák,MF,cz Czechia,29,1994,3,1,41,0.5,0,0,0,0,0,0,2,1,0.0,0.0,0.0,0.0,1,2,4,0.0,0.0,0.0,0.0,0.0,0.0,0.04,0.04,0.0,0.04,Matches,AnMFcz291994
30,Bradley Barcola,FW/MF,fr France,21,2002,3,1,103,1.1,0,0,0,0,0,0,0,0,0.1,0.1,0.5,0.7,9,7,20,0.0,0.0,0.0,0.0,0.0,0.14,0.56,0.7,0.14,0.7,Matches,BrFWfr212002
31,Abdülkerim Bardakcı,DF,tr Türkiye,29,1994,4,4,360,4.0,0,0,0,0,0,0,2,0,0.3,0.3,0.3,0.5,6,13,1,0.0,0.0,0.0,0.0,0.0,0.06,0.07,0.14,0.06,0.14,Matches,AbDFtr291994
32,Nicolò Barella,MF,it Italy,26,1997,4,4,332,3.7,1,0,1,1,0,0,1,0,0.1,0.1,0.3,0.4,8,21,7,0.27,0.0,0.27,0.27,0.27,0.02,0.08,0.1,0.02,0.1,Matches,NiMFit261997
33,Alessandro Bastoni,DF,it Italy,24,1999,4,4,360,4.0,1,0,1,1,0,0,0,0,0.5,0.5,0.0,0.5,5,21,6,0.25,0.0,0.25,0.25,0.25,0.13,0.0,0.13,0.13,0.13,Matches,AlDFit241999
34,Martin Baturina,FW,hr Croatia,20,2003,1,0,7,0.1,0,0,0,0,0,0,0,0,0.1,0.1,0.0,0.1,1,0,0,0.0,0.0,0.0,0.0,0.0,0.95,0.0,0.95,0.95,0.95,Matches,MaFWhr202003
35,Christoph Baumgartner,MF/FW,at Austria,24,1999,4,3,289,3.2,1,1,2,1,0,0,1,0,1.8,1.8,0.6,2.4,17,9,17,0.31,0.31,0.62,0.31,0.62,0.56,0.18,0.74,0.56,0.74,Matches,ChMFat241999
36,Altay Bayındır,GK,tr Türkiye,25,1998,1,1,90,1.0,0,0,0,0,0,0,0,0,0.0,0.0,0.0,0.0,0,0,0,0.0,0.0,0.0,0.0,0.0,0.0,0.0,0.0,0.0,0.0,Matches,AlGKtr251998
37,Jan Bednarek,DF,pl Poland,27,1996,3,3,270,3.0,0,0,0,0,0,0,0,0,0.2,0.2,0.0,0.2,0,2,0,0.0,0.0,0.0,0.0,0.0,0.05,0.0,0.05,0.05,0.05,Matches,JaDFpl271996
38,Maximilian Beier,FW,de Germany,21,2002,1,0,26,0.3,0,0,0,0,0,0,0,0,0.0,0.0,0.0,0.0,0,0,3,0.0,0.0,0.0,0.0,0.0,0.0,0.0,0.0,0.0,0.0,Matches,MaFWde212002
39,Jude Bellingham,MF/FW,eng England,20,2003,7,7,670,7.4,2,1,3,2,0,0,2,0,0.6,0.6,0.4,1.1,26,36,36,0.27,0.13,0.4,0.27,0.4,0.09,0.06,0.15,0.09,0.15,Matches,JuMFen202003
40,László Bénes,MF,sk Slovakia,26,1997,2,0,71,0.8,0,0,0,0,0,0,0,0,0.1,0.1,0.7,0.8,0,0,8,0.0,0.0,0.0,0.0,0.0,0.23,1.55,1.78,0.23,1.78,Matches,LáMFsk261997
41,Bartosz Bereszyński,DF,pl Poland,31,1992,1,0,5,0.1,0,0,0,0,0,0,0,0,0.0,0.0,0.0,0.0,0,0,0,0.0,0.0,0.0,0.0,0.0,0.0,0.0,0.0,0.0,0.0,Matches,BaDFpl311992
42,Steven Bergwijn,FW,nl Netherlands,26,1997,2,2,90,1.0,0,0,0,0,0,0,0,0,0.0,0.0,0.0,0.0,7,7,4,0.0,0.0,0.0,0.0,0.0,0.02,0.0,0.02,0.02,0.02,Matches,StFWnl261997
43,Medon Berisha,MF,al Albania,20,2003,1,0,21,0.2,0,0,0,0,0,0,1,0,0.0,0.0,0.0,0.0,0,1,1,0.0,0.0,0.0,0.0,0.0,0.14,0.0,0.14,0.14,0.14,Matches,MeMFal202003
44,Victor Bernth Kristiansen,DF/MF,dk Denmark,21,2002,4,2,156,1.7,0,1,1,0,0,0,0,0,0.0,0.0,0.3,0.3,5,1,18,0.0,0.58,0.58,0.0,0.58,0.02,0.17,0.19,0.02,0.19,Matches,ViDFdk212002
45,Matúš Bero,MF/DF,sk Slovakia,28,1995,2,0,41,0.5,0,0,0,0,0,0,0,0,0.0,0.0,0.0,0.0,1,3,6,0.0,0.0,0.0,0.0,0.0,0.26,0.0,0.26,0.26,0.26,Matches,MaMFsk281995
46,Jaka Bijol,DF,si Slovenia,24,1999,4,4,390,4.3,0,0,0,0,0,0,2,0,0.0,0.0,0.0,0.0,0,3,0,0.0,0.0,0.0,0.0,0.0,0.0,0.0,0.01,0.0,0.01,Matches,JaDFsi241999
47,Veljko Birmančević,DF,rs Serbia,25,1998,2,0,26,0.3,0,0,0,0,0,0,0,0,0.0,0.0,0.0,0.0,3,3,7,0.0,0.0,0.0,0.0,0.0,0.06,0.0,0.06,0.06,0.06,Matches,VeDFrs251998
48,Daley Blind,FW,nl Netherlands,33,1990,1,0,1,0.0,0,0,0,0,0,0,0,0,0.0,0.0,0.0,0.0,0,0,0,0.0,0.0,0.0,0.0,0.0,0.0,0.0,0.0,0.0,0.0,Matches,DaFWnl331990
49,Bendegúz Bolla,DF,hu Hungary,24,1999,3,2,204,2.3,0,0,0,0,0,0,1,0,0.1,0.1,0.2,0.3,2,3,13,0.0,0.0,0.0,0.0,0.0,0.03,0.1,0.13,0.03,0.13,Matches,BeDFhu241999
50,Endre Botka,DF,hu Hungary,29,1994,1,1,90,1.0,0,0,0,0,0,0,0,0,0.0,0.0,0.0,0.0,0,3,0,0.0,0.0,0.0,0.0,0.0,0.0,0.0,0.0,0.0,0.0,Matches,EnDFhu291994
51,Jarrod Bowen,FW,eng England,27,1996,2,0,37,0.4,0,0,0,0,0,0,0,0,0.0,0.0,0.2,0.2,1,0,3,0.0,0.0,0.0,0.0,0.0,0.0,0.49,0.49,0.0,0.49,Matches,JaFWen271996
52,Róbert Boženík,FW,sk Slovakia,24,1999,4,2,208,2.3,0,0,0,0,0,0,0,0,0.1,0.1,0.0,0.1,1,1,10,0.0,0.0,0.0,0.0,0.0,0.06,0.02,0.07,0.06,0.07,Matches,RóFWsk241999
53,Volodymyr Brazhko,MF,ua Ukraine,22,2002,3,2,182,2.0,0,0,0,0,0,0,0,0,0.0,0.0,0.0,0.1,0,3,1,0.0,0.0,0.0,0.0,0.0,0.02,0.02,0.04,0.02,0.04,Matches,VoMFua222002
54,David Brekalo,MF,si Slovenia,25,1998,2,0,2,0.0,0,0,0,0,0,0,0,0,0.0,0.0,0.0,0.0,0,0,0,0.0,0.0,0.0,0.0,0.0,0.0,0.0,0.0,0.0,0.0,Matches,DaMFsi251998
55,Brian Brobbey,FW,nl Netherlands,21,2002,1,0,1,0.0,0,0,0,0,0,0,0,0,0.0,0.0,0.0,0.0,0,0,0,0.0,0.0,0.0,0.0,0.0,0.0,0.0,0.0,0.0,0.0,Matches,BrFWnl212002
56,Armando Broja,FW,al Albania,22,2001,2,1,108,1.2,0,0,0,0,0,0,1,0,0.2,0.2,0.1,0.3,2,1,4,0.0,0.0,0.0,0.0,0.0,0.18,0.06,0.23,0.18,0.23,Matches,ArFWal222001
57,Marcelo Brozović,MF,hr Croatia,31,1992,3,3,225,2.5,0,0,0,0,0,0,1,0,0.1,0.1,0.1,0.2,2,13,6,0.0,0.0,0.0,0.0,0.0,0.06,0.03,0.09,0.06,0.09,Matches,MaMFhr311992
58,Jacob Bruun Larsen,FW,dk Denmark,25,1998,1,0,10,0.1,0,0,0,0,0,0,0,0,0.0,0.0,0.0,0.0,1,1,4,0.0,0.0,0.0,0.0,0.0,0.0,0.0,0.0,0.0,0.0,Matches,JaFWdk251998
59,Ante Budimir,FW,hr Croatia,32,1991,3,1,122,1.4,0,1,1,0,0,0,0,0,0.8,0.5,1.2,1.7,1,2,5,0.0,0.74,0.74,0.0,0.74,0.6,0.87,1.48,0.38,1.25,Matches,AnteFWhr321991
60,Adam Buksa,FW,pl Poland,27,1996,2,2,149,1.7,1,0,1,1,0,0,0,0,0.2,0.2,0.2,0.3,1,1,6,0.6,0.0,0.6,0.6,0.6,0.1,0.11,0.21,0.1,0.21,Matches,AdFWpl271996
61,Andrei Burcă,DF,ro Romania,30,1993,4,4,360,4.0,0,0,0,0,0,0,1,0,0.1,0.1,0.0,0.1,2,6,1,0.0,0.0,0.0,0.0,0.0,0.02,0.0,0.02,0.02,0.02,Matches,AnDFro301993
62,Riccardo Calafiori,DF,it Italy,21,2002,3,3,270,3.0,0,1,1,0,0,0,2,0,0.3,0.3,0.2,0.5,7,11,1,0.0,0.33,0.33,0.0,0.33,0.1,0.08,0.17,0.1,0.17,Matches,RiDFit212002
63,Hakan Çalhanoğlu,MF,tr Türkiye,29,1994,4,4,355,3.9,1,0,1,1,0,0,2,0,0.4,0.4,0.2,0.6,5,18,12,0.25,0.0,0.25,0.25,0.25,0.09,0.05,0.14,0.09,0.14,Matches,HaMFtr291994
64,Eduardo Camavinga,MF,fr France,21,2002,4,1,169,1.9,0,0,0,0,0,0,1,0,0.3,0.3,0.1,0.4,2,12,5,0.0,0.0,0.0,0.0,0.0,0.15,0.04,0.2,0.15,0.2,Matches,EdMFfr212002
65,Andrea Cambiaso,FW/DF,it Italy,23,2000,3,0,76,0.8,0,0,0,0,0,0,0,0,0.0,0.0,0.0,0.0,1,1,7,0.0,0.0,0.0,0.0,0.0,0.0,0.0,0.0,0.0,0.0,Matches,AnFWit232000
66,Emre Can,MF,de Germany,30,1994,4,1,102,1.1,1,0,1,1,0,0,0,0,0.0,0.0,0.0,0.1,1,4,1,0.88,0.0,0.88,0.88,0.88,0.03,0.03,0.06,0.03,0.06,Matches,EmMFde301994
67,João Cancelo,DF/MF,pt Portugal,29,1994,4,4,345,3.8,0,0,0,0,0,0,1,0,0.1,0.1,0.4,0.4,14,36,26,0.0,0.0,0.0,0.0,0.0,0.02,0.09,0.11,0.02,0.11,Matches,JoDFpt291994
68,Yannick Carrasco,DF/FW,be Belgium,30,1993,4,2,218,2.4,0,0,0,0,0,0,0,0,0.3,0.3,0.0,0.3,5,10,12,0.0,0.0,0.0,0.0,0.0,0.14,0.0,0.14,0.14,0.14,Matches,YaDFbe301993
69,Dani Carvajal,DF,es Spain,32,1992,5,5,469,5.2,1,0,1,1,0,0,3,1,0.5,0.5,0.5,1.0,11,23,15,0.19,0.0,0.19,0.19,0.19,0.1,0.09,0.19,0.1,0.19,Matches,DaDFes321992
70,Timothy Castagne,DF,be Belgium,28,1995,4,4,357,4.0,0,0,0,0,0,0,0,0,0.0,0.0,0.0,0.0,4,11,16,0.0,0.0,0.0,0.0,0.0,0.0,0.0,0.0,0.0,0.0,Matches,TiDFbe281995
71,Koen Casteels,GK,be Belgium,31,1992,4,4,360,4.0,0,0,0,0,0,0,0,0,0.0,0.0,0.0,0.0,0,0,0,0.0,0.0,0.0,0.0,0.0,0.0,0.0,0.0,0.0,0.0,Matches,KoGKbe311992
72,Žan Celar,FW/MF,si Slovenia,24,1999,3,0,67,0.7,0,0,0,0,0,0,1,0,0.0,0.0,0.0,0.0,1,1,2,0.0,0.0,0.0,0.0,0.0,0.07,0.0,0.07,0.07,0.07,Matches,ŽaFWsi241999
73,Zeki Çelik,DF/MF,tr Türkiye,26,1997,3,1,105,1.2,0,0,0,0,0,0,1,0,0.2,0.2,0.5,0.7,1,3,11,0.0,0.0,0.0,0.0,0.0,0.17,0.46,0.63,0.17,0.63,Matches,ZeDFtr261997
74,Václav Černý,MF,cz Czechia,26,1997,1,1,54,0.6,0,0,0,0,0,0,0,0,0.5,0.5,0.1,0.6,1,1,2,0.0,0.0,0.0,0.0,0.0,0.81,0.17,0.99,0.81,0.99,Matches,VáMFcz261997
75,Giorgi Chakvetadze,MF/FW,ge Georgia,24,1999,4,3,244,2.7,0,0,0,0,0,0,0,0,0.1,0.1,0.3,0.4,8,11,7,0.0,0.0,0.0,0.0,0.0,0.02,0.11,0.14,0.02,0.14,Matches,GicMFge241999
76,Federico Chiesa,FW/MF,it Italy,26,1997,4,3,263,2.9,0,0,0,0,0,0,0,0,0.2,0.2,0.3,0.4,14,5,32,0.0,0.0,0.0,0.0,0.0,0.06,0.09,0.15,0.06,0.15,Matches,FeFWit261997
77,Tomáš Chorý,MF,cz Czechia,29,1995,2,0,36,0.4,0,0,0,0,0,0,0,1,0.4,0.4,0.0,0.4,0,0,1,0.0,0.0,0.0,0.0,0.0,1.0,0.0,1.0,1.0,1.0,Matches,ToMFcz291995
78,Andreas Christensen,DF,dk Denmark,27,1996,4,4,350,3.9,0,0,0,0,0,0,0,0,0.5,0.5,0.0,0.5,1,9,0,0.0,0.0,0.0,0.0,0.0,0.12,0.0,0.12,0.12,0.12,Matches,AnDFdk271996
79,Ryan Christie,MF/FW,sct Scotland,28,1995,3,1,99,1.1,0,0,0,0,0,0,0,0,0.0,0.0,0.0,0.0,0,0,4,0.0,0.0,0.0,0.0,0.0,0.0,0.0,0.0,0.0,0.0,Matches,RyMFsc281995
80,Mojmir Chytil,FW,cz Czechia,24,1999,3,1,107,1.2,0,0,0,0,0,0,0,0,0.2,0.2,0.1,0.3,0,1,2,0.0,0.0,0.0,0.0,0.0,0.16,0.1,0.26,0.16,0.26,Matches,MoFWcz241999
81,Alexandru Cicâldău,MF,ro Romania,26,1997,1,0,19,0.2,0,0,0,0,0,0,0,0,0.0,0.0,0.0,0.0,0,0,0,0.0,0.0,0.0,0.0,0.0,0.0,0.0,0.0,0.0,0.0,Matches,AlMFro261997
82,Florinel Coman,MF,ro Romania,25,1998,2,2,118,1.3,0,0,0,0,0,0,0,0,0.1,0.1,0.1,0.1,3,1,4,0.0,0.0,0.0,0.0,0.0,0.05,0.05,0.1,0.05,0.1,Matches,FlMFro251998
83,Kingsley Coman,MF,fr France,27,1996,1,0,16,0.2,0,0,0,0,0,0,0,0,0.0,0.0,0.0,0.0,0,1,3,0.0,0.0,0.0,0.0,0.0,0.0,0.0,0.0,0.0,0.0,Matches,KiMFfr271996
84,Francisco Conceição,FW/MF,pt Portugal,21,2002,4,1,182,2.0,1,0,1,1,0,0,1,0,0.9,0.9,1.6,2.5,15,9,34,0.49,0.0,0.49,0.49,0.49,0.66,1.21,1.88,0.66,1.88,Matches,FrFWpt212002
85,Diogo Costa,GK,pt Portugal,24,1999,5,5,510,5.7,0,0,0,0,0,0,0,0,0.0,0.0,0.0,0.0,0,0,0,0.0,0.0,0.0,0.0,0.0,0.0,0.0,0.0,0.0,0.0,Matches,DiGKpt241999
86,Vladimír Coufal,DF/FW,cz Czechia,31,1992,3,3,270,3.0,0,1,1,0,0,0,1,0,0.0,0.0,0.6,0.6,10,11,12,0.0,0.33,0.33,0.0,0.33,0.0,0.19,0.19,0.0,0.19,Matches,VlDFcz311992
87,Bryan Cristante,MF,it Italy,28,1995,3,1,133,1.5,0,0,0,0,0,0,1,0,0.1,0.1,0.2,0.3,4,5,2,0.0,0.0,0.0,0.0,0.0,0.05,0.13,0.18,0.05,0.18,Matches,BrMFit281995
88,Kevin Csoboth,DF,hu Hungary,23,2000,2,0,9,0.1,1,0,1,1,0,0,2,0,0.6,0.6,0.0,0.6,1,2,1,10.0,0.0,10.0,10.0,10.0,6.22,0.0,6.22,6.22,6.22,Matches,KeDFhu232000
89,Marc Cucurella,DF,es Spain,25,1998,6,6,545,6.1,0,1,1,0,0,0,0,0,0.0,0.0,1.1,1.1,16,29,33,0.0,0.17,0.17,0.0,0.17,0.0,0.19,0.19,0.0,0.19,Matches,MaDFes251998
90,Mirlind Daku,FW,al Albania,26,1998,1,0,6,0.1,0,0,0,0,0,0,1,0,0.1,0.1,0.1,0.2,1,1,2,0.0,0.0,0.0,0.0,0.0,1.71,1.99,3.7,1.71,3.7,Matches,MiFWal261998
91,Diogo Dalot,DF/MF,pt Portugal,24,1999,2,2,152,1.7,0,0,0,0,0,0,0,0,0.1,0.1,0.0,0.1,2,11,13,0.0,0.0,0.0,0.0,0.0,0.03,0.02,0.06,0.03,0.06,Matches,DiDFpt241999
92,Mikkel Damsgaard,FW,dk Denmark,23,2000,1,0,34,0.4,0,0,0,0,0,0,0,0,0.0,0.0,0.0,0.0,0,0,2,0.0,0.0,0.0,0.0,0.0,0.03,0.0,0.03,0.03,0.03,Matches,MiFWdk232000
93,Kevin Danso,DF,at Austria,25,1998,3,2,212,2.4,0,0,0,0,0,0,1,0,0.0,0.0,0.0,0.0,4,22,1,0.0,0.0,0.0,0.0,0.0,0.02,0.0,0.02,0.02,0.02,Matches,KeDFat251998
94,Márton Dárdai,DF,hu Hungary,21,2002,3,2,175,1.9,0,0,0,0,0,0,0,0,0.1,0.1,0.0,0.1,0,5,0,0.0,0.0,0.0,0.0,0.0,0.04,0.0,0.04,0.04,0.04,Matches,MáDFhu212002
95,Matteo Darmian,DF,it Italy,34,1989,3,2,161,1.8,0,0,0,0,0,0,0,0,0.0,0.0,0.0,0.0,1,6,5,0.0,0.0,0.0,0.0,0.0,0.0,0.0,0.0,0.0,0.0,Matches,MaDFit341989
96,Zuriko Davitashvili,FW/MF,ge Georgia,22,2001,4,1,115,1.3,0,0,0,0,0,0,1,0,0.1,0.1,0.0,0.1,3,3,11,0.0,0.0,0.0,0.0,0.0,0.07,0.0,0.07,0.07,0.07,Matches,ZuFWge222001
97,Paweł Dawidowicz,DF,pl Poland,28,1995,2,2,180,2.0,0,0,0,0,0,0,1,0,0.1,0.1,0.0,0.1,0,0,0,0.0,0.0,0.0,0.0,0.0,0.05,0.0,0.05,0.05,0.05,Matches,PaDFpl281995
98,Kevin De Bruyne,MF,be Belgium,32,1991,4,4,360,4.0,1,0,1,1,0,0,0,0,0.9,0.9,1.6,2.5,7,28,21,0.25,0.0,0.25,0.25,0.25,0.21,0.4,0.61,0.21,0.61,Matches,KeMFbe321991
99,Charles De Ketelaere,FW,be Belgium,22,2001,1,0,3,0.0,0,0,0,0,0,0,0,0,0.0,0.0,0.0,0.0,0,0,0,0.0,0.0,0.0,0.0,0.0,0.0,0.0,0.0,0.0,0.0,Matches,ChFWbe222001
100,Zeno Debast,DF,be Belgium,20,2003,2,1,104,1.2,0,0,0,0,0,0,0,0,0.0,0.0,0.1,0.1,0,3,0,0.0,0.0,0.0,0.0,0.0,0.0,0.09,0.09,0.0,0.09,Matches,ZeDFbe202003
101,Thomas Delaney,MF,dk Denmark,32,1991,3,1,84,0.9,0,0,0,0,0,0,0,0,0.1,0.1,0.2,0.3,2,4,4,0.0,0.0,0.0,0.0,0.0,0.12,0.25,0.37,0.12,0.37,Matches,ThMFdk321991
102,Ousmane Dembélé,FW/MF,fr France,26,1997,5,4,361,4.0,0,0,0,0,0,0,1,0,0.5,0.5,1.2,1.7,32,14,46,0.0,0.0,0.0,0.0,0.0,0.15,0.32,0.47,0.15,0.47,Matches,OuFWfr261997
103,Merih Demiral,DF,tr Türkiye,25,1998,4,2,208,2.3,2,0,2,2,0,0,0,0,0.7,0.7,0.0,0.7,0,4,0,0.87,0.0,0.87,0.87,0.87,0.32,0.01,0.32,0.32,0.32,Matches,MeDFtr251998
104,Giovanni Di Lorenzo,DF/FW,it Italy,30,1993,4,4,360,4.0,0,0,0,0,0,0,0,0,0.2,0.2,0.0,0.2,4,23,9,0.0,0.0,0.0,0.0,0.0,0.04,0.0,0.04,0.04,0.04,Matches,GiDFit301993
105,Rúben Dias,DF,pt Portugal,26,1997,4,4,420,4.7,0,0,0,0,0,0,0,0,0.1,0.1,0.1,0.2,6,22,4,0.0,0.0,0.0,0.0,0.0,0.02,0.02,0.04,0.02,0.04,Matches,RúDFpt261997
106,Federico Dimarco,DF/FW,it Italy,26,1997,3,3,228,2.5,0,0,0,0,0,0,0,0,0.0,0.0,0.3,0.3,6,5,13,0.0,0.0,0.0,0.0,0.0,0.02,0.1,0.12,0.02,0.12,Matches,FeDFit261997
107,Berat Djimsiti,DF,al Albania,30,1993,3,3,270,3.0,0,0,0,0,0,0,0,0,0.1,0.1,0.0,0.1,1,6,0,0.0,0.0,0.0,0.0,0.0,0.03,0.0,0.04,0.03,0.04,Matches,BeDFal301993
108,Jeremy Doku,FW/MF,be Belgium,21,2002,4,4,320,3.6,0,0,0,0,0,0,0,0,0.2,0.2,0.6,0.8,30,10,31,0.0,0.0,0.0,0.0,0.0,0.06,0.17,0.23,0.06,0.23,Matches,JeFWbe212002
109,Kasper Dolberg,FW,dk Denmark,26,1997,2,0,40,0.4,0,0,0,0,0,0,0,0,0.0,0.0,0.0,0.0,0,0,3,0.0,0.0,0.0,0.0,0.0,0.0,0.0,0.0,0.0,0.0,Matches,KaFWdk261997
110,Gianluigi Donnarumma,GK,it Italy,24,1999,4,4,360,4.0,0,0,0,0,0,0,1,0,0.0,0.0,0.0,0.0,0,0,0,0.0,0.0,0.0,0.0,0.0,0.0,0.0,0.0,0.0,0.0,Matches,GiGKit241999
111,David Doudera,FW,cz Czechia,25,1998,1,1,90,1.0,0,0,0,0,0,0,0,0,0.0,0.0,0.0,0.0,3,2,1,0.0,0.0,0.0,0.0,0.0,0.0,0.0,0.0,0.0,0.0,Matches,DaFWcz251998
112,Artem Dovbyk,FW,ua Ukraine,26,1997,3,3,246,2.7,0,0,0,0,0,0,1,0,0.6,0.6,0.6,1.2,2,2,12,0.0,0.0,0.0,0.0,0.0,0.23,0.2,0.44,0.23,0.44,Matches,ArFWua261997
113,Denis Drăguș,FW,ro Romania,24,1999,4,4,291,3.2,1,0,1,1,0,0,0,0,1.1,1.1,0.1,1.1,2,3,13,0.31,0.0,0.31,0.31,0.31,0.33,0.02,0.35,0.33,0.35,Matches,DeFWro241999
114,Radu Drăgușin,DF,ro Romania,21,2002,4,4,360,4.0,0,0,0,0,0,0,0,0,0.2,0.2,0.0,0.2,0,3,1,0.0,0.0,0.0,0.0,0.0,0.06,0.0,0.06,0.06,0.06,Matches,RaDFro212002
115,Vanja Drkušič,DF,si Slovenia,24,1999,4,4,390,4.3,0,0,0,0,0,0,1,0,0.0,0.0,0.1,0.1,0,3,1,0.0,0.0,0.0,0.0,0.0,0.0,0.03,0.03,0.0,0.03,Matches,VaDFsi241999
116,Kwadwo Duah,FW,ch Switzerland,26,1997,3,1,107,1.2,1,0,1,1,0,0,0,0,0.7,0.7,0.0,0.7,1,1,5,0.84,0.0,0.84,0.84,0.84,0.6,0.0,0.6,0.6,0.6,Matches,KwFWch261997
117,Martin Dúbravka,GK,sk Slovakia,35,1989,4,4,390,4.3,0,0,0,0,0,0,0,0,0.0,0.0,0.0,0.0,0,0,0,0.0,0.0,0.0,0.0,0.0,0.0,0.0,0.0,0.0,0.0,Matches,MaGKsk351989
118,Ondrej Duda,MF,sk Slovakia,29,1994,4,4,317,3.5,1,0,1,1,0,0,1,0,0.3,0.3,0.1,0.4,2,9,9,0.28,0.0,0.28,0.28,0.28,0.08,0.04,0.12,0.08,0.12,Matches,OnMFsk291994
119,Denzel Dumfries,DF,nl Netherlands,27,1996,5,5,449,5.0,0,0,0,0,0,0,2,0,0.3,0.3,0.7,0.9,7,19,42,0.0,0.0,0.0,0.0,0.0,0.05,0.14,0.19,0.05,0.19,Matches,DeDFnl271996
120,Dávid Ďuriš,FW/MF,sk Slovakia,24,1999,2,0,23,0.3,0,0,0,0,0,0,0,0,0.0,0.0,0.0,0.0,0,1,0,0.0,0.0,0.0,0.0,0.0,0.0,0.0,0.0,0.0,0.0,Matches,DáFWsk241999
121,Lasha Dvali,DF,ge Georgia,28,1995,4,4,360,4.0,0,0,0,0,0,0,0,0,0.0,0.0,0.0,0.0,2,8,0,0.0,0.0,0.0,0.0,0.0,0.0,0.0,0.0,0.0,0.0,Matches,LaDFge281995
122,Timi Elšnik,MF,si Slovenia,25,1998,4,4,359,4.0,0,1,1,0,0,0,0,0,0.3,0.3,0.5,0.9,12,11,3,0.0,0.25,0.25,0.0,0.25,0.08,0.14,0.22,0.08,0.22,Matches,TiMFsi251998
123,Breel Embolo,FW,ch Switzerland,26,1997,5,3,296,3.3,2,0,2,2,0,0,0,0,2.1,2.1,0.2,2.3,4,6,13,0.61,0.0,0.61,0.61,0.61,0.65,0.05,0.7,0.65,0.7,Matches,BrFWch261997
124,Christian Eriksen,MF/FW,dk Denmark,31,1992,4,4,348,3.9,1,0,1,1,0,0,0,0,1.3,1.3,0.8,2.1,5,17,14,0.26,0.0,0.26,0.26,0.26,0.33,0.21,0.55,0.33,0.55,Matches,ChMFdk311992
125,Eberechi Eze,DF/MF,eng England,25,1998,3,0,102,1.1,0,0,0,0,0,0,0,0,0.1,0.1,0.0,0.1,6,1,7,0.0,0.0,0.0,0.0,0.0,0.16,0.0,0.16,0.16,0.16,Matches,EbDFen251998
126,Wout Faes,DF,be Belgium,25,1998,4,4,360,4.0,0,0,0,0,0,0,1,0,0.0,0.0,0.0,0.0,3,9,0,0.0,0.0,0.0,0.0,0.0,0.0,0.0,0.0,0.0,0.0,Matches,WoDFbe251998
127,Nicolò Fagioli,MF,it Italy,22,2001,2,1,95,1.1,0,0,0,0,0,0,1,0,0.0,0.0,0.0,0.0,3,6,0,0.0,0.0,0.0,0.0,0.0,0.02,0.02,0.03,0.02,0.03,Matches,NiMFit222001
128,João Félix,MF/FW,pt Portugal,24,1999,2,1,105,1.2,0,0,0,0,0,0,0,0,0.1,0.1,0.4,0.5,2,6,15,0.0,0.0,0.0,0.0,0.0,0.14,0.35,0.49,0.14,0.49,Matches,JoMFpt241999
129,Bruno Fernandes,MF,pt Portugal,29,1994,4,4,374,4.2,1,0,1,1,0,0,0,0,1.2,1.2,0.8,2.0,17,39,33,0.24,0.0,0.24,0.24,0.24,0.32,0.21,0.53,0.32,0.53,Matches,BrMFpt291994
130,Attila Fiola,DF,hu Hungary,33,1990,2,2,180,2.0,0,0,0,0,0,0,0,0,0.0,0.0,0.0,0.0,2,3,3,0.0,0.0,0.0,0.0,0.0,0.0,0.02,0.02,0.0,0.02,Matches,AtDFhu331990
131,Phil Foden,FW/MF,eng England,23,2000,7,7,617,6.9,0,0,0,0,0,0,1,0,0.6,0.6,0.5,1.1,7,22,44,0.0,0.0,0.0,0.0,0.0,0.08,0.08,0.16,0.08,0.16,Matches,PhFWen232000
132,Youssouf Fofana,MF,fr France,25,1999,3,0,41,0.5,0,0,0,0,0,0,0,0,0.0,0.0,0.0,0.0,1,2,1,0.0,0.0,0.0,0.0,0.0,0.21,0.0,0.21,0.21,0.21,Matches,YoMFfr251999
133,Michael Folorunsho,FW,it Italy,25,1998,1,0,1,0.0,0,0,0,0,0,0,0,0,0.0,0.0,0.0,0.0,0,0,0,0.0,0.0,0.0,0.0,0.0,0.0,0.0,0.0,0.0,0.0,Matches,MiFWit251998
134,Przemysław Frankowski,DF,pl Poland,28,1995,3,3,270,3.0,0,0,0,0,0,0,0,0,0.0,0.0,0.4,0.4,6,11,9,0.0,0.0,0.0,0.0,0.0,0.0,0.15,0.15,0.0,0.15,Matches,PrDFpl281995
135,Davide Frattesi,MF,it Italy,24,1999,4,2,185,2.1,0,0,0,0,0,0,0,0,0.3,0.3,0.0,0.3,2,4,13,0.0,0.0,0.0,0.0,0.0,0.12,0.0,0.12,0.12,0.12,Matches,DaMFit241999
136,Remo Freuler,MF,ch Switzerland,31,1992,5,5,456,5.1,1,2,3,1,0,0,1,0,0.3,0.3,0.6,0.9,7,22,17,0.2,0.39,0.59,0.2,0.59,0.05,0.12,0.18,0.05,0.18,Matches,ReMFch311992
137,Jeremie Frimpong,FW,nl Netherlands,23,2000,3,1,86,1.0,0,0,0,0,0,0,0,0,0.1,0.1,0.1,0.1,3,2,10,0.0,0.0,0.0,0.0,0.0,0.06,0.05,0.12,0.06,0.12,Matches,JeFWnl232000
138,Chris Führich,FW,de Germany,26,1998,1,0,19,0.2,0,0,0,0,0,0,0,0,0.0,0.0,0.0,0.0,3,2,3,0.0,0.0,0.0,0.0,0.0,0.17,0.0,0.17,0.17,0.17,Matches,ChFWde261998
139,Niclas Füllkrug,FW,de Germany,30,1993,5,0,166,1.8,2,0,2,2,0,0,0,0,1.0,1.0,0.6,1.6,2,4,12,1.08,0.0,1.08,1.08,1.08,0.69,0.4,1.09,0.69,1.09,Matches,NiFWde301993
140,Mijat Gaćinović,DF,rs Serbia,28,1995,1,0,45,0.5,0,0,0,0,0,0,1,0,0.1,0.1,0.0,0.1,0,0,4,0.0,0.0,0.0,0.0,0.0,0.13,0.0,0.13,0.13,0.13,Matches,MijDFrs281995
141,Cody Gakpo,FW,nl Netherlands,24,1999,6,6,523,5.8,3,1,4,3,0,0,0,0,1.1,1.1,2.0,3.0,22,11,55,0.52,0.17,0.69,0.52,0.69,0.18,0.34,0.52,0.18,0.52,Matches,CoFWnl241999
142,Conor Gallagher,MF,eng England,23,2000,5,1,120,1.3,0,0,0,0,0,0,1,0,0.0,0.0,0.0,0.0,0,1,1,0.0,0.0,0.0,0.0,0.0,0.0,0.0,0.0,0.0,0.0,Matches,CoMFen232000
143,Dániel Gazdag,MF,hu Hungary,27,1996,1,0,4,0.0,0,0,0,0,0,0,0,0,0.0,0.0,0.0,0.0,0,0,0,0.0,0.0,0.0,0.0,0.0,0.0,0.0,0.0,0.0,0.0,Matches,DáMFhu271996
144,Lutsharel Geertruida,DF,nl Netherlands,23,2000,2,1,108,1.2,0,0,0,0,0,0,0,0,0.0,0.0,0.1,0.1,1,5,0,0.0,0.0,0.0,0.0,0.0,0.0,0.05,0.05,0.0,0.05,Matches,LuDFnl232000
145,Billy Gilmour,MF,sct Scotland,22,2001,3,2,184,2.0,0,0,0,0,0,0,0,0,0.0,0.0,0.0,0.0,3,7,3,0.0,0.0,0.0,0.0,0.0,0.02,0.0,0.02,0.02,0.02,Matches,BiMFsc222001
146,Olivier Giroud,FW,fr France,37,1986,4,0,59,0.7,0,0,0,0,0,0,0,0,0.2,0.2,0.0,0.2,0,0,5,0.0,0.0,0.0,0.0,0.0,0.23,0.06,0.29,0.23,0.29,Matches,OlFWfr371986
147,Klaus Gjasula,MF,al Albania,34,1989,1,0,19,0.2,1,0,1,1,0,0,1,0,0.3,0.3,0.0,0.3,0,3,0,4.74,0.0,4.74,4.74,4.74,1.48,0.0,1.48,1.48,1.48,Matches,KlMFal341989
148,Adam Gnezda Čerin,MF,si Slovenia,24,1999,4,4,390,4.3,0,0,0,0,0,0,0,0,0.3,0.3,0.0,0.3,4,11,5,0.0,0.0,0.0,0.0,0.0,0.06,0.01,0.07,0.06,0.07,Matches,AdMFsi241999
149,Anthony Gordon,FW,eng England,22,2001,1,0,2,0.0,0,0,0,0,0,0,0,0,0.0,0.0,0.0,0.0,0,1,1,0.0,0.0,0.0,0.0,0.0,0.0,0.84,0.84,0.0,0.84,Matches,AnFWen222001
150,Jon Gorenc Stanković,MF,si Slovenia,28,1996,4,0,94,1.0,0,0,0,0,0,0,1,0,0.0,0.0,0.0,0.0,0,5,1,0.0,0.0,0.0,0.0,0.0,0.05,0.0,0.05,0.05,0.05,Matches,JoMFsi281996
151,Michael Gregoritsch,FW,at Austria,29,1994,4,1,126,1.4,1,0,1,1,0,0,0,0,0.9,0.9,0.0,0.9,0,3,9,0.71,0.0,0.71,0.71,0.71,0.68,0.0,0.68,0.68,0.68,Matches,MiFWat291994
152,Antoine Griezmann,MF/FW,fr France,32,1991,6,4,394,4.4,0,0,0,0,0,0,1,0,2.0,2.0,0.3,2.3,7,24,23,0.0,0.0,0.0,0.0,0.0,0.45,0.08,0.53,0.45,0.53,Matches,AnMFfr321991
153,Florian Grillitsch,MF,at Austria,28,1995,4,3,194,2.2,0,1,1,0,0,0,0,0,0.2,0.2,0.1,0.3,5,22,3,0.0,0.46,0.46,0.0,0.46,0.09,0.06,0.15,0.09,0.15,Matches,FlMFat281995
154,Álex Grimaldo,DF,es Spain,28,1995,2,1,115,1.3,0,0,0,0,0,0,0,0,0.0,0.0,0.6,0.6,4,6,13,0.0,0.0,0.0,0.0,0.0,0.0,0.47,0.47,0.0,0.47,Matches,ÁlDFes281995
155,Pascal Groß,MF,de Germany,32,1991,1,0,45,0.5,0,0,0,0,0,0,0,0,0.0,0.0,0.0,0.0,0,5,2,0.0,0.0,0.0,0.0,0.0,0.07,0.0,0.07,0.07,0.07,Matches,PaMFde321991
156,Kamil Grosicki,MF,pl Poland,35,1988,1,0,16,0.2,0,0,0,0,0,0,0,0,0.3,0.3,0.0,0.3,0,0,1,0.0,0.0,0.0,0.0,0.0,1.61,0.0,1.61,1.61,1.61,Matches,KaMFpl351988
157,Nemanja Gudelj,MF,rs Serbia,32,1991,2,2,90,1.0,0,0,0,0,0,0,1,0,0.0,0.0,0.0,0.0,0,7,0,0.0,0.0,0.0,0.0,0.0,0.0,0.0,0.0,0.0,0.0,Matches,NeMFrs321991
158,Marc Guéhi,DF,eng England,23,2000,6,6,570,6.3,0,1,1,0,0,0,2,0,0.2,0.2,0.1,0.3,3,18,1,0.0,0.16,0.16,0.0,0.16,0.03,0.02,0.05,0.03,0.05,Matches,MaDFen232000
159,Péter Gulácsi,GK,hu Hungary,33,1990,3,3,270,3.0,0,0,0,0,0,0,0,0,0.0,0.0,0.0,0.0,0,0,0,0.0,0.0,0.0,0.0,0.0,0.0,0.0,0.0,0.0,0.0,Matches,PaGulGKhu331990
160,Arda Güler,FW/MF,tr Türkiye,18,2005,5,4,340,3.8,1,2,3,1,0,0,1,0,0.3,0.3,1.4,1.6,9,20,18,0.26,0.53,0.79,0.26,0.79,0.07,0.36,0.43,0.07,0.43,Matches,ArFWtr182005
161,İlkay Gündoğan,MF,de Germany,33,1990,5,5,383,4.3,1,1,2,1,0,0,0,0,0.8,0.8,0.2,1.0,4,21,26,0.23,0.23,0.47,0.23,0.47,0.18,0.05,0.23,0.18,0.23,Matches,İlMFde331990
162,Angus Gunn,GK,sct Scotland,28,1996,3,3,270,3.0,0,0,0,0,0,0,0,0,0.0,0.0,0.0,0.0,0,0,0,0.0,0.0,0.0,0.0,0.0,0.0,0.0,0.0,0.0,0.0,Matches,AnGKsc281996
163,Mert Günok,GK,tr Türkiye,34,1989,4,4,360,4.0,0,0,0,0,0,0,1,0,0.0,0.0,0.0,0.0,0,0,0,0.0,0.0,0.0,0.0,0.0,0.0,0.0,0.0,0.0,0.0,Matches,MeGKtr341989
164,Joško Gvardiol,DF,hr Croatia,22,2002,3,3,270,3.0,0,0,0,0,0,0,0,0,0.1,0.1,0.0,0.1,3,15,8,0.0,0.0,0.0,0.0,0.0,0.03,0.0,0.03,0.03,0.03,Matches,JoDFhr222002
165,Giorgi Gwelesiani,DF,ge Georgia,32,1991,3,2,162,1.8,0,0,0,0,0,0,1,0,0.0,0.0,0.0,0.0,1,1,0,0.0,0.0,0.0,0.0,0.0,0.0,0.0,0.0,0.0,0.0,Matches,GiDFge321991
166,Norbert Gyömbér,DF,sk Slovakia,31,1992,2,0,32,0.4,0,0,0,0,0,0,1,0,0.0,0.0,0.1,0.1,4,4,0,0.0,0.0,0.0,0.0,0.0,0.0,4.13,4.13,0.0,4.13,Matches,NoDFsk311992
167,Ianis Hagi,MF,ro Romania,25,1998,4,2,188,2.1,0,0,0,0,0,0,0,0,0.1,0.1,0.1,0.2,4,3,5,0.0,0.0,0.0,0.0,0.0,0.06,0.04,0.1,0.06,0.1,Matches,IaMFro251998
168,Dávid Hancko,DF,sk Slovakia,26,1997,4,4,366,4.1,0,0,0,0,0,0,0,0,0.2,0.2,0.0,0.3,6,20,14,0.0,0.0,0.0,0.0,0.0,0.07,0.01,0.07,0.07,0.07,Matches,DáDFsk261997
169,Grant Hanley,DF,sct Scotland,32,1991,3,2,225,2.5,0,0,0,0,0,0,0,0,0.2,0.2,0.1,0.3,0,4,0,0.0,0.0,0.0,0.0,0.0,0.09,0.03,0.12,0.09,0.12,Matches,GrDFsc321991
170,Lukáš Haraslín,FW,sk Slovakia,27,1996,4,4,264,2.9,0,1,1,0,0,0,0,0,0.5,0.5,0.6,1.1,13,2,20,0.0,0.34,0.34,0.0,0.34,0.16,0.2,0.36,0.16,0.36,Matches,LuFWsk271996
171,Kai Havertz,FW/MF,de Germany,24,1999,5,5,389,4.3,2,1,3,0,2,2,0,0,4.1,2.5,0.3,2.8,12,11,38,0.46,0.23,0.69,0.0,0.23,0.95,0.06,1.01,0.59,0.65,Matches,KaFWde241999
172,Jack Hendry,DF,sct Scotland,28,1995,3,3,261,2.9,0,0,0,0,0,0,0,0,0.0,0.0,0.0,0.0,1,6,2,0.0,0.0,0.0,0.0,0.0,0.01,0.0,0.01,0.01,0.01,Matches,JaDFsc281995
173,Benjamin Henrichs,DF,de Germany,26,1997,1,0,10,0.1,0,0,0,0,0,0,0,0,0.0,0.0,0.0,0.0,1,2,1,0.0,0.0,0.0,0.0,0.0,0.17,0.0,0.17,0.17,0.17,Matches,BeDFde261997
174,Theo Hernández,DF,fr France,26,1997,6,6,570,6.3,0,0,0,0,0,0,0,0,0.4,0.4,1.0,1.4,22,38,63,0.0,0.0,0.0,0.0,0.0,0.06,0.17,0.24,0.06,0.24,Matches,ThDFfr261997
175,Morten Hjulmand,MF,dk Denmark,24,1999,3,3,245,2.7,1,0,1,1,0,0,2,0,0.1,0.1,0.1,0.2,1,18,7,0.37,0.0,0.37,0.37,0.37,0.05,0.02,0.07,0.05,0.07,Matches,MoMFdk241999
176,Adam Hložek,MF,cz Czechia,21,2002,2,2,108,1.2,0,0,0,0,0,0,0,0,0.5,0.5,0.0,0.5,1,1,3,0.0,0.0,0.0,0.0,0.0,0.46,0.0,0.46,0.46,0.46,Matches,AdMFcz212002
177,Tomáš Holeš,DF,cz Czechia,30,1993,3,3,269,3.0,0,0,0,0,0,0,1,0,0.0,0.0,0.0,0.1,1,8,0,0.0,0.0,0.0,0.0,0.0,0.01,0.02,0.02,0.01,0.02,Matches,ToDFcz301993
178,Arbër Hoxha,FW/MF,al Albania,25,1998,3,0,50,0.6,0,0,0,0,0,0,1,0,0.1,0.1,0.0,0.1,7,1,3,0.0,0.0,0.0,0.0,0.0,0.17,0.08,0.25,0.17,0.25,Matches,ArFWal251998
179,Robin Hranáč,DF,cz Czechia,24,2000,3,3,270,3.0,0,1,1,0,0,0,0,0,0.3,0.3,0.5,0.8,1,8,1,0.0,0.33,0.33,0.0,0.33,0.11,0.16,0.27,0.11,0.27,Matches,RoDFcz242000
180,Elseid Hysaj,DF,al Albania,29,1994,2,2,180,2.0,0,0,0,0,0,0,1,0,0.1,0.1,0.1,0.2,0,5,2,0.0,0.0,0.0,0.0,0.0,0.04,0.07,0.11,0.04,0.11,Matches,ElDFal291994
181,Pierre Højbjerg,MF,dk Denmark,28,1995,4,4,353,3.9,0,0,0,0,0,0,0,0,0.2,0.2,0.3,0.5,7,33,13,0.0,0.0,0.0,0.0,0.0,0.05,0.06,0.12,0.05,0.12,Matches,PiMFdk281995
182,Rasmus Højlund,FW,dk Denmark,20,2003,4,4,286,3.2,0,0,0,0,0,0,0,0,0.7,0.7,0.1,0.8,6,3,28,0.0,0.0,0.0,0.0,0.0,0.21,0.04,0.25,0.21,0.25,Matches,RaFWdk202003
183,Ivan Ilić,MF,rs Serbia,22,2001,3,2,201,2.2,0,1,1,0,0,0,0,0,0.0,0.0,0.3,0.4,3,13,6,0.0,0.45,0.45,0.0,0.45,0.02,0.15,0.17,0.02,0.17,Matches,IvMFrs222001
184,Josip Iličić,FW/MF,si Slovenia,36,1988,2,0,31,0.3,0,0,0,0,0,0,0,0,0.0,0.0,0.0,0.0,0,0,0,0.0,0.0,0.0,0.0,0.0,0.25,0.0,0.25,0.25,0.25,Matches,JoFWsi361988
185,Gonçalo Inácio,DF,pt Portugal,22,2001,2,1,118,1.3,0,0,0,0,0,0,0,0,0.1,0.1,0.0,0.1,9,25,2,0.0,0.0,0.0,0.0,0.0,0.07,0.0,0.07,0.07,0.07,Matches,GoDFpt222001
186,Luka Ivanušec,MF,hr Croatia,25,1998,1,0,21,0.2,0,0,0,0,0,0,1,0,0.0,0.0,0.0,0.0,0,0,0,0.0,0.0,0.0,0.0,0.0,0.0,0.0,0.0,0.0,0.0,Matches,LuMFhr251998
187,Erik Janža,DF,si Slovenia,30,1993,3,3,269,3.0,1,0,1,1,0,0,2,0,0.0,0.0,0.6,0.6,3,11,5,0.33,0.0,0.33,0.33,0.33,0.01,0.19,0.21,0.01,0.21,Matches,ErDFsi301993
188,Jorginho,MF,it Italy,32,1991,3,3,215,2.4,0,0,0,0,0,0,0,0,0.0,0.0,0.0,0.0,1,18,4,0.0,0.0,0.0,0.0,0.0,0.0,0.01,0.01,0.0,0.01,Matches,JoMFit321991
189,Joselu,FW,es Spain,33,1990,2,1,90,1.0,0,0,0,0,0,0,0,0,0.2,0.2,0.0,0.2,1,0,1,0.0,0.0,0.0,0.0,0.0,0.24,0.0,0.24,0.24,0.24,Matches,JoFWes331990
190,Diogo Jota,FW/MF,pt Portugal,27,1996,3,0,100,1.1,0,0,0,0,0,0,0,0,0.7,0.7,0.3,1.0,6,2,13,0.0,0.0,0.0,0.0,0.0,0.86,0.4,1.26,0.86,1.26,Matches,DiFWpt271996
191,Luka Jović,MF/FW,rs Serbia,26,1997,3,0,102,1.1,1,0,1,1,0,0,1,0,0.2,0.2,0.0,0.2,1,1,3,0.88,0.0,0.88,0.88,0.88,0.17,0.04,0.2,0.17,0.2,Matches,LuMFrs261997
192,Josip Juranović,DF,hr Croatia,28,1995,2,1,91,1.0,0,0,0,0,0,0,0,0,0.0,0.0,0.2,0.2,1,3,10,0.0,0.0,0.0,0.0,0.0,0.0,0.15,0.15,0.0,0.15,Matches,JoDFhr281995
193,David Jurásek,DF,cz Czechia,23,2000,2,2,160,1.8,0,0,0,0,0,0,1,0,0.3,0.3,0.4,0.6,0,2,16,0.0,0.0,0.0,0.0,0.0,0.15,0.21,0.36,0.15,0.36,Matches,DaDFcz232000
194,Matěj Jurásek,DF/MF,cz Czechia,20,2003,2,0,46,0.5,0,0,0,0,0,0,0,0,0.1,0.1,0.0,0.1,6,2,13,0.0,0.0,0.0,0.0,0.0,0.17,0.08,0.25,0.17,0.25,Matches,MaDFcz202003
195,Ferdi Kadioglu,DF/MF,tr Türkiye,24,1999,5,5,450,5.0,0,0,0,0,0,0,0,0,0.1,0.1,0.9,0.9,22,24,21,0.0,0.0,0.0,0.0,0.0,0.01,0.17,0.19,0.01,0.19,Matches,FeDFtr241999
196,İrfan Kahveci,FW,tr Türkiye,28,1995,1,0,8,0.1,0,0,0,0,0,0,0,0,0.0,0.0,0.0,0.0,0,0,0,0.0,0.0,0.0,0.0,0.0,0.0,0.0,0.0,0.0,0.0,Matches,İrFWtr281995
197,Otar Kakabadze,DF/MF,ge Georgia,28,1995,4,4,360,4.0,0,0,0,0,0,0,0,0,0.0,0.0,0.6,0.6,3,12,9,0.0,0.0,0.0,0.0,0.0,0.0,0.15,0.16,0.0,0.16,Matches,OtDFge281995
198,Harry Kane,FW,eng England,30,1993,7,7,601,6.7,3,0,3,2,1,1,2,0,2.8,2.1,0.3,2.3,3,18,18,0.45,0.0,0.45,0.3,0.3,0.42,0.04,0.46,0.31,0.35,Matches,HaFWen301993
199,N'Golo Kanté,MF,fr France,32,1991,6,6,511,5.7,0,0,0,0,0,0,0,0,0.1,0.1,1.4,1.5,16,44,19,0.0,0.0,0.0,0.0,0.0,0.03,0.26,0.29,0.03,0.29,Matches,N'MFfr321991
200,Žan Karničnik,DF,si Slovenia,29,1994,4,4,390,4.3,1,0,1,1,0,0,1,0,0.5,0.5,0.0,0.5,8,7,10,0.23,0.0,0.23,0.23,0.23,0.13,0.0,0.13,0.13,0.13,Matches,ŽaDFsi291994
201,Guram Kashia,DF,ge Georgia,36,1987,4,4,360,4.0,0,0,0,0,0,0,1,0,0.0,0.0,0.0,0.0,0,2,0,0.0,0.0,0.0,0.0,0.0,0.0,0.0,0.0,0.0,0.0,Matches,GuDFge361987
202,Milos Kerkez,DF,hu Hungary,20,2003,3,3,237,2.6,0,0,0,0,0,0,0,0,0.0,0.0,0.1,0.1,9,5,9,0.0,0.0,0.0,0.0,0.0,0.0,0.02,0.02,0.0,0.02,Matches,MiDFhu202003
203,Semih Kılıçsoy,FW,tr Türkiye,18,2005,1,0,2,0.0,0,0,0,0,0,0,0,0,0.2,0.2,0.0,0.2,0,0,1,0.0,0.0,0.0,0.0,0.0,9.23,0.0,9.23,9.23,9.23,Matches,SeFWtr182005
204,Joshua Kimmich,DF,de Germany,28,1995,5,5,480,5.3,0,2,2,0,0,0,0,0,0.4,0.4,1.4,1.8,14,39,52,0.0,0.37,0.37,0.0,0.37,0.08,0.27,0.35,0.08,0.35,Matches,JoDFde281995
205,Otar Kiteishvili,MF,ge Georgia,27,1996,2,2,130,1.4,0,0,0,0,0,0,0,0,0.0,0.0,0.0,0.0,1,2,0,0.0,0.0,0.0,0.0,0.0,0.0,0.03,0.03,0.0,0.03,Matches,OtMFge271996
206,Jakub Kiwior,DF,pl Poland,23,2000,3,3,270,3.0,0,0,0,0,0,0,0,0,0.1,0.1,0.2,0.4,2,4,5,0.0,0.0,0.0,0.0,0.0,0.05,0.07,0.12,0.05,0.12,Matches,JaDFpl232000
207,László Kleinheisler,MF,hu Hungary,29,1994,2,0,51,0.6,0,0,0,0,0,0,1,0,0.0,0.0,0.0,0.0,0,2,1,0.0,0.0,0.0,0.0,0.0,0.0,0.0,0.0,0.0,0.0,Matches,LáMFhu291994
208,Giorgi Kochorashvili,MF,ge Georgia,24,1999,4,4,360,4.0,0,1,1,0,0,0,1,0,0.3,0.3,0.4,0.7,4,18,4,0.0,0.25,0.25,0.0,0.25,0.08,0.09,0.17,0.08,0.17,Matches,GiMFge241999
209,Orkun Kökçü,MF,tr Türkiye,23,2000,4,3,221,2.5,0,2,2,0,0,0,2,0,1.0,1.0,1.1,2.1,7,11,10,0.0,0.81,0.81,0.0,0.81,0.4,0.47,0.87,0.4,0.87,Matches,OrMFtr232000
210,Randal Kolo Muani,FW,fr France,25,1998,5,2,201,2.2,1,0,1,1,0,0,0,0,0.8,0.8,0.0,0.8,4,2,13,0.45,0.0,0.45,0.45,0.45,0.34,0.01,0.35,0.34,0.35,Matches,RaFWfr251998
211,Yukhym Konoplia,DF,ua Ukraine,24,1999,1,1,71,0.8,0,0,0,0,0,0,1,0,0.0,0.0,0.0,0.0,3,3,10,0.0,0.0,0.0,0.0,0.0,0.0,0.0,0.0,0.0,0.0,Matches,YuDFua241999
212,Ezri Konsa,DF,eng England,26,1997,3,1,93,1.0,0,0,0,0,0,0,0,0,0.0,0.0,0.0,0.0,0,2,0,0.0,0.0,0.0,0.0,0.0,0.0,0.0,0.0,0.0,0.0,Matches,EzDFen261997
213,Filip Kostić,DF,rs Serbia,31,1992,1,1,42,0.5,0,0,0,0,0,0,0,0,0.0,0.0,0.0,0.0,0,0,3,0.0,0.0,0.0,0.0,0.0,0.0,0.0,0.0,0.0,0.0,Matches,FiDFrs311992
214,Jules Koundé,DF,fr France,25,1998,6,6,570,6.3,0,0,0,0,0,0,0,0,0.2,0.2,0.9,1.0,14,36,41,0.0,0.0,0.0,0.0,0.0,0.03,0.15,0.17,0.03,0.17,Matches,JuDFfr251998
215,Mateo Kovačić,MF,hr Croatia,29,1994,3,3,223,2.5,0,0,0,0,0,0,0,0,0.5,0.5,0.1,0.6,12,11,4,0.0,0.0,0.0,0.0,0.0,0.21,0.06,0.26,0.21,0.26,Matches,MaMFhr291994
216,Matej Kovar,GK,cz Czechia,23,2000,1,0,36,0.4,0,0,0,0,0,0,0,0,0.0,0.0,0.0,0.0,0,0,0,0.0,0.0,0.0,0.0,0.0,0.0,0.0,0.0,0.0,0.0,Matches,MaGKcz232000
217,Andrej Kramarić,FW,hr Croatia,32,1991,3,3,243,2.7,1,0,1,1,0,0,0,0,0.7,0.7,0.2,0.9,5,7,32,0.37,0.0,0.37,0.37,0.37,0.28,0.07,0.35,0.28,0.35,Matches,AnFWhr321991
218,Ladislav Krejčí,DF,cz Czechia,24,1999,3,3,270,3.0,0,0,0,0,0,0,1,0,0.3,0.3,0.0,0.4,6,19,0,0.0,0.0,0.0,0.0,0.0,0.11,0.01,0.13,0.11,0.13,Matches,LaDFcz241999
219,Toni Kroos,MF,de Germany,34,1990,5,5,469,5.2,0,0,0,0,0,0,1,0,0.2,0.2,0.8,1.0,2,67,7,0.0,0.0,0.0,0.0,0.0,0.03,0.16,0.2,0.03,0.2,Matches,ToMFde341990
220,Jan Kuchta,FW,cz Czechia,27,1997,2,1,95,1.1,0,0,0,0,0,0,0,0,0.0,0.0,0.0,0.0,0,3,2,0.0,0.0,0.0,0.0,0.0,0.0,0.0,0.0,0.0,0.0,Matches,JaFWcz271997
221,Juraj Kucka,MF,sk Slovakia,36,1987,4,4,350,3.9,0,1,1,0,0,0,1,0,0.4,0.4,0.5,0.9,3,6,10,0.0,0.26,0.26,0.0,0.26,0.11,0.12,0.23,0.11,0.23,Matches,JuMFsk361987
222,Jasmin Kurtić,FW,si Slovenia,35,1989,1,0,1,0.0,0,0,0,0,0,0,0,0,0.0,0.0,0.0,0.0,0,0,0,0.0,0.0,0.0,0.0,0.0,0.0,0.0,0.0,0.0,0.0,Matches,JaFWsi351989
223,Khvicha Kvaratskhelia,FW,ge Georgia,22,2001,4,4,342,3.8,1,0,1,1,0,0,0,0,1.0,1.0,0.6,1.6,16,10,19,0.26,0.0,0.26,0.26,0.26,0.26,0.16,0.42,0.26,0.42,Matches,KhFWge222001
224,Nika Kvekveskiri,MF,ge Georgia,31,1992,1,0,12,0.1,0,0,0,0,0,0,0,0,0.0,0.0,0.0,0.0,0,0,1,0.0,0.0,0.0,0.0,0.0,0.0,0.0,0.0,0.0,0.0,Matches,NiMFge311992
225,Giorgi Kvilitaia,FW,ge Georgia,30,1993,1,0,3,0.0,0,0,0,0,0,0,0,0,0.0,0.0,0.0,0.0,0,0,0,0.0,0.0,0.0,0.0,0.0,0.0,0.0,0.0,0.0,0.0,Matches,GiFWge301993
226,Saba Kvirkvelia,DF,ge Georgia,31,1992,3,2,180,2.0,0,0,0,0,0,0,1,0,0.0,0.0,0.0,0.0,0,5,1,0.0,0.0,0.0,0.0,0.0,0.0,0.0,0.0,0.0,0.0,Matches,SaDFge311992
227,Qazim Laçi,MF/FW,al Albania,28,1996,3,2,163,1.8,1,0,1,1,0,0,0,0,0.3,0.3,0.1,0.4,2,4,9,0.55,0.0,0.55,0.55,0.55,0.18,0.04,0.22,0.18,0.22,Matches,QaMFal281996
228,Konrad Laimer,MF/FW,at Austria,26,1997,4,3,270,3.0,0,0,0,0,0,0,1,0,0.5,0.5,0.0,0.6,7,17,10,0.0,0.0,0.0,0.0,0.0,0.18,0.01,0.18,0.18,0.18,Matches,KoMFat261997
229,Ádám Lang,DF,hu Hungary,31,1993,1,1,45,0.5,0,0,0,0,0,0,0,0,0.0,0.0,0.0,0.0,0,2,0,0.0,0.0,0.0,0.0,0.0,0.0,0.0,0.0,0.0,0.0,Matches,ÁdDFhu311993
230,Aymeric Laporte,DF,es Spain,29,1994,6,6,525,5.8,0,0,0,0,0,0,0,0,0.2,0.2,0.1,0.3,14,46,1,0.0,0.0,0.0,0.0,0.0,0.04,0.02,0.06,0.04,0.06,Matches,AyDFes291994
231,Robin Le Normand,DF,es Spain,27,1996,6,5,442,4.9,0,0,0,0,0,0,2,0,0.3,0.3,0.0,0.4,3,19,1,0.0,0.0,0.0,0.0,0.0,0.07,0.01,0.08,0.07,0.08,Matches,RoDFes271996
232,Rafael Leão,FW,pt Portugal,24,1999,4,4,287,3.2,0,0,0,0,0,0,2,0,0.2,0.2,0.5,0.7,28,13,32,0.0,0.0,0.0,0.0,0.0,0.06,0.15,0.21,0.06,0.21,Matches,RaFWpt241999
233,Robert Lewandowski,FW,pl Poland,35,1988,2,1,121,1.3,1,0,1,0,1,1,1,0,1.0,0.2,0.1,0.2,0,2,5,0.74,0.0,0.74,0.0,0.0,0.71,0.05,0.76,0.12,0.17,Matches,RoFWpl351988
234,Philipp Lienhart,DF,at Austria,27,1996,3,3,214,2.4,0,0,0,0,0,0,1,0,0.3,0.3,0.0,0.3,2,8,0,0.0,0.0,0.0,0.0,0.0,0.11,0.0,0.11,0.11,0.11,Matches,PhDFat271996
235,Ondřej Lingr,MF/FW,cz Czechia,25,1998,3,0,83,0.9,0,0,0,0,0,0,0,0,0.5,0.5,0.0,0.5,1,2,6,0.0,0.0,0.0,0.0,0.0,0.51,0.0,0.51,0.51,0.51,Matches,OnMFcz251998
236,Dominik Livaković,GK,hr Croatia,29,1995,3,3,270,3.0,0,0,0,0,0,0,0,0,0.0,0.0,0.0,0.0,0,0,0,0.0,0.0,0.0,0.0,0.0,0.0,0.0,0.0,0.0,0.0,Matches,DoGKhr291995
237,Stanislav Lobotka,MF,sk Slovakia,29,1994,4,4,390,4.3,0,0,0,0,0,0,0,0,0.0,0.0,0.1,0.1,8,17,1,0.0,0.0,0.0,0.0,0.0,0.01,0.03,0.03,0.01,0.03,Matches,StMFsk291994
238,Saba Lobzhanidze,FW,ge Georgia,29,1994,1,0,9,0.1,0,0,0,0,0,0,0,0,0.2,0.2,0.0,0.2,1,0,2,0.0,0.0,0.0,0.0,0.0,1.82,0.0,1.82,1.82,1.82,Matches,SaFWge291994
239,Luka Lochoshvili,DF/MF,ge Georgia,25,1998,4,2,170,1.9,0,0,0,0,0,0,0,0,0.1,0.1,0.0,0.1,1,1,2,0.0,0.0,0.0,0.0,0.0,0.03,0.0,0.03,0.03,0.03,Matches,LuDFge251998
240,Fermin López,MF,es Spain,20,2003,1,0,29,0.3,0,0,0,0,0,0,0,0,0.1,0.1,0.0,0.1,0,1,1,0.0,0.0,0.0,0.0,0.0,0.17,0.0,0.17,0.17,0.17,Matches,FeMFes202003
241,Romelu Lukaku,FW,be Belgium,30,1993,4,4,359,4.0,0,1,1,0,0,0,0,0,1.7,1.7,0.2,1.9,6,3,19,0.0,0.25,0.25,0.0,0.25,0.42,0.06,0.48,0.42,0.48,Matches,RoFWbe301993
242,Dodi Lukebakio,FW/DF,be Belgium,26,1997,3,1,65,0.7,0,0,0,0,0,0,2,0,0.2,0.2,0.1,0.4,3,1,13,0.0,0.0,0.0,0.0,0.0,0.33,0.19,0.52,0.33,0.52,Matches,DoFWbe261997
243,Saša Lukić,MF,rs Serbia,27,1996,3,3,209,2.3,0,0,0,0,0,0,1,0,0.1,0.1,0.0,0.1,5,5,7,0.0,0.0,0.0,0.0,0.0,0.04,0.0,0.04,0.04,0.04,Matches,SaMFrs271996
244,Andriy Lunin,GK,ua Ukraine,24,1999,1,1,90,1.0,0,0,0,0,0,0,0,0,0.0,0.0,0.0,0.0,0,0,0,0.0,0.0,0.0,0.0,0.0,0.0,0.0,0.0,0.0,0.0,Matches,AnGKua241999
245,Mike Maignan,GK,fr France,28,1995,6,6,570,6.3,0,0,0,0,0,0,0,0,0.0,0.0,0.0,0.0,0,0,0,0.0,0.0,0.0,0.0,0.0,0.0,0.0,0.0,0.0,0.0,Matches,MiGKfr281995
246,Kobbie Mainoo,MF,eng England,18,2005,6,4,368,4.1,0,0,0,0,0,0,1,0,0.3,0.3,0.0,0.3,6,13,13,0.0,0.0,0.0,0.0,0.0,0.07,0.01,0.08,0.07,0.08,Matches,KoMFen182005
247,Lovro Majer,FW/MF,hr Croatia,26,1998,3,2,146,1.6,0,0,0,0,0,0,0,0,0.2,0.2,0.3,0.5,4,11,10,0.0,0.0,0.0,0.0,0.0,0.11,0.2,0.31,0.11,0.31,Matches,LoFWhr261998
248,Donyell Malen,FW,nl Netherlands,25,1999,4,2,190,2.1,2,0,2,2,0,0,1,0,1.9,1.9,0.2,2.1,12,7,24,0.95,0.0,0.95,0.95,0.95,0.89,0.11,1.0,0.89,1.0,Matches,DoFWnl251999
249,Ruslan Malinovskyi,MF,ua Ukraine,30,1993,3,0,35,0.4,0,0,0,0,0,0,0,0,0.1,0.1,0.3,0.3,1,4,0,0.0,0.0,0.0,0.0,0.0,0.19,0.71,0.9,0.19,0.9,Matches,RuMFua301993
250,Giorgi Mamardashvili,GK,ge Georgia,23,2000,4,4,360,4.0,0,0,0,0,0,0,0,0,0.0,0.0,0.0,0.0,0,0,0,0.0,0.0,0.0,0.0,0.0,0.0,0.0,0.0,0.0,0.0,Matches,GiGKge232000
251,Dennis Man,MF,ro Romania,25,1998,4,3,266,3.0,0,2,2,0,0,0,0,0,0.3,0.3,1.0,1.3,5,5,19,0.0,0.68,0.68,0.0,0.68,0.11,0.32,0.43,0.11,0.43,Matches,DeMFro251998
252,Rey Manaj,FW,al Albania,26,1997,3,2,156,1.7,0,0,0,0,0,0,0,0,0.4,0.4,0.0,0.4,0,0,4,0.0,0.0,0.0,0.0,0.0,0.21,0.0,0.21,0.21,0.21,Matches,ReFWal261997
253,Gianluca Mancini,DF,it Italy,27,1996,1,1,90,1.0,0,0,0,0,0,0,1,0,0.0,0.0,0.0,0.0,2,0,0,0.0,0.0,0.0,0.0,0.0,0.0,0.0,0.0,0.0,0.0,Matches,GiDFit271996
254,Orel Mangala,MF,be Belgium,25,1998,4,1,133,1.5,0,0,0,0,0,0,2,0,0.0,0.0,0.2,0.2,0,6,2,0.0,0.0,0.0,0.0,0.0,0.0,0.12,0.12,0.0,0.12,Matches,OrMFbe251998
255,Marius Marin,MF,ro Romania,25,1998,4,4,302,3.4,0,0,0,0,0,0,2,0,0.0,0.0,0.2,0.2,0,6,2,0.0,0.0,0.0,0.0,0.0,0.0,0.06,0.06,0.0,0.06,Matches,MaMFro251998
256,Răzvan Marin,MF,ro Romania,27,1996,4,4,355,3.9,2,0,2,1,1,1,1,0,0.9,0.1,0.1,0.2,3,11,5,0.51,0.0,0.51,0.25,0.25,0.24,0.01,0.25,0.04,0.05,Matches,RăMFro271996
257,Ádám Martin,FW/DF,hu Hungary,29,1994,3,0,45,0.5,0,0,0,0,0,0,0,0,0.0,0.0,0.1,0.1,0,0,2,0.0,0.0,0.0,0.0,0.0,0.0,0.18,0.18,0.0,0.18,Matches,ÁdFWhu291994
258,Mykola Matviyenko,DF,ua Ukraine,27,1996,3,3,270,3.0,0,0,0,0,0,0,0,0,0.0,0.0,0.2,0.2,7,11,1,0.0,0.0,0.0,0.0,0.0,0.0,0.07,0.07,0.0,0.07,Matches,MyDFua271996
259,Kylian Mbappé,FW,fr France,25,1998,5,5,464,5.2,1,1,2,0,1,1,1,0,2.9,2.1,0.7,2.8,28,27,55,0.19,0.19,0.39,0.0,0.19,0.57,0.13,0.69,0.41,0.54,Matches,KyFWfr251998
260,John McGinn,MF/FW,sct Scotland,29,1994,3,3,230,2.6,0,0,0,0,0,0,1,0,0.0,0.0,0.0,0.0,2,4,9,0.0,0.0,0.0,0.0,0.0,0.0,0.0,0.0,0.0,0.0,Matches,JoMFsc291994
261,Callum McGregor,MF,sct Scotland,30,1993,3,3,246,2.7,0,1,1,0,0,0,0,0,0.1,0.1,0.1,0.3,0,5,3,0.0,0.37,0.37,0.0,0.37,0.05,0.05,0.1,0.05,0.1,Matches,CaMFsc301993
262,Scott McKenna,DF,sct Scotland,27,1996,3,1,134,1.5,0,0,0,0,0,0,1,0,0.0,0.0,0.0,0.0,0,1,3,0.0,0.0,0.0,0.0,0.0,0.02,0.0,0.02,0.02,0.02,Matches,ScDFsc271996
263,Kenny McLean,MF,sct Scotland,32,1992,3,0,44,0.5,0,0,0,0,0,0,0,0,0.0,0.0,0.0,0.0,0,2,1,0.0,0.0,0.0,0.0,0.0,0.03,0.0,0.03,0.03,0.03,Matches,KeMFsc321992
264,Scott McTominay,MF,sct Scotland,27,1996,3,3,270,3.0,1,0,1,1,0,0,2,0,0.3,0.3,0.1,0.4,2,4,4,0.33,0.0,0.33,0.33,0.33,0.1,0.04,0.14,0.1,0.14,Matches,ScMFsc271996
265,Anzor Mekvabishvili,MF,ge Georgia,22,2001,3,2,188,2.1,0,0,0,0,0,0,2,0,0.1,0.1,0.0,0.1,2,8,4,0.0,0.0,0.0,0.0,0.0,0.06,0.0,0.06,0.06,0.06,Matches,AnMFge222001
266,Memphis,FW/MF,nl Netherlands,29,1994,6,6,457,5.1,1,1,2,1,0,0,0,0,2.0,2.0,1.2,3.1,6,13,30,0.2,0.2,0.39,0.2,0.39,0.39,0.23,0.62,0.39,0.62,Matches,MeFWnl291994
267,Nuno Mendes,DF,pt Portugal,21,2002,4,4,419,4.7,0,0,0,0,0,0,0,0,0.2,0.2,0.0,0.2,11,31,25,0.0,0.0,0.0,0.0,0.0,0.05,0.01,0.06,0.05,0.06,Matches,NuDFpt212002
268,Mikel Merino,MF/FW,es Spain,27,1996,7,1,182,2.0,1,0,1,1,0,0,0,0,0.6,0.6,0.4,1.0,2,17,13,0.49,0.0,0.49,0.49,0.49,0.35,0.26,0.61,0.35,0.61,Matches,MiMFes271996
269,Valentin Mihaila,MF,ro Romania,23,2000,3,1,115,1.3,0,0,0,0,0,0,0,0,0.1,0.1,0.0,0.1,0,2,5,0.0,0.0,0.0,0.0,0.0,0.09,0.0,0.09,0.09,0.09,Matches,VaMFro232000
270,Srđan Mijailović,DF,rs Serbia,30,1993,1,1,72,0.8,0,0,0,0,0,0,0,0,0.0,0.0,0.0,0.0,1,0,2,0.0,0.0,0.0,0.0,0.0,0.0,0.0,0.0,0.0,0.0,Matches,SrDFrs301993
271,Georges Mikautadze,FW,ge Georgia,23,2000,4,4,345,3.8,3,1,4,1,2,2,0,0,2.3,0.7,0.5,1.2,4,7,16,0.78,0.26,1.04,0.26,0.52,0.59,0.13,0.71,0.18,0.3,Matches,GeFWge232000
272,Nikola Milenković,DF,rs Serbia,26,1997,3,3,270,3.0,0,0,0,0,0,0,1,0,0.0,0.0,0.0,0.0,2,9,0,0.0,0.0,0.0,0.0,0.0,0.0,0.01,0.01,0.0,0.01,Matches,NiDFrs261997
273,Sergej Milinković-Savić,MF,rs Serbia,28,1995,3,1,121,1.3,0,0,0,0,0,0,0,0,0.2,0.2,0.1,0.3,3,7,7,0.0,0.0,0.0,0.0,0.0,0.18,0.05,0.23,0.18,0.23,Matches,SeMFrs281995
274,Mario Mitaj,DF,al Albania,20,2003,3,3,270,3.0,0,0,0,0,0,0,0,0,0.0,0.0,0.0,0.0,0,6,4,0.0,0.0,0.0,0.0,0.0,0.01,0.0,0.01,0.01,0.01,Matches,MaDFal202003
275,Aleksandar Mitrović,FW,rs Serbia,29,1994,3,3,240,2.7,0,0,0,0,0,0,1,0,1.2,1.2,0.0,1.2,0,2,10,0.0,0.0,0.0,0.0,0.0,0.44,0.0,0.44,0.44,0.44,Matches,AlFWrs291994
276,Maximilian Mittelstädt,DF,de Germany,26,1997,4,3,304,3.4,0,1,1,0,0,0,2,0,0.1,0.1,0.4,0.6,8,10,39,0.0,0.3,0.3,0.0,0.3,0.04,0.14,0.18,0.04,0.18,Matches,MaDFde261997
277,Filip Mladenović,DF,rs Serbia,32,1991,3,1,111,1.2,0,0,0,0,0,0,1,0,0.0,0.0,0.0,0.0,2,2,9,0.0,0.0,0.0,0.0,0.0,0.0,0.01,0.01,0.0,0.01,Matches,FiDFrs321991
278,Jan Mlakar,MF,si Slovenia,25,1998,4,4,295,3.3,0,0,0,0,0,0,0,0,0.1,0.1,0.0,0.1,4,6,5,0.0,0.0,0.0,0.0,0.0,0.04,0.01,0.04,0.04,0.04,Matches,JaMFsi251998
279,Jakub Moder,MF,pl Poland,24,1999,3,1,180,2.0,0,0,0,0,0,0,1,0,0.6,0.6,0.0,0.6,2,8,4,0.0,0.0,0.0,0.0,0.0,0.32,0.0,0.32,0.32,0.32,Matches,JaMFpl241999
280,Luka Modrić,MF,hr Croatia,38,1985,3,3,233,2.6,1,0,1,1,0,1,1,0,1.0,0.1,0.6,0.7,11,21,8,0.39,0.0,0.39,0.39,0.39,0.37,0.25,0.62,0.03,0.28,Matches,LuMFhr381985
281,Vasile Mogos,DF,ro Romania,31,1992,1,1,37,0.4,0,0,0,0,0,0,0,0,0.0,0.0,0.0,0.0,0,1,1,0.0,0.0,0.0,0.0,0.0,0.0,0.0,0.0,0.0,0.0,Matches,VaDFro311992
282,Álvaro Morata,FW,es Spain,31,1992,7,6,449,5.0,1,1,2,1,0,0,2,0,1.4,1.4,0.5,1.9,4,6,28,0.2,0.2,0.4,0.2,0.4,0.28,0.1,0.37,0.28,0.37,Matches,ÁlFWes311992
283,Lewis Morgan,DF,sct Scotland,27,1996,1,0,2,0.0,0,0,0,0,0,0,0,0,0.0,0.0,0.0,0.0,1,0,1,0.0,0.0,0.0,0.0,0.0,1.79,0.0,1.79,1.79,1.79,Matches,LeDFsc271996
284,Ernest Muçi,FW,al Albania,22,2001,2,0,14,0.2,0,0,0,0,0,0,0,0,0.0,0.0,0.0,0.0,0,0,1,0.0,0.0,0.0,0.0,0.0,0.0,0.0,0.0,0.0,0.0,Matches,ErFWal222001
285,Mykhailo Mudryk,FW/MF,ua Ukraine,23,2001,2,2,174,1.9,0,0,0,0,0,0,0,0,0.4,0.4,0.4,0.9,11,7,16,0.0,0.0,0.0,0.0,0.0,0.23,0.22,0.44,0.23,0.44,Matches,MyFWua232001
286,Mert Müldür,DF/MF,tr Türkiye,24,1999,4,4,345,3.8,1,0,1,1,0,0,1,0,0.6,0.6,0.0,0.6,11,12,13,0.26,0.0,0.26,0.26,0.26,0.14,0.01,0.15,0.14,0.15,Matches,MeDFtr241999
287,Thomas Müller,MF/FW,de Germany,34,1989,2,0,58,0.6,0,1,1,0,0,0,0,0,0.4,0.4,0.3,0.7,2,3,8,0.0,1.55,1.55,0.0,1.55,1.19,0.99,2.17,1.19,2.17,Matches,ThMFde341989
288,Jamal Musiala,FW,de Germany,20,2003,5,5,419,4.7,3,0,3,3,0,0,0,0,1.0,1.0,0.2,1.3,28,22,34,0.64,0.0,0.64,0.64,0.64,0.24,0.05,0.29,0.24,0.29,Matches,JaFWde202003
289,Phillipp Mwene,DF,at Austria,30,1994,3,3,194,2.2,0,1,1,0,0,0,1,0,0.0,0.0,0.1,0.1,6,7,18,0.0,0.46,0.46,0.0,0.46,0.0,0.05,0.05,0.0,0.05,Matches,PhDFat301994
290,Vitaliy Mykolenko,DF,ua Ukraine,24,1999,1,1,57,0.6,0,0,0,0,0,0,0,0,0.0,0.0,0.1,0.1,1,1,6,0.0,0.0,0.0,0.0,0.0,0.0,0.18,0.18,0.0,0.18,Matches,ViDFua241999
291,Joakim Mæhle,DF/MF,dk Denmark,26,1997,4,3,283,3.1,0,0,0,0,0,0,2,0,0.1,0.1,0.4,0.5,12,10,21,0.0,0.0,0.0,0.0,0.0,0.04,0.12,0.16,0.04,0.16,Matches,JoDFdk261997
292,Nacho,DF,es Spain,34,1990,4,2,263,2.9,0,0,0,0,0,0,0,0,0.0,0.0,0.0,0.0,1,6,1,0.0,0.0,0.0,0.0,0.0,0.0,0.01,0.01,0.0,0.01,Matches,NaDFes341990
293,Ádám Nagy,MF,hu Hungary,28,1995,3,2,159,1.8,0,0,0,0,0,0,0,0,0.0,0.0,0.0,0.0,0,8,0,0.0,0.0,0.0,0.0,0.0,0.01,0.0,0.01,0.01,0.01,Matches,ÁdMFhu281995
294,Zsolt Nagy,DF,hu Hungary,30,1993,2,0,21,0.2,0,0,0,0,0,0,0,0,0.0,0.0,0.0,0.0,0,1,2,0.0,0.0,0.0,0.0,0.0,0.0,0.0,0.0,0.0,0.0,Matches,ZsDFhu301993
295,Jesús Navas,DF,es Spain,38,1985,3,2,157,1.7,0,0,0,0,0,0,1,0,0.0,0.0,0.2,0.2,6,0,11,0.0,0.0,0.0,0.0,0.0,0.0,0.12,0.12,0.0,0.12,Matches,JeDFes381985
296,Dan Ndoye,MF/DF,ch Switzerland,23,2000,5,5,407,4.5,1,0,1,1,0,0,1,0,1.6,1.6,0.1,1.7,20,9,31,0.22,0.0,0.22,0.22,0.22,0.34,0.03,0.37,0.34,0.37,Matches,DaMFch232000
297,Pedro Neto,DF/FW,pt Portugal,23,2000,3,1,120,1.3,0,0,0,0,0,0,1,0,0.0,0.0,0.0,0.0,16,5,19,0.0,0.0,0.0,0.0,0.0,0.0,0.01,0.01,0.0,0.01,Matches,PeDFpt232000
298,Manuel Neuer,GK,de Germany,37,1986,5,5,480,5.3,0,0,0,0,0,0,0,0,0.0,0.0,0.0,0.0,0,0,0,0.0,0.0,0.0,0.0,0.0,0.0,0.0,0.0,0.0,0.0,Matches,MaGKde371986
299,João Neves,MF,pt Portugal,19,2004,2,1,77,0.9,0,0,0,0,0,0,0,0,0.1,0.1,0.0,0.1,1,8,3,0.0,0.0,0.0,0.0,0.0,0.06,0.0,0.06,0.06,0.06,Matches,JoMFpt192004
300,Rúben Neves,MF,pt Portugal,26,1997,4,0,125,1.4,0,0,0,0,0,0,1,0,0.1,0.1,0.1,0.1,3,12,6,0.0,0.0,0.0,0.0,0.0,0.05,0.07,0.12,0.05,0.12,Matches,RúMFpt261997
301,Florin Niță,GK,ro Romania,36,1987,4,4,360,4.0,0,0,0,0,0,0,0,0,0.0,0.0,0.0,0.0,0,0,0,0.0,0.0,0.0,0.0,0.0,0.0,0.0,0.0,0.0,0.0,Matches,FlGKro361987
302,Matheus Nunes,MF,pt Portugal,25,1998,2,0,18,0.2,0,0,0,0,0,0,0,0,0.3,0.3,0.0,0.3,2,1,1,0.0,0.0,0.0,0.0,0.0,1.41,0.12,1.54,1.41,1.54,Matches,MaMFpt251998
303,Christian Nørgaard,MF,dk Denmark,29,1994,3,0,38,0.4,0,0,0,0,0,0,1,0,0.0,0.0,0.0,0.0,0,3,0,0.0,0.0,0.0,0.0,0.0,0.0,0.05,0.05,0.0,0.05,Matches,ChMFdk291994
304,Adam Obert,DF,sk Slovakia,21,2002,2,0,25,0.3,0,0,0,0,0,0,0,0,0.0,0.0,0.0,0.0,1,5,3,0.0,0.0,0.0,0.0,0.0,0.0,0.0,0.0,0.0,0.0,Matches,AdDFsk212002
305,Jan Oblak,GK,si Slovenia,31,1993,4,4,390,4.3,0,0,0,0,0,0,0,0,0.0,0.0,0.0,0.0,0,0,0,0.0,0.0,0.0,0.0,0.0,0.0,0.0,0.0,0.0,0.0,Matches,JaGKsi311993
306,Darius Olaru,MF,ro Romania,25,1998,2,0,26,0.3,0,0,0,0,0,0,0,0,0.0,0.0,0.0,0.0,0,3,1,0.0,0.0,0.0,0.0,0.0,0.0,0.0,0.0,0.0,0.0,Matches,DaMFro251998
307,Dani Olmo,MF/FW,es Spain,25,1998,6,3,432,4.8,3,2,5,3,0,0,1,0,1.7,1.7,1.3,3.0,21,21,32,0.62,0.42,1.04,0.62,1.04,0.38,0.29,0.68,0.38,0.68,Matches,DaMFes251998
308,Amadou Onana,MF,be Belgium,22,2001,4,4,360,4.0,0,0,0,0,0,0,0,0,0.1,0.1,0.0,0.1,4,17,1,0.0,0.0,0.0,0.0,0.0,0.03,0.0,0.03,0.03,0.03,Matches,AmMFbe222001
309,Loïs Openda,FW,be Belgium,23,2000,3,1,70,0.8,0,0,0,0,0,0,0,0,0.0,0.0,0.0,0.0,0,1,1,0.0,0.0,0.0,0.0,0.0,0.0,0.06,0.06,0.0,0.06,Matches,LoFWbe232000
310,Willi Orban,DF,hu Hungary,31,1992,3,3,270,3.0,0,0,0,0,0,0,1,0,0.6,0.6,0.1,0.7,0,7,2,0.0,0.0,0.0,0.0,0.0,0.2,0.05,0.24,0.2,0.24,Matches,WiDFhu311992
311,Mikel Oyarzabal,FW,es Spain,26,1997,7,1,201,2.2,1,1,2,1,0,0,0,0,0.9,0.9,0.6,1.6,4,9,22,0.45,0.45,0.9,0.45,0.9,0.49,0.33,0.82,0.49,0.82,Matches,MiFWes261997
312,Salih Özcan,MF,tr Türkiye,26,1998,4,2,155,1.7,0,0,0,0,0,0,1,0,0.0,0.0,0.0,0.0,1,3,2,0.0,0.0,0.0,0.0,0.0,0.02,0.0,0.02,0.02,0.02,Matches,SaMFtr261998
313,João Palhinha,MF,pt Portugal,28,1995,4,4,299,3.3,0,0,0,0,0,0,2,0,0.2,0.2,0.1,0.2,0,23,2,0.0,0.0,0.0,0.0,0.0,0.05,0.02,0.07,0.05,0.07,Matches,JoMFpt281995
314,Cole Palmer,MF/FW,eng England,21,2002,5,0,149,1.7,1,1,2,1,0,0,0,0,0.2,0.2,0.1,0.3,6,16,17,0.6,0.6,1.21,0.6,1.21,0.17,0.14,0.31,0.17,0.31,Matches,CoMFen212002
315,Mario Pašalić,FW/MF,hr Croatia,28,1995,3,1,116,1.3,0,0,0,0,0,0,0,0,0.4,0.4,0.0,0.4,2,5,7,0.0,0.0,0.0,0.0,0.0,0.29,0.0,0.29,0.29,0.29,Matches,MaFWhr281995
316,Strahinja Pavlović,DF,rs Serbia,22,2001,3,3,270,3.0,0,0,0,0,0,0,0,0,0.0,0.0,0.1,0.1,8,13,4,0.0,0.0,0.0,0.0,0.0,0.0,0.02,0.02,0.0,0.02,Matches,StDFrs222001
317,Pedri,MF,es Spain,21,2002,4,4,186,2.1,0,1,1,0,0,0,0,0,1.1,1.1,0.8,1.9,6,10,16,0.0,0.48,0.48,0.0,0.48,0.53,0.38,0.92,0.53,0.92,Matches,PeMFes212002
318,Peter Pekarík,DF,sk Slovakia,37,1986,4,4,377,4.2,0,0,0,0,0,0,1,0,0.7,0.7,0.2,0.9,7,10,9,0.0,0.0,0.0,0.0,0.0,0.16,0.06,0.22,0.16,0.22,Matches,PeDFsk371986
319,Lorenzo Pellegrini,FW/MF,it Italy,27,1996,4,3,218,2.4,0,1,1,0,0,0,1,0,0.5,0.5,0.5,1.0,10,8,14,0.0,0.41,0.41,0.0,0.41,0.22,0.19,0.41,0.22,0.41,Matches,LoFWit271996
320,Patrick Pentz,GK,at Austria,27,1997,4,4,360,4.0,0,0,0,0,0,0,0,0,0.0,0.0,0.0,0.0,0,1,0,0.0,0.0,0.0,0.0,0.0,0.0,0.0,0.0,0.0,0.0,Matches,PaGKat271997
321,Pepe,DF,pt Portugal,40,1983,4,4,408,4.5,0,0,0,0,0,0,0,0,0.0,0.0,0.0,0.1,2,17,0,0.0,0.0,0.0,0.0,0.0,0.01,0.01,0.01,0.01,0.01,Matches,PeDFpt401983
322,Danilo Pereira,DF,pt Portugal,32,1991,1,1,90,1.0,0,0,0,0,0,0,0,0,0.1,0.1,0.0,0.1,1,5,0,0.0,0.0,0.0,0.0,0.0,0.12,0.0,0.12,0.12,0.12,Matches,DaDFpt321991
323,Ayoze Pérez,FW,es Spain,30,1993,1,0,13,0.1,0,0,0,0,0,0,0,0,0.3,0.3,0.0,0.3,2,1,3,0.0,0.0,0.0,0.0,0.0,2.01,0.0,2.01,2.01,2.01,Matches,AyFWes301993
324,Ivan Perišić,DF/FW,hr Croatia,34,1989,3,1,139,1.5,0,0,0,0,0,0,0,0,0.1,0.1,0.4,0.5,8,4,17,0.0,0.0,0.0,0.0,0.0,0.07,0.24,0.31,0.07,0.31,Matches,IvDFhr341989
325,Bruno Petković,FW,hr Croatia,29,1994,2,1,87,1.0,0,0,0,0,0,1,0,0,1.1,0.3,0.1,0.4,2,4,2,0.0,0.0,0.0,0.0,0.0,1.11,0.08,1.2,0.3,0.38,Matches,BrFWhr291994
326,Krzysztof Piątek,FW,pl Poland,28,1995,1,1,59,0.7,1,0,1,1,0,0,0,0,0.5,0.5,0.0,0.5,0,0,2,1.53,0.0,1.53,1.53,1.53,0.82,0.0,0.82,0.82,0.82,Matches,KrFWpl281995
327,Jordan Pickford,GK,eng England,29,1994,7,7,690,7.7,0,0,0,0,0,0,0,0,0.0,0.0,0.0,0.0,0,1,0,0.0,0.0,0.0,0.0,0.0,0.0,0.0,0.0,0.0,0.0,Matches,JoGKen291994
328,Jakub Piotrowski,MF,pl Poland,26,1997,2,1,58,0.6,0,0,0,0,0,0,0,0,0.2,0.2,0.2,0.4,2,1,2,0.0,0.0,0.0,0.0,0.0,0.25,0.35,0.6,0.25,0.6,Matches,JaMFpl261997
329,Marin Pongračić,DF,hr Croatia,26,1997,2,2,180,2.0,0,0,0,0,0,0,1,0,0.0,0.0,0.0,0.0,0,3,0,0.0,0.0,0.0,0.0,0.0,0.0,0.0,0.0,0.0,0.0,Matches,MaDFhr261997
330,Ryan Porteous,DF,sct Scotland,24,1999,1,1,43,0.5,0,0,0,0,0,0,0,1,0.0,0.0,0.0,0.0,0,0,0,0.0,0.0,0.0,0.0,0.0,0.0,0.0,0.0,0.0,0.0,Matches,RyDFsc241999
331,Stefan Posch,DF,at Austria,26,1997,4,4,360,4.0,0,1,1,0,0,0,1,0,0.3,0.3,1.8,2.1,6,18,28,0.0,0.25,0.25,0.0,0.25,0.07,0.45,0.53,0.07,0.53,Matches,StDFat261997
332,Yussuf Poulsen,FW/MF,dk Denmark,29,1994,4,0,57,0.6,0,0,0,0,0,0,0,0,0.0,0.0,0.0,0.0,1,1,5,0.0,0.0,0.0,0.0,0.0,0.0,0.07,0.07,0.0,0.07,Matches,YuFWdk291994
333,Alexander Prass,DF,at Austria,22,2001,4,1,166,1.8,0,1,1,0,0,0,0,0,0.0,0.0,0.4,0.4,6,7,6,0.0,0.54,0.54,0.0,0.54,0.0,0.2,0.2,0.0,0.2,Matches,AlDFat222001
334,Lukáš Provod,MF,cz Czechia,27,1996,3,3,232,2.6,1,0,1,1,0,0,1,0,0.1,0.1,0.3,0.4,5,3,4,0.39,0.0,0.39,0.39,0.39,0.04,0.12,0.17,0.04,0.17,Matches,LuMFcz271996
335,George Pușcaș,FW,ro Romania,27,1996,2,0,40,0.4,0,0,0,0,0,0,1,0,0.0,0.0,0.0,0.0,0,0,1,0.0,0.0,0.0,0.0,0.0,0.0,0.0,0.0,0.0,0.0,Matches,GeFWro271996
336,Leopold Querfeld,DF,at Austria,20,2003,1,0,27,0.3,0,0,0,0,0,0,1,0,0.0,0.0,0.0,0.0,0,0,0,0.0,0.0,0.0,0.0,0.0,0.0,0.0,0.0,0.0,0.0,Matches,LeDFat202003
337,Adrien Rabiot,MF,fr France,28,1995,5,5,371,4.1,0,0,0,0,0,0,2,0,0.3,0.3,0.4,0.7,10,28,19,0.0,0.0,0.0,0.0,0.0,0.07,0.1,0.17,0.07,0.17,Matches,AdMFfr281995
338,Bogdan Racovitan,DF,ro Romania,23,2000,2,0,57,0.6,0,0,0,0,0,0,0,0,0.0,0.0,0.0,0.0,1,1,0,0.0,0.0,0.0,0.0,0.0,0.0,0.0,0.0,0.0,0.0,Matches,BoDFro232000
339,Predrag Rajković,GK,rs Serbia,28,1995,3,3,270,3.0,0,0,0,0,0,0,0,0,0.0,0.0,0.0,0.0,0,0,0,0.0,0.0,0.0,0.0,0.0,0.0,0.0,0.0,0.0,0.0,Matches,PrGKrs281995
340,Anthony Ralston,DF,sct Scotland,25,1998,3,3,262,2.9,0,0,0,0,0,0,1,0,0.0,0.0,0.1,0.1,2,4,4,0.0,0.0,0.0,0.0,0.0,0.0,0.03,0.03,0.0,0.03,Matches,AnDFsc251998
341,Ylber Ramadani,MF,al Albania,27,1996,3,3,264,2.9,0,0,0,0,0,0,0,0,0.0,0.0,0.0,0.0,2,4,0,0.0,0.0,0.0,0.0,0.0,0.0,0.02,0.02,0.0,0.02,Matches,YlMFal271996
342,Gonçalo Ramos,FW,pt Portugal,22,2001,1,0,25,0.3,0,0,0,0,0,0,0,0,0.1,0.1,0.0,0.1,0,0,0,0.0,0.0,0.0,0.0,0.0,0.25,0.0,0.25,0.25,0.25,Matches,GoFWpt222001
343,Giacomo Raspadori,FW,it Italy,23,2000,2,1,83,0.9,0,0,0,0,0,0,0,0,0.1,0.1,0.4,0.4,1,9,5,0.0,0.0,0.0,0.0,0.0,0.09,0.4,0.49,0.09,0.49,Matches,GiFWit232000
344,Andrei Ratiu,DF,ro Romania,25,1998,4,4,359,4.0,0,0,0,0,0,0,0,0,0.1,0.1,0.0,0.2,3,8,7,0.0,0.0,0.0,0.0,0.0,0.03,0.01,0.04,0.03,0.04,Matches,AnDFro251998
345,David Raum,DF,de Germany,25,1998,3,2,166,1.8,0,1,1,0,0,0,1,0,0.0,0.0,1.1,1.1,8,8,8,0.0,0.54,0.54,0.0,0.54,0.01,0.6,0.62,0.01,0.62,Matches,DaDFde251998
346,David Raya,GK,es Spain,28,1995,1,1,90,1.0,0,0,0,0,0,0,0,0,0.0,0.0,0.0,0.0,0,0,0,0.0,0.0,0.0,0.0,0.0,0.0,0.0,0.0,0.0,0.0,Matches,DaGKes281995
347,Tijjani Reijnders,MF,nl Netherlands,25,1998,6,6,496,5.5,0,0,0,0,0,0,0,0,0.7,0.7,0.6,1.2,19,32,13,0.0,0.0,0.0,0.0,0.0,0.12,0.11,0.23,0.12,0.23,Matches,TiMFnl251998
348,Mateo Retegui,FW,it Italy,24,1999,4,1,152,1.7,0,0,0,0,0,0,0,0,0.2,0.2,0.0,0.2,0,1,6,0.0,0.0,0.0,0.0,0.0,0.15,0.0,0.15,0.15,0.15,Matches,MaFWit241999
349,Declan Rice,MF,eng England,25,1999,7,7,690,7.7,0,1,1,0,0,0,0,0,0.4,0.4,0.1,0.5,5,39,14,0.0,0.13,0.13,0.0,0.13,0.05,0.02,0.07,0.05,0.07,Matches,DeMFen251999
350,Fabian Rieder,MF,ch Switzerland,21,2002,5,3,218,2.4,0,0,0,0,0,0,0,0,0.0,0.0,0.3,0.3,7,10,22,0.0,0.0,0.0,0.0,0.0,0.01,0.12,0.14,0.01,0.14,Matches,FaMFch212002
351,Andrew Robertson,DF,sct Scotland,29,1994,3,3,268,3.0,0,0,0,0,0,0,0,0,0.0,0.0,0.3,0.3,5,8,7,0.0,0.0,0.0,0.0,0.0,0.0,0.11,0.11,0.0,0.11,Matches,AnDFsc291994
352,Rodri,MF,es Spain,27,1996,6,6,520,5.8,1,0,1,1,0,0,3,0,0.3,0.3,0.3,0.7,16,40,10,0.17,0.0,0.17,0.17,0.17,0.06,0.06,0.12,0.06,0.12,Matches,RoMFes271996
353,Ricardo Rodríguez,DF,ch Switzerland,31,1992,5,5,480,5.3,0,0,0,0,0,0,1,0,0.1,0.1,0.2,0.2,13,17,13,0.0,0.0,0.0,0.0,0.0,0.01,0.03,0.04,0.01,0.04,Matches,RiDFch311992
354,Taras Romanchuk,MF,pl Poland,32,1991,1,1,54,0.6,0,0,0,0,0,0,0,0,0.0,0.0,0.0,0.0,0,0,0,0.0,0.0,0.0,0.0,0.0,0.0,0.0,0.0,0.0,0.0,Matches,TaMFpl321991
355,Cristiano Ronaldo,FW,pt Portugal,38,1985,5,5,485,5.4,0,1,1,0,0,1,1,0,3.6,2.8,1.2,4.1,3,5,33,0.0,0.19,0.19,0.0,0.19,0.76,0.26,1.03,0.6,0.86,Matches,CrFWpt381985
356,Antonio Rüdiger,DF,de Germany,30,1993,5,5,480,5.3,0,0,0,0,0,0,2,0,0.2,0.2,0.6,0.8,3,35,0,0.0,0.0,0.0,0.0,0.0,0.04,0.11,0.15,0.04,0.15,Matches,AnDFde301993
357,Fabián Ruiz Peña,MF,es Spain,27,1996,6,6,540,6.0,2,2,4,2,0,0,1,0,1.7,1.7,1.0,2.6,18,48,16,0.33,0.33,0.67,0.33,0.67,0.28,0.16,0.44,0.28,0.44,Matches,FaMFes271996
358,Adrian Rus,MF,ro Romania,27,1996,2,0,21,0.2,0,0,0,0,0,0,0,0,0.0,0.0,0.0,0.0,0,1,0,0.0,0.0,0.0,0.0,0.0,0.0,0.0,0.0,0.0,0.0,Matches,AdMFro271996
359,Marcel Sabitzer,FW/MF,at Austria,29,1994,4,4,360,4.0,1,0,1,1,0,0,0,0,0.9,0.9,0.8,1.6,8,12,37,0.25,0.0,0.25,0.25,0.25,0.22,0.19,0.41,0.22,0.41,Matches,MaFWat291994
360,Bukayo Saka,FW/DF,eng England,22,2001,7,7,632,7.0,1,0,1,1,0,0,1,0,0.4,0.4,0.4,0.7,31,25,85,0.14,0.0,0.14,0.14,0.14,0.06,0.06,0.12,0.06,0.12,Matches,BuFWen222001
361,Bartosz Salamon,DF,pl Poland,32,1991,1,1,85,0.9,0,0,0,0,0,0,0,0,0.0,0.0,0.0,0.0,0,0,1,0.0,0.0,0.0,0.0,0.0,0.01,0.0,0.01,0.01,0.01,Matches,BaDFpl321991
362,William Saliba,DF,fr France,22,2001,6,6,570,6.3,0,0,0,0,0,0,1,0,0.1,0.1,0.0,0.1,4,15,0,0.0,0.0,0.0,0.0,0.0,0.02,0.0,0.02,0.02,0.02,Matches,WiDFfr222001
363,Roland Sallai,MF,hu Hungary,26,1997,3,3,266,3.0,0,1,1,0,0,0,0,0,0.6,0.6,1.0,1.6,12,5,23,0.0,0.34,0.34,0.0,0.34,0.21,0.34,0.55,0.21,0.55,Matches,RoMFhu261997
364,Lazar Samardzic,MF,rs Serbia,21,2002,2,1,54,0.6,0,0,0,0,0,0,0,0,0.1,0.1,0.0,0.1,0,1,2,0.0,0.0,0.0,0.0,0.0,0.13,0.0,0.13,0.13,0.13,Matches,LaMFrs212002
365,Leroy Sané,FW,de Germany,28,1996,5,2,208,2.3,0,0,0,0,0,0,0,0,0.4,0.4,0.1,0.5,5,7,23,0.0,0.0,0.0,0.0,0.0,0.18,0.04,0.23,0.18,0.23,Matches,LeFWde281996
366,Leo Sauer,FW,sk Slovakia,18,2005,1,0,5,0.1,0,0,0,0,0,0,0,0,0.0,0.0,0.0,0.0,0,0,3,0.0,0.0,0.0,0.0,0.0,0.0,0.0,0.0,0.0,0.0,Matches,LeFWsk182005
367,Gianluca Scamacca,FW,it Italy,25,1999,4,3,251,2.8,0,0,0,0,0,0,0,0,0.6,0.6,0.2,0.8,1,3,11,0.0,0.0,0.0,0.0,0.0,0.22,0.08,0.3,0.22,0.3,Matches,GiFWit251999
368,András Schäfer,MF,hu Hungary,24,1999,3,3,270,3.0,0,0,0,0,0,0,1,0,0.1,0.1,0.0,0.1,5,14,4,0.0,0.0,0.0,0.0,0.0,0.02,0.0,0.02,0.02,0.02,Matches,AnMFhu241999
369,Fabian Schär,DF,ch Switzerland,32,1991,5,5,480,5.3,0,0,0,0,0,0,1,0,0.2,0.2,0.1,0.3,4,12,7,0.0,0.0,0.0,0.0,0.0,0.05,0.02,0.07,0.05,0.07,Matches,FaDFch321991
370,Patrik Schick,FW,cz Czechia,28,1996,2,2,127,1.4,1,0,1,1,0,0,2,0,1.5,1.5,0.1,1.6,2,1,6,0.71,0.0,0.71,0.71,0.71,1.03,0.08,1.11,1.03,1.11,Matches,PaFWcz281996
371,Nico Schlotterbeck,DF,de Germany,24,1999,2,1,120,1.3,0,1,1,0,0,0,1,0,0.1,0.1,0.4,0.4,1,1,1,0.0,0.75,0.75,0.0,0.75,0.05,0.28,0.33,0.05,0.33,Matches,NiDFde241999
372,Kasper Schmeichel,GK,dk Denmark,37,1986,4,4,360,4.0,0,0,0,0,0,0,0,0,0.0,0.0,0.0,0.0,0,0,0,0.0,0.0,0.0,0.0,0.0,0.0,0.0,0.0,0.0,0.0,Matches,KaGKdk371986
373,Romano Schmid,FW/MF,at Austria,24,2000,4,2,145,1.6,1,0,1,1,0,0,1,0,0.1,0.1,0.7,0.8,3,5,11,0.62,0.0,0.62,0.62,0.62,0.08,0.42,0.5,0.08,0.5,Matches,RoFWat242000
374,Jerdy Schouten,MF,nl Netherlands,27,1997,6,6,500,5.6,0,0,0,0,0,0,1,0,0.1,0.1,0.1,0.2,7,39,11,0.0,0.0,0.0,0.0,0.0,0.01,0.03,0.04,0.01,0.04,Matches,JeMFnl271997
375,Ivan Schranz,FW,sk Slovakia,30,1993,4,4,331,3.7,3,0,3,3,0,0,1,0,1.0,1.0,0.3,1.3,5,6,16,0.82,0.0,0.82,0.82,0.82,0.28,0.07,0.35,0.28,0.35,Matches,IvFWsk301993
376,Taulant Seferi,FW,al Albania,27,1996,2,1,94,1.0,0,0,0,0,0,0,0,0,0.0,0.0,0.1,0.1,2,3,3,0.0,0.0,0.0,0.0,0.0,0.02,0.11,0.12,0.02,0.12,Matches,TaFWal271996
377,Nicolas Seiwald,MF,at Austria,22,2001,4,4,360,4.0,0,0,0,0,0,0,0,0,0.0,0.0,0.6,0.7,3,23,5,0.0,0.0,0.0,0.0,0.0,0.01,0.16,0.17,0.01,0.17,Matches,NiMFat222001
378,Nélson Semedo,DF,pt Portugal,30,1993,5,0,100,1.1,0,0,0,0,0,0,0,0,0.2,0.2,0.0,0.2,6,4,17,0.0,0.0,0.0,0.0,0.0,0.27,0.0,0.27,0.27,0.27,Matches,NéDFpt301993
379,Benjamin Šeško,FW,si Slovenia,20,2003,4,4,358,4.0,0,0,0,0,0,0,0,0,0.9,0.9,0.1,1.0,3,7,21,0.0,0.0,0.0,0.0,0.0,0.25,0.03,0.28,0.25,0.28,Matches,BeFWsi202003
380,Petr Ševčík,MF,cz Czechia,29,1994,2,0,22,0.2,0,0,0,0,0,0,0,0,0.1,0.1,0.0,0.1,3,3,1,0.0,0.0,0.0,0.0,0.0,0.5,0.0,0.5,0.5,0.5,Matches,PeMFcz291994
381,Stephan El Shaarawy,FW,it Italy,31,1992,1,1,45,0.5,0,0,0,0,0,0,1,0,0.0,0.0,0.0,0.0,1,0,0,0.0,0.0,0.0,0.0,0.0,0.0,0.0,0.0,0.0,0.0,Matches,StFWit311992
382,Lawrence Shankland,FW,sct Scotland,28,1995,3,0,25,0.3,0,0,0,0,0,0,0,0,0.0,0.0,0.0,0.0,1,2,1,0.0,0.0,0.0,0.0,0.0,0.0,0.14,0.14,0.0,0.14,Matches,LaFWsc281995
383,Mykola Shaparenko,MF,ua Ukraine,25,1998,3,3,220,2.4,1,1,2,1,0,0,0,0,0.2,0.2,0.2,0.5,8,18,5,0.41,0.41,0.82,0.41,0.82,0.09,0.1,0.19,0.09,0.19,Matches,MyMFua251998
384,Xherdan Shaqiri,MF/FW,ch Switzerland,32,1991,2,1,71,0.8,1,0,1,1,0,0,0,0,0.1,0.1,0.0,0.1,1,3,4,1.27,0.0,1.27,1.27,1.27,0.11,0.05,0.16,0.11,0.16,Matches,XhMFch321991
385,Luke Shaw,DF,eng England,28,1995,3,1,178,2.0,0,0,0,0,0,0,0,0,0.0,0.0,0.1,0.1,2,7,10,0.0,0.0,0.0,0.0,0.0,0.0,0.05,0.05,0.0,0.05,Matches,LuDFen281995
386,Vincent Sierro,MF,ch Switzerland,28,1995,4,0,38,0.4,0,0,0,0,0,0,1,0,0.0,0.0,0.0,0.0,0,2,0,0.0,0.0,0.0,0.0,0.0,0.03,0.0,0.03,0.03,0.03,Matches,ViMFch281995
387,António Silva,DF,pt Portugal,20,2003,2,1,73,0.8,0,0,0,0,0,0,0,0,0.1,0.1,0.1,0.2,1,10,1,0.0,0.0,0.0,0.0,0.0,0.14,0.11,0.25,0.14,0.25,Matches,AnDFpt202003
388,Bernardo Silva,FW/MF,pt Portugal,29,1994,4,4,420,4.7,1,0,1,1,0,0,0,0,0.7,0.7,0.6,1.3,15,28,47,0.21,0.0,0.21,0.21,0.21,0.18,0.16,0.33,0.18,0.33,Matches,BeFWpt291994
389,Unai Simón,GK,es Spain,26,1997,6,6,570,6.3,0,0,0,0,0,0,1,0,0.0,0.0,0.0,0.0,0,0,0,0.0,0.0,0.0,0.0,0.0,0.0,0.0,0.0,0.0,0.0,Matches,UnGKes261997
390,Xavi Simons,MF/FW,nl Netherlands,20,2003,6,5,454,5.0,1,3,4,1,0,0,2,0,0.6,0.6,1.0,1.5,20,28,33,0.2,0.59,0.79,0.2,0.79,0.11,0.2,0.31,0.11,0.31,Matches,XaMFnl202003
391,Michał Skóraś,DF,pl Poland,23,2000,1,0,23,0.3,0,0,0,0,0,0,0,0,0.0,0.0,0.0,0.0,1,1,0,0.0,0.0,0.0,0.0,0.0,0.0,0.0,0.0,0.0,0.0,Matches,MiDFpl232000
392,Łukasz Skorupski,GK,pl Poland,32,1991,1,1,90,1.0,0,0,0,0,0,0,0,0,0.0,0.0,0.0,0.0,0,0,0,0.0,0.0,0.0,0.0,0.0,0.0,0.0,0.0,0.0,0.0,Matches,ŁuGKpl321991
393,Andreas Skov Olsen,MF/FW,dk Denmark,24,1999,3,1,122,1.4,0,0,0,0,0,0,0,0,0.0,0.0,0.4,0.4,4,3,11,0.0,0.0,0.0,0.0,0.0,0.02,0.31,0.33,0.02,0.33,Matches,AnMFdk241999
394,Milan Škriniar,DF,sk Slovakia,28,1995,4,4,390,4.3,0,0,0,0,0,0,1,0,0.3,0.3,0.1,0.4,4,21,0,0.0,0.0,0.0,0.0,0.0,0.07,0.02,0.09,0.07,0.09,Matches,MiDFsk281995
395,Bartosz Slisz,MF,pl Poland,24,1999,2,1,110,1.2,0,0,0,0,0,0,1,0,0.0,0.0,0.1,0.1,1,5,2,0.0,0.0,0.0,0.0,0.0,0.0,0.1,0.1,0.0,0.1,Matches,BaMFpl241999
396,Yann Sommer,GK,ch Switzerland,35,1988,5,5,480,5.3,0,0,0,0,0,0,0,0,0.0,0.0,0.0,0.0,0,0,0,0.0,0.0,0.0,0.0,0.0,0.0,0.0,0.0,0.0,0.0,Matches,YaGKch351988
397,Deian Sorescu,MF/DF,ro Romania,26,1997,2,0,34,0.4,0,0,0,0,0,0,0,0,0.0,0.0,0.0,0.0,0,0,1,0.0,0.0,0.0,0.0,0.0,0.0,0.0,0.0,0.0,0.0,Matches,DeMFro261997
398,Borna Sosa,DF,hr Croatia,26,1998,1,0,7,0.1,0,0,0,0,0,0,0,0,0.0,0.0,0.0,0.0,0,0,1,0.0,0.0,0.0,0.0,0.0,0.0,0.0,0.0,0.0,0.0,Matches,BoDFhr261998
399,Tomáš Souček,MF,cz Czechia,28,1995,3,3,270,3.0,1,0,1,1,0,0,2,0,0.6,0.6,1.0,1.5,0,11,4,0.33,0.0,0.33,0.33,0.33,0.19,0.32,0.51,0.19,0.51,Matches,ToMFcz281995
400,Andraž Šporar,FW,si Slovenia,29,1994,4,4,338,3.8,0,0,0,0,0,0,0,0,1.0,1.0,0.8,1.8,3,3,19,0.0,0.0,0.0,0.0,0.0,0.26,0.22,0.48,0.26,0.48,Matches,AnFWsi291994
401,Nicolae Stanciu,MF/FW,ro Romania,30,1993,4,4,353,3.9,1,0,1,1,0,0,1,0,0.2,0.2,0.3,0.5,2,10,3,0.25,0.0,0.25,0.25,0.25,0.05,0.07,0.12,0.05,0.12,Matches,NiMFro301993
402,Jindřich Staněk,GK,cz Czechia,27,1996,3,3,234,2.6,0,0,0,0,0,0,0,0,0.0,0.0,0.0,0.0,0,0,0,0.0,0.0,0.0,0.0,0.0,0.0,0.0,0.0,0.0,0.0,Matches,JiGKcz271996
403,Josip Stanišić,DF,hr Croatia,23,2000,2,2,180,2.0,0,0,0,0,0,0,1,0,0.2,0.2,0.0,0.2,3,8,9,0.0,0.0,0.0,0.0,0.0,0.09,0.02,0.11,0.09,0.11,Matches,JosDFhr232000
404,Renato Steffen,DF,ch Switzerland,32,1991,1,0,1,0.0,0,0,0,0,0,0,0,0,0.0,0.0,0.0,0.0,1,0,0,0.0,0.0,0.0,0.0,0.0,0.0,0.0,0.0,0.0,0.0,Matches,ReDFch321991
405,Taras Stepanenko,MF,ua Ukraine,34,1989,2,1,82,0.9,0,0,0,0,0,0,0,0,0.1,0.1,0.0,0.1,0,5,3,0.0,0.0,0.0,0.0,0.0,0.07,0.0,0.07,0.07,0.07,Matches,TaMFua341989
406,Leonidas Stergiou,DF,ch Switzerland,21,2002,3,0,48,0.5,0,0,0,0,0,0,0,0,0.0,0.0,0.0,0.0,0,0,1,0.0,0.0,0.0,0.0,0.0,0.0,0.0,0.0,0.0,0.0,Matches,LeDFch212002
407,Petar Stojanović,MF,si Slovenia,28,1995,4,4,316,3.5,0,0,0,0,0,0,1,0,0.0,0.0,0.2,0.2,7,11,9,0.0,0.0,0.0,0.0,0.0,0.01,0.05,0.06,0.01,0.06,Matches,PeMFsi281995
408,John Stones,DF,eng England,29,1994,7,7,690,7.7,0,0,0,0,0,0,1,0,0.1,0.1,0.0,0.1,0,21,1,0.0,0.0,0.0,0.0,0.0,0.01,0.0,0.01,0.01,0.01,Matches,JoDFen291994
409,Thomas Strakosha,GK,al Albania,28,1995,3,3,270,3.0,0,0,0,0,0,0,0,0,0.0,0.0,0.0,0.0,0,0,0,0.0,0.0,0.0,0.0,0.0,0.0,0.0,0.0,0.0,0.0,Matches,ThGKal281995
410,Dávid Strelec,FW,sk Slovakia,22,2001,4,2,182,2.0,0,1,1,0,0,0,0,0,0.7,0.7,0.8,1.5,0,2,6,0.0,0.49,0.49,0.0,0.49,0.34,0.42,0.76,0.34,0.76,Matches,DáFWsk222001
411,Callum Styles,MF,hu Hungary,23,2000,1,1,60,0.7,0,0,0,0,0,0,1,0,0.0,0.0,0.0,0.0,0,2,0,0.0,0.0,0.0,0.0,0.0,0.0,0.03,0.03,0.0,0.03,Matches,CaMFhu232000
412,Luka Sučić,FW/MF,hr Croatia,21,2002,3,1,140,1.6,0,0,0,0,0,0,1,0,0.6,0.6,0.4,1.0,6,7,5,0.0,0.0,0.0,0.0,0.0,0.37,0.27,0.64,0.37,0.64,Matches,LuFWhr212002
413,Heorhiy Sudakov,MF,ua Ukraine,21,2002,3,3,262,2.9,0,0,0,0,0,0,0,0,0.5,0.5,0.2,0.7,6,15,11,0.0,0.0,0.0,0.0,0.0,0.17,0.06,0.23,0.17,0.23,Matches,HeMFua212002
414,Pavel Šulc,MF,cz Czechia,23,2000,1,1,78,0.9,0,0,0,0,0,0,0,0,0.1,0.1,0.0,0.1,3,0,2,0.0,0.0,0.0,0.0,0.0,0.1,0.0,0.1,0.1,0.1,Matches,PaMFcz232000
415,Tomáš Suslov,FW/MF,sk Slovakia,21,2002,4,0,126,1.4,0,0,0,0,0,0,1,0,0.0,0.0,0.1,0.1,6,6,10,0.0,0.0,0.0,0.0,0.0,0.0,0.12,0.12,0.0,0.12,Matches,ToFWsk212002
416,Josip Šutalo,DF,hr Croatia,23,2000,3,3,270,3.0,0,0,0,0,0,0,0,0,0.6,0.6,0.0,0.6,1,10,0,0.0,0.0,0.0,0.0,0.0,0.2,0.0,0.2,0.2,0.2,Matches,JoDFhr232000
417,Oleksandr Svatok,DF,ua Ukraine,29,1994,1,1,80,0.9,0,0,0,0,0,0,0,0,0.0,0.0,0.0,0.0,0,3,0,0.0,0.0,0.0,0.0,0.0,0.0,0.0,0.0,0.0,0.0,Matches,OlDFua291994
418,Karol Świderski,FW,pl Poland,27,1997,3,0,90,1.0,0,0,0,0,0,0,1,0,0.3,0.3,0.6,0.9,0,0,6,0.0,0.0,0.0,0.0,0.0,0.29,0.61,0.9,0.29,0.9,Matches,KaFWpl271997
419,Serhiy Sydorchuk,MF,ua Ukraine,32,1991,1,0,6,0.1,0,0,0,0,0,0,0,0,0.0,0.0,0.0,0.0,0,0,0,0.0,0.0,0.0,0.0,0.0,0.0,0.0,0.0,0.0,0.0,Matches,SeMFua321991
420,Attila Szalai,DF,hu Hungary,26,1998,2,1,95,1.1,0,0,0,0,0,0,1,0,0.1,0.1,0.0,0.1,0,8,2,0.0,0.0,0.0,0.0,0.0,0.08,0.0,0.08,0.08,0.08,Matches,AtDFhu261998
421,Wojciech Szczęsny,GK,pl Poland,33,1990,2,2,180,2.0,0,0,0,0,0,0,1,0,0.0,0.0,0.0,0.0,0,0,0,0.0,0.0,0.0,0.0,0.0,0.0,0.0,0.0,0.0,0.0,Matches,WoGKpl331990
422,Dominik Szoboszlai,MF,hu Hungary,23,2000,3,3,270,3.0,0,1,1,0,0,0,1,0,0.3,0.3,1.2,1.5,6,8,10,0.0,0.33,0.33,0.0,0.33,0.09,0.39,0.49,0.09,0.49,Matches,DoMFhu232000
423,Sebastian Szymański,MF,pl Poland,24,1999,2,2,112,1.2,0,0,0,0,0,0,0,0,0.0,0.0,0.0,0.1,3,8,3,0.0,0.0,0.0,0.0,0.0,0.03,0.02,0.05,0.03,0.05,Matches,SeMFpl241999
424,Dušan Tadić,MF,rs Serbia,35,1988,3,1,156,1.7,0,0,0,0,0,0,1,0,0.0,0.0,0.6,0.6,4,4,17,0.0,0.0,0.0,0.0,0.0,0.0,0.34,0.34,0.0,0.34,Matches,DuMFrs351988
425,Jonathan Tah,DF,de Germany,27,1996,4,4,319,3.5,0,0,0,0,0,0,2,0,0.0,0.0,0.1,0.1,0,15,1,0.0,0.0,0.0,0.0,0.0,0.01,0.02,0.03,0.01,0.03,Matches,JoDFde271996
426,Maksym Talovierov,MF,ua Ukraine,23,2000,1,0,1,0.0,0,0,0,0,0,0,0,0,0.0,0.0,0.0,0.0,0,0,0,0.0,0.0,0.0,0.0,0.0,0.0,0.0,0.0,0.0,0.0,Matches,MaMFua232000
427,Aurélien Tchouaméni,MF,fr France,24,2000,5,5,470,5.2,0,0,0,0,0,0,2,0,0.4,0.4,0.2,0.6,9,56,5,0.0,0.0,0.0,0.0,0.0,0.07,0.05,0.12,0.07,0.12,Matches,AuMFfr242000
428,Arthur Theate,DF,be Belgium,23,2000,3,3,256,2.8,0,0,0,0,0,0,0,0,0.0,0.0,0.0,0.1,5,9,4,0.0,0.0,0.0,0.0,0.0,0.01,0.02,0.03,0.01,0.03,Matches,ArDFbe232000
429,Marcus Thuram,FW,fr France,26,1997,4,3,260,2.9,0,0,0,0,0,0,0,0,0.7,0.7,0.1,0.7,7,6,18,0.0,0.0,0.0,0.0,0.0,0.27,0.03,0.29,0.27,0.29,Matches,MaFWfr261997
430,Youri Tielemans,MF,be Belgium,26,1997,3,2,148,1.6,1,0,1,1,0,0,1,0,0.1,0.1,0.0,0.1,3,15,1,0.61,0.0,0.61,0.61,0.61,0.07,0.01,0.08,0.07,0.08,Matches,YoMFbe261997
431,Kieran Tierney,DF,sct Scotland,26,1997,2,2,136,1.5,0,0,0,0,0,0,0,0,0.0,0.0,0.0,0.0,2,3,0,0.0,0.0,0.0,0.0,0.0,0.0,0.0,0.0,0.0,0.0,Matches,KiDFsc261997
432,Ivan Toney,FW/MF,eng England,27,1996,3,0,45,0.5,0,1,1,0,0,0,0,0,0.1,0.1,0.2,0.3,0,0,1,0.0,2.0,2.0,0.0,2.0,3.27,6.96,10.23,3.27,10.23,Matches,IvFWen271996
433,Ferrán Torres,FW/MF,es Spain,23,2000,5,1,155,1.7,1,0,1,1,0,0,1,0,0.6,0.6,0.1,0.8,4,2,15,0.58,0.0,0.58,0.58,0.58,0.45,0.09,0.54,0.45,0.54,Matches,FeFWes232000
434,Cenk Tosun,FW,tr Türkiye,32,1991,2,0,25,0.3,1,0,1,1,0,0,1,0,0.3,0.3,0.0,0.3,1,0,1,3.6,0.0,3.6,3.6,3.6,1.15,0.0,1.15,1.15,1.15,Matches,CeFWtr321991
435,Gernot Trauner,DF,at Austria,31,1992,2,1,90,1.0,1,0,1,1,0,0,0,0,0.1,0.1,0.0,0.1,0,8,0,1.0,0.0,1.0,1.0,1.0,0.08,0.0,0.08,0.08,0.08,Matches,GeDFat311992
436,Kieran Trippier,DF,eng England,33,1990,6,6,450,5.0,0,0,0,0,0,0,2,0,0.1,0.1,0.8,0.9,2,29,27,0.0,0.0,0.0,0.0,0.0,0.02,0.17,0.19,0.02,0.19,Matches,KiDFen331990
437,Leandro Trossard,FW,be Belgium,29,1994,3,2,169,1.9,0,0,0,0,0,0,0,0,0.2,0.2,0.1,0.4,5,5,8,0.0,0.0,0.0,0.0,0.0,0.13,0.06,0.19,0.13,0.19,Matches,LeFWbe291994
438,Anatolii Trubin,GK,ua Ukraine,22,2001,2,2,180,2.0,0,0,0,0,0,0,0,0,0.0,0.0,0.0,0.0,0,0,0,0.0,0.0,0.0,0.0,0.0,0.0,0.0,0.0,0.0,0.0,Matches,AnGKua222001
439,Heorhii Tsitaishvili,DF/MF,ge Georgia,23,2000,4,2,190,2.1,0,0,0,0,0,0,0,0,0.2,0.2,0.1,0.3,5,3,15,0.0,0.0,0.0,0.0,0.0,0.08,0.07,0.15,0.08,0.15,Matches,HeDFge232000
440,Viktor Tsyhankov,FW,ua Ukraine,26,1997,1,1,62,0.7,0,0,0,0,0,0,0,0,0.1,0.1,0.0,0.1,2,1,6,0.0,0.0,0.0,0.0,0.0,0.19,0.0,0.19,0.19,0.19,Matches,ViFWua261997
441,Ľubomír Tupta,MF,sk Slovakia,25,1998,1,0,12,0.1,0,0,0,0,0,0,0,0,0.0,0.0,0.0,0.0,0,0,1,0.0,0.0,0.0,0.0,0.0,,,,,,Matches,ĽuMFsk251998
442,Oleksandr Tymchyk,DF,ua Ukraine,27,1997,3,2,199,2.2,0,0,0,0,0,0,0,0,0.0,0.0,0.0,0.0,5,7,11,0.0,0.0,0.0,0.0,0.0,0.0,0.01,0.01,0.0,0.01,Matches,OlDFua271997
443,Deniz Undav,MF,de Germany,27,1996,1,0,7,0.1,0,0,0,0,0,0,1,0,0.0,0.0,0.0,0.0,0,0,0,0.0,0.0,0.0,0.0,0.0,0.0,0.0,0.0,0.0,0.0,Matches,DeMFde271996
444,Dayot Upamecano,DF,fr France,25,1998,6,6,570,6.3,0,0,0,0,0,0,0,0,0.3,0.3,0.1,0.3,3,28,2,0.0,0.0,0.0,0.0,0.0,0.05,0.01,0.06,0.05,0.06,Matches,DaDFfr251998
445,Kacper Urbanski,FW/MF,pl Poland,19,2004,3,2,148,1.6,0,0,0,0,0,0,0,0,0.1,0.1,0.1,0.2,4,3,4,0.0,0.0,0.0,0.0,0.0,0.08,0.03,0.11,0.08,0.11,Matches,KaFWpl192004
446,Virgil van Dijk,DF,nl Netherlands,32,1991,6,6,540,6.0,0,0,0,0,0,0,2,0,0.5,0.5,0.1,0.6,0,20,0,0.0,0.0,0.0,0.0,0.0,0.08,0.02,0.1,0.08,0.1,Matches,ViDFnl321991
447,Vladyslav Vanat,FW,ua Ukraine,22,2002,1,0,21,0.2,0,0,0,0,0,0,0,0,0.0,0.0,0.0,0.0,0,0,2,0.0,0.0,0.0,0.0,0.0,0.0,0.0,0.0,0.0,0.0,Matches,VlFWua222002
448,Barnabás Varga,FW,hu Hungary,30,1994,3,3,249,2.8,1,0,1,1,0,0,1,0,1.2,1.2,0.1,1.3,1,7,11,0.36,0.0,0.36,0.36,0.36,0.44,0.03,0.47,0.44,0.47,Matches,BaFWhu301994
449,Ruben Vargas,MF/FW,ch Switzerland,25,1998,5,4,306,3.4,1,1,2,1,0,0,0,0,0.7,0.7,1.1,1.8,13,12,21,0.29,0.29,0.59,0.29,0.59,0.2,0.32,0.53,0.2,0.53,Matches,RuMFch251998
450,Denis Vavro,DF,sk Slovakia,27,1996,4,4,390,4.3,0,0,0,0,0,0,1,0,0.0,0.0,0.0,0.0,1,15,2,0.0,0.0,0.0,0.0,0.0,0.01,0.0,0.01,0.01,0.01,Matches,DeDFsk271996
451,Joey Veerman,MF,nl Netherlands,25,1998,6,2,209,2.3,0,0,0,0,0,0,1,0,0.2,0.2,0.3,0.4,1,17,1,0.0,0.0,0.0,0.0,0.0,0.07,0.13,0.19,0.07,0.19,Matches,JoMFnl251998
452,Miloš Veljković,DF,rs Serbia,28,1995,3,3,270,3.0,0,0,0,0,0,0,0,0,0.0,0.0,0.0,0.0,5,27,3,0.0,0.0,0.0,0.0,0.0,0.0,0.0,0.0,0.0,0.0,Matches,MiDFrs281995
453,Micky van de Ven,DF,nl Netherlands,22,2001,4,0,70,0.8,0,0,0,0,0,0,0,0,0.0,0.0,0.0,0.0,1,2,2,0.0,0.0,0.0,0.0,0.0,0.0,0.0,0.0,0.0,0.0,Matches,MiDFnl222001
454,Benjamin Verbič,MF,si Slovenia,30,1993,3,0,74,0.8,0,0,0,0,0,0,0,0,0.0,0.0,0.1,0.2,2,1,3,0.0,0.0,0.0,0.0,0.0,0.05,0.27,0.31,0.05,0.31,Matches,BeMFsi301993
455,Bart Verbruggen,GK,nl Netherlands,21,2002,6,6,540,6.0,0,0,0,0,0,0,0,0,0.0,0.0,0.0,0.0,0,0,0,0.0,0.0,0.0,0.0,0.0,0.0,0.0,0.0,0.0,0.0,Matches,BaGKnl212002
456,Jan Vertonghen,DF,be Belgium,36,1987,3,3,270,3.0,0,0,0,0,0,0,1,0,0.1,0.1,0.0,0.1,0,3,1,0.0,0.0,0.0,0.0,0.0,0.03,0.0,0.03,0.03,0.03,Matches,JaDFbe361987
457,Jannik Vestergaard,DF,dk Denmark,31,1992,4,4,360,4.0,0,0,0,0,0,0,1,0,0.3,0.3,0.0,0.3,1,15,2,0.0,0.0,0.0,0.0,0.0,0.07,0.0,0.07,0.07,0.07,Matches,JaDFdk311992
458,Žan Vipotnik,FW,si Slovenia,21,2002,1,0,15,0.2,0,0,0,0,0,0,1,0,0.0,0.0,0.0,0.0,0,0,0,0.0,0.0,0.0,0.0,0.0,0.0,0.0,0.0,0.0,0.0,Matches,ŽaFWsi212002
459,Vitinha,MF,pt Portugal,23,2000,4,4,358,4.0,0,0,0,0,0,0,0,0,0.6,0.6,0.1,0.8,7,28,9,0.0,0.0,0.0,0.0,0.0,0.16,0.03,0.19,0.16,0.19,Matches,ViMFpt232000
460,Daniel Vivian,DF,es Spain,24,1999,2,1,123,1.4,0,0,0,0,0,0,1,0,0.0,0.0,0.0,0.0,0,10,1,0.0,0.0,0.0,0.0,0.0,0.03,0.0,0.03,0.03,0.03,Matches,DaDFes241999
461,Dušan Vlahović,MF/FW,rs Serbia,24,2000,3,2,177,2.0,0,0,0,0,0,0,0,0,0.2,0.2,0.0,0.2,1,2,8,0.0,0.0,0.0,0.0,0.0,0.12,0.0,0.12,0.12,0.12,Matches,DuMFrs242000
462,Stefan de Vrij,DF,nl Netherlands,31,1992,6,6,540,6.0,1,0,1,1,0,0,0,0,0.3,0.3,0.0,0.3,2,26,2,0.17,0.0,0.17,0.17,0.17,0.05,0.0,0.05,0.05,0.05,Matches,StDFnl311992
463,Kyle Walker,DF,eng England,33,1990,7,7,690,7.7,0,0,0,0,0,0,0,0,0.0,0.0,0.1,0.1,14,50,24,0.0,0.0,0.0,0.0,0.0,0.0,0.01,0.01,0.0,0.01,Matches,KyDFen331990
464,Ollie Watkins,FW,eng England,28,1995,3,0,62,0.7,1,0,1,1,0,0,1,0,0.3,0.3,0.0,0.3,0,0,2,1.45,0.0,1.45,1.45,1.45,0.45,0.0,0.45,0.45,0.45,Matches,OlFWen281995
465,Wout Weghorst,FW,nl Netherlands,31,1992,6,0,138,1.5,1,1,2,1,0,0,1,0,0.6,0.6,0.3,0.9,0,0,8,0.65,0.65,1.3,0.65,1.3,0.42,0.17,0.6,0.42,0.6,Matches,WoFWnl311992
466,Andreas Weimann,FW,at Austria,32,1991,1,0,1,0.0,0,0,0,0,0,0,0,0,0.0,0.0,0.0,0.0,0,0,0,0.0,0.0,0.0,0.0,0.0,0.0,0.0,0.0,0.0,0.0,Matches,AnFWat321991
467,Silvan Widmer,DF,ch Switzerland,30,1993,4,3,299,3.3,0,0,0,0,0,0,3,0,0.3,0.3,0.0,0.3,2,3,15,0.0,0.0,0.0,0.0,0.0,0.1,0.01,0.11,0.1,0.11,Matches,SiDFch301993
468,Georginio Wijnaldum,MF,nl Netherlands,33,1990,3,0,73,0.8,0,0,0,0,0,0,0,0,0.0,0.0,0.0,0.0,0,2,1,0.0,0.0,0.0,0.0,0.0,0.0,0.0,0.0,0.0,0.0,Matches,GeMFnl331990
469,Nico Williams,FW,es Spain,21,2002,6,6,492,5.5,2,1,3,2,0,0,0,0,1.0,1.0,1.6,2.6,31,21,67,0.37,0.18,0.55,0.37,0.55,0.18,0.3,0.47,0.18,0.47,Matches,NiFWes212002
470,Patrick Wimmer,FW/MF,at Austria,22,2001,3,1,138,1.5,0,0,0,0,0,0,2,0,0.2,0.2,0.1,0.2,5,4,10,0.0,0.0,0.0,0.0,0.0,0.11,0.04,0.15,0.11,0.15,Matches,PaFWat222001
471,Jonas Wind,FW,dk Denmark,24,1999,4,3,193,2.1,0,1,1,0,0,0,1,0,0.5,0.5,0.8,1.2,0,2,21,0.0,0.47,0.47,0.0,0.47,0.21,0.37,0.58,0.21,0.58,Matches,JoFWdk241999
472,Florian Wirtz,FW/MF,de Germany,20,2003,5,3,279,3.1,2,0,2,2,0,0,1,0,0.6,0.6,0.8,1.4,17,20,34,0.65,0.0,0.65,0.65,0.65,0.23,0.27,0.5,0.23,0.5,Matches,FlFWde202003
473,Maximilian Wöber,DF,at Austria,25,1998,3,2,175,1.9,0,0,0,0,0,0,1,0,0.0,0.0,0.1,0.1,2,7,2,0.0,0.0,0.0,0.0,0.0,0.0,0.07,0.07,0.0,0.07,Matches,MaDFat251998
474,Granit Xhaka,MF,ch Switzerland,31,1992,5,5,480,5.3,0,0,0,0,0,0,1,0,0.2,0.2,0.4,0.6,8,36,7,0.0,0.0,0.0,0.0,0.0,0.04,0.07,0.11,0.04,0.11,Matches,GrMFch311992
475,Lamine Yamal,FW,es Spain,16,2007,7,6,503,5.6,1,4,5,1,0,0,1,0,1.8,1.8,2.7,4.5,31,23,44,0.18,0.72,0.89,0.18,0.89,0.33,0.48,0.81,0.33,0.81,Matches,LaFWes162007
476,Roman Yaremchuk,FW,ua Ukraine,28,1995,3,1,121,1.3,1,0,1,1,0,0,1,0,0.4,0.4,0.1,0.6,3,3,11,0.74,0.0,0.74,0.74,0.74,0.33,0.11,0.44,0.33,0.44,Matches,RoFWua281995
477,Andriy Yarmolenko,FW/MF,ua Ukraine,34,1989,3,1,104,1.2,0,0,0,0,0,0,0,0,0.5,0.5,0.0,0.5,4,6,11,0.0,0.0,0.0,0.0,0.0,0.42,0.0,0.42,0.42,0.42,Matches,AnFWua341989
478,Yusuf Yazıcı,MF/FW,tr Türkiye,27,1997,2,0,57,0.6,0,0,0,0,0,0,0,0,0.2,0.2,0.0,0.2,0,3,2,0.0,0.0,0.0,0.0,0.0,0.28,0.0,0.28,0.28,0.28,Matches,YuMFtr271997
479,Kenan Yıldız,FW/MF,tr Türkiye,18,2005,5,4,345,3.8,0,0,0,0,0,0,1,0,0.7,0.7,0.1,0.8,12,6,23,0.0,0.0,0.0,0.0,0.0,0.18,0.02,0.2,0.18,0.2,Matches,KeFWtr182005
480,Okay Yokuşlu,MF/DF,tr Türkiye,29,1994,3,0,55,0.6,0,0,0,0,0,0,0,0,0.0,0.0,0.0,0.0,0,2,0,0.0,0.0,0.0,0.0,0.0,0.08,0.0,0.08,0.08,0.08,Matches,OkMFtr291994
481,İsmail Yüksek,MF,tr Türkiye,25,1999,3,2,152,1.7,0,1,1,0,0,0,2,0,0.1,0.1,0.1,0.2,2,4,2,0.0,0.59,0.59,0.0,0.59,0.04,0.09,0.12,0.04,0.12,Matches,İsMFtr251999
482,Illia Zabarnyi,DF,ua Ukraine,21,2002,3,3,270,3.0,0,0,0,0,0,0,0,0,0.0,0.0,0.1,0.1,0,14,0,0.0,0.0,0.0,0.0,0.0,0.0,0.03,0.03,0.0,0.03,Matches,IlDFua212002
483,Mattia Zaccagni,MF/FW,it Italy,28,1995,3,0,82,0.9,1,0,1,1,0,0,0,0,0.2,0.2,0.4,0.6,2,3,14,1.1,0.0,1.1,1.1,1.1,0.24,0.43,0.67,0.24,0.67,Matches,MaMFit281995
484,Denis Zakaria,MF,ch Switzerland,27,1996,1,0,23,0.3,0,0,0,0,0,0,0,0,0.0,0.0,0.0,0.0,0,0,0,0.0,0.0,0.0,0.0,0.0,,,,,,Matches,DeMFch271996
485,Nicola Zalewski,DF,pl Poland,22,2002,3,3,247,2.7,0,0,0,0,0,0,1,0,0.1,0.1,0.1,0.2,11,14,9,0.0,0.0,0.0,0.0,0.0,0.04,0.04,0.09,0.04,0.09,Matches,NiDFpl222002
486,Piotr Zieliński,MF,pl Poland,29,1994,3,3,253,2.8,0,1,1,0,0,0,0,0,0.5,0.5,0.4,0.8,16,10,11,0.0,0.36,0.36,0.0,0.36,0.16,0.14,0.3,0.16,0.3,Matches,PiMFpl291994
487,Oleksandr Zinchenko,DF,ua Ukraine,27,1996,3,2,213,2.4,0,1,1,0,0,0,0,0,0.0,0.0,0.2,0.3,3,11,6,0.0,0.42,0.42,0.0,0.42,0.02,0.1,0.12,0.02,0.12,Matches,OlDFua271996
488,Joshua Zirkzee,FW/DF,nl Netherlands,22,2001,2,0,5,0.1,0,0,0,0,0,0,0,0,0.0,0.0,0.0,0.0,0,0,2,0.0,0.0,0.0,0.0,0.0,0.0,0.0,0.0,0.0,0.0,Matches,JoFWnl222001
489,Andrija Živković,DF,rs Serbia,27,1996,3,3,244,2.7,0,0,0,0,0,0,0,0,0.0,0.0,0.7,0.7,8,12,16,0.0,0.0,0.0,0.0,0.0,0.0,0.24,0.24,0.0,0.24,Matches,AnDFrs271996
490,Budu Zivzivadze,FW/MF,ge Georgia,29,1994,2,0,18,0.2,0,0,0,0,0,0,0,0,0.1,0.1,0.0,0.1,0,1,1,0.0,0.0,0.0,0.0,0.0,0.45,0.0,0.45,0.45,0.45,Matches,BuFWge291994
491,Steven Zuber,MF,ch Switzerland,32,1991,2,0,77,0.9,0,0,0,0,0,0,0,0,0.2,0.2,0.0,0.2,0,2,7,0.0,0.0,0.0,0.0,0.0,0.39,0.04,0.42,0.39,0.42,Matches,StMFch321991
492,Martín Zubimendi,MF,es Spain,24,1999,4,1,141,1.6,0,0,0,0,0,0,0,0,0.0,0.0,0.0,0.0,5,17,3,0.0,0.0,0.0,0.0,0.0,0.0,0.01,0.01,0.0,0.01,Matches,MaMFes241999
493,Oleksandr Zubkov,FW,ua Ukraine,27,1996,1,0,24,0.3,0,0,0,0,0,0,0,0,0.0,0.0,0.0,0.0,0,2,1,0.0,0.0,0.0,0.0,0.0,0.0,0.0,0.0,0.0,0.0,Matches,OlFWua271996
