Rk,Player,Pos,Squad,Age,Born,90s,PerformanceCrdY,PerformanceCrdR,Performance2CrdY,PerformanceFls,PerformanceFld,PerformanceOff,PerformanceCrs,PerformanceInt,PerformanceTklW,PerformancePKwon,PerformancePKcon,PerformanceOG,PerformanceRecov,AerialDuelsWon,AerialDuelsLost,AerialDuelsWon%,Matches,ID
1,Che Adams,FW,sct Scotland,27,1996,2.3,0,0,0,6,3,1,1,1,1,0,0,0,2,3,8,27.3,Matches,ChFWsc271996
2,Michel Aebischer,DF,ch Switzerland,27,1997,5.3,0,0,0,2,7,1,3,2,3,0,0,0,20,4,6,40.0,Matches,MiDFch271997
3,Arlind Ajeti,DF,al Albania,30,1993,3.0,0,0,0,1,0,0,0,6,0,0,0,0,5,4,9,30.8,Matches,ArDFal301993
4,Manuel Akanji,DF,ch Switzerland,28,1995,5.3,0,0,0,2,2,0,0,4,2,0,0,0,24,7,6,53.8,Matches,MaDFch281995
5,Samet Akaydın,DF,tr Türkiye,29,1994,3.7,2,0,0,3,1,0,0,7,4,0,0,1,9,10,6,62.5,Matches,SaDFtr291994
6,Nathan Aké,DF,nl Netherlands,28,1995,5.2,1,0,0,3,1,0,1,6,5,0,0,0,11,3,4,42.9,Matches,NaDFnl281995
7,Yunus Akgün,FW,tr Türkiye,23,2000,0.8,0,0,0,0,2,0,3,0,1,0,0,0,2,0,0,,Matches,YuFWtr232000
8,Kerem Aktürkoğlu,FW/MF,tr Türkiye,25,1998,1.2,0,0,0,2,0,1,3,1,1,0,0,0,6,0,2,0.0,Matches,KeFWtr251998
9,Trent Alexander-Arnold,MF/DF,eng England,25,1998,1.5,0,0,0,1,3,0,5,2,0,0,0,0,3,1,0,100.0,Matches,TrMFen251998
10,Denis Alibec,FW,ro Romania,33,1991,0.3,0,0,0,2,3,0,0,0,0,0,0,0,0,0,0,,Matches,DeFWro331991
11,Barış Alper Yılmaz,FW,tr Türkiye,23,2000,5.0,0,0,0,3,11,2,8,0,0,0,0,0,14,5,10,33.3,Matches,BaFWtr232000
12,Sandro Altunashvili,MF,ge Georgia,26,1997,0.6,0,0,0,1,0,0,1,0,0,0,0,0,3,0,0,,Matches,SaMFge261997
13,Zeki Amdouni,MF/FW,ch Switzerland,23,2000,0.6,0,0,0,1,2,0,0,0,0,0,0,0,4,1,1,50.0,Matches,ZeMFch232000
14,Joachim Andersen,DF,dk Denmark,27,1996,4.0,1,0,0,8,0,0,5,2,1,0,1,0,9,18,4,81.8,Matches,JoDFdk271996
15,Robert Andrich,MF,de Germany,29,1994,3.5,2,0,0,11,3,0,1,2,8,0,0,0,15,6,8,42.9,Matches,RoMFde291994
16,Waldemar Anton,DF,de Germany,27,1996,0.4,0,0,0,0,0,0,0,0,0,0,0,0,2,1,0,100.0,Matches,WaDFde271996
17,Stuart Armstrong,MF,sct Scotland,31,1992,0.2,0,0,0,1,0,0,3,0,0,0,0,0,1,1,1,50.0,Matches,StMFsc311992
18,Marko Arnautović,FW,at Austria,34,1989,3.1,1,0,0,6,6,3,2,0,1,0,0,0,4,4,7,36.4,Matches,MaFWat341989
19,Jasir Asani,FW,al Albania,28,1995,2.3,0,0,0,2,5,1,4,4,1,0,0,0,8,0,2,0.0,Matches,JaFWal281995
20,Kristjan Asllani,MF,al Albania,21,2002,3.0,0,0,0,2,4,1,13,3,1,0,0,0,8,0,2,0.0,Matches,KrMFal212002
21,Kaan Ayhan,MF/DF,tr Türkiye,29,1994,4.0,1,0,0,3,4,0,1,2,3,0,0,0,6,7,3,70.0,Matches,KaMFtr291994
22,Alex Baena,MF/FW,es Spain,22,2001,0.3,0,0,0,1,0,0,0,0,1,0,0,0,1,0,1,0.0,Matches,AlMFes222001
23,Alexander Bah,DF/MF,dk Denmark,26,1997,3.1,0,0,0,3,2,0,6,5,4,0,0,0,9,7,3,70.0,Matches,AlDFdk261997
24,Nedim Bajrami,FW/MF,al Albania,24,1999,2.7,1,0,0,2,0,2,4,0,1,0,0,0,10,1,1,50.0,Matches,NeFWal241999
25,Johan Bakayoko,FW/DF,be Belgium,20,2003,0.5,0,0,0,0,1,0,0,0,1,0,0,0,2,0,0,,Matches,JoFWbe202003
26,Jure Balkovec,DF,si Slovenia,29,1994,1.3,1,0,0,1,0,0,1,2,3,0,0,0,1,1,2,33.3,Matches,JuDFsi291994
27,Iván Balliu,DF,al Albania,32,1992,1.0,0,0,0,0,1,0,0,2,0,0,0,0,2,0,0,,Matches,IvDFal321992
28,Nicușor Bancu,DF,ro Romania,31,1992,3.0,2,0,0,4,2,0,5,0,2,0,0,0,10,1,1,50.0,Matches,NiDFro311992
29,Antonín Barák,MF,cz Czechia,29,1994,0.5,2,1,1,3,1,0,1,0,1,0,0,0,4,0,2,0.0,Matches,AnMFcz291994
30,Bradley Barcola,FW/MF,fr France,21,2002,1.1,0,0,0,1,3,0,1,0,4,0,0,0,4,0,0,,Matches,BrFWfr212002
31,Abdülkerim Bardakcı,DF,tr Türkiye,29,1994,4.0,2,0,0,3,1,0,1,2,2,0,0,0,17,7,7,50.0,Matches,AbDFtr291994
32,Nicolò Barella,MF,it Italy,26,1997,3.7,1,0,0,5,2,1,2,3,5,0,0,0,14,1,1,50.0,Matches,NiMFit261997
33,Alessandro Bastoni,DF,it Italy,24,1999,4.0,0,0,0,3,6,0,1,1,2,0,0,0,24,4,5,44.4,Matches,AlDFit241999
34,Martin Baturina,FW,hr Croatia,20,2003,0.1,0,0,0,0,0,0,0,0,1,0,0,0,1,0,0,,Matches,MaFWhr202003
35,Christoph Baumgartner,MF/FW,at Austria,24,1999,3.2,1,0,0,4,8,1,6,1,1,0,0,0,14,5,9,35.7,Matches,ChMFat241999
36,Altay Bayındır,GK,tr Türkiye,25,1998,1.0,0,0,0,0,0,0,0,0,0,0,0,0,3,1,0,100.0,Matches,AlGKtr251998
37,Jan Bednarek,DF,pl Poland,27,1996,3.0,0,0,0,2,4,0,0,3,1,0,0,0,8,2,5,28.6,Matches,JaDFpl271996
38,Maximilian Beier,FW,de Germany,21,2002,0.3,0,0,0,0,0,0,1,0,0,0,0,0,0,1,0,100.0,Matches,MaFWde212002
39,Jude Bellingham,MF/FW,eng England,20,2003,7.4,2,0,0,6,16,0,8,4,11,0,0,0,27,6,13,31.6,Matches,JuMFen202003
40,László Bénes,MF,sk Slovakia,26,1997,0.8,0,0,0,0,0,0,6,0,1,0,0,0,5,0,0,,Matches,LáMFsk261997
41,Bartosz Bereszyński,DF,pl Poland,31,1992,0.1,0,0,0,0,0,0,1,0,0,0,0,0,0,0,0,,Matches,BaDFpl311992
42,Steven Bergwijn,FW,nl Netherlands,26,1997,1.0,0,0,0,1,1,1,2,0,0,0,0,0,5,0,0,,Matches,StFWnl261997
43,Medon Berisha,MF,al Albania,20,2003,0.2,1,0,0,1,0,0,0,1,0,0,0,0,3,0,2,0.0,Matches,MeMFal202003
44,Victor Bernth Kristiansen,DF/MF,dk Denmark,21,2002,1.7,0,0,0,0,0,1,4,0,3,0,0,0,6,2,5,28.6,Matches,ViDFdk212002
45,Matúš Bero,MF/DF,sk Slovakia,28,1995,0.5,0,0,0,0,0,0,2,1,1,0,0,0,3,0,0,,Matches,MaMFsk281995
46,Jaka Bijol,DF,si Slovenia,24,1999,4.3,2,0,0,6,0,1,1,6,6,0,0,0,9,9,8,52.9,Matches,JaDFsi241999
47,Veljko Birmančević,DF,rs Serbia,25,1998,0.3,0,0,0,0,1,0,5,2,0,0,0,0,0,0,1,0.0,Matches,VeDFrs251998
48,Daley Blind,FW,nl Netherlands,33,1990,0.0,0,0,0,0,0,0,0,0,0,0,0,0,0,0,0,,Matches,DaFWnl331990
49,Bendegúz Bolla,DF,hu Hungary,24,1999,2.3,1,0,0,3,1,1,8,1,3,0,0,0,3,0,1,0.0,Matches,BeDFhu241999
50,Endre Botka,DF,hu Hungary,29,1994,1.0,0,0,0,2,0,0,0,1,1,0,0,0,2,6,6,50.0,Matches,EnDFhu291994
51,Jarrod Bowen,FW,eng England,27,1996,0.4,0,0,0,1,1,0,3,1,1,0,0,0,1,2,1,66.7,Matches,JaFWen271996
52,Róbert Boženík,FW,sk Slovakia,24,1999,2.3,0,0,0,5,1,0,2,0,3,0,0,0,6,3,10,23.1,Matches,RóFWsk241999
53,Volodymyr Brazhko,MF,ua Ukraine,22,2002,2.0,0,0,0,2,3,0,0,5,5,0,0,0,9,0,3,0.0,Matches,VoMFua222002
54,David Brekalo,MF,si Slovenia,25,1998,0.0,0,0,0,0,0,0,0,0,0,0,0,0,0,0,1,0.0,Matches,DaMFsi251998
55,Brian Brobbey,FW,nl Netherlands,21,2002,0.0,0,0,0,0,0,0,0,0,0,0,0,0,0,0,0,,Matches,BrFWnl212002
56,Armando Broja,FW,al Albania,22,2001,1.2,1,0,0,2,5,0,0,0,1,0,0,0,1,2,1,66.7,Matches,ArFWal222001
57,Marcelo Brozović,MF,hr Croatia,31,1992,2.5,1,0,0,2,0,0,4,4,0,0,0,0,2,1,1,50.0,Matches,MaMFhr311992
58,Jacob Bruun Larsen,FW,dk Denmark,25,1998,0.1,0,0,0,0,0,0,1,0,0,0,0,0,1,0,0,,Matches,JaFWdk251998
59,Ante Budimir,FW,hr Croatia,32,1991,1.4,0,0,0,5,1,0,1,0,2,0,0,0,1,7,11,38.9,Matches,AnteFWhr321991
60,Adam Buksa,FW,pl Poland,27,1996,1.7,0,0,0,2,4,0,0,0,0,0,0,0,0,3,7,30.0,Matches,AdFWpl271996
61,Andrei Burcă,DF,ro Romania,30,1993,4.0,1,0,0,1,1,0,1,1,2,0,0,0,8,6,8,42.9,Matches,AnDFro301993
62,Riccardo Calafiori,DF,it Italy,21,2002,3.0,2,0,0,4,2,0,1,6,1,0,0,1,13,7,2,77.8,Matches,RiDFit212002
63,Hakan Çalhanoğlu,MF,tr Türkiye,29,1994,3.9,2,0,0,7,3,1,16,1,4,0,0,0,22,3,3,50.0,Matches,HaMFtr291994
64,Eduardo Camavinga,MF,fr France,21,2002,1.9,1,0,0,8,6,0,0,1,2,0,0,0,5,2,0,100.0,Matches,EdMFfr212002
65,Andrea Cambiaso,FW/DF,it Italy,23,2000,0.8,0,0,0,2,1,0,5,0,4,0,0,0,4,0,0,,Matches,AnFWit232000
66,Emre Can,MF,de Germany,30,1994,1.1,0,0,0,2,2,0,0,1,3,0,0,0,2,0,1,0.0,Matches,EmMFde301994
67,João Cancelo,DF/MF,pt Portugal,29,1994,3.8,1,0,0,1,4,0,9,4,4,0,0,0,22,4,4,50.0,Matches,JoDFpt291994
68,Yannick Carrasco,DF/FW,be Belgium,30,1993,2.4,0,0,0,2,1,1,3,0,2,0,0,0,11,0,0,,Matches,YaDFbe301993
69,Dani Carvajal,DF,es Spain,32,1992,5.2,3,1,1,5,3,0,10,6,5,0,0,0,18,6,7,46.2,Matches,DaDFes321992
70,Timothy Castagne,DF,be Belgium,28,1995,4.0,0,0,0,2,0,0,5,2,1,0,0,0,14,3,5,37.5,Matches,TiDFbe281995
71,Koen Casteels,GK,be Belgium,31,1992,4.0,0,0,0,0,0,0,0,0,0,0,0,0,6,1,0,100.0,Matches,KoGKbe311992
72,Žan Celar,FW/MF,si Slovenia,24,1999,0.7,1,0,0,1,0,2,0,1,1,0,0,0,1,2,0,100.0,Matches,ŽaFWsi241999
73,Zeki Çelik,DF/MF,tr Türkiye,26,1997,1.2,1,0,0,3,0,0,6,0,0,0,0,0,4,2,2,50.0,Matches,ZeDFtr261997
74,Václav Černý,MF,cz Czechia,26,1997,0.6,0,0,0,1,0,1,5,0,1,0,0,0,2,0,0,,Matches,VáMFcz261997
75,Giorgi Chakvetadze,MF/FW,ge Georgia,24,1999,2.7,0,0,0,4,1,0,4,1,5,0,0,0,10,3,3,50.0,Matches,GicMFge241999
76,Federico Chiesa,FW/MF,it Italy,26,1997,2.9,0,0,0,3,1,0,17,3,4,0,0,0,9,0,1,0.0,Matches,FeFWit261997
77,Tomáš Chorý,MF,cz Czechia,29,1995,0.4,0,1,0,2,1,0,0,0,0,0,0,0,0,2,6,25.0,Matches,ToMFcz291995
78,Andreas Christensen,DF,dk Denmark,27,1996,3.9,0,0,0,2,3,0,0,6,2,0,0,0,10,9,3,75.0,Matches,AnDFdk271996
79,Ryan Christie,MF/FW,sct Scotland,28,1995,1.1,0,0,0,3,4,0,1,0,0,0,0,0,4,4,2,66.7,Matches,RyMFsc281995
80,Mojmir Chytil,FW,cz Czechia,24,1999,1.2,0,0,0,2,3,0,2,0,0,0,0,0,3,3,5,37.5,Matches,MoFWcz241999
81,Alexandru Cicâldău,MF,ro Romania,26,1997,0.2,0,0,0,0,0,0,0,0,0,0,0,0,0,0,0,,Matches,AlMFro261997
82,Florinel Coman,MF,ro Romania,25,1998,1.3,0,0,0,0,1,0,1,1,1,0,0,0,2,1,0,100.0,Matches,FlMFro251998
83,Kingsley Coman,MF,fr France,27,1996,0.2,0,0,0,0,0,0,0,0,0,0,0,0,1,0,0,,Matches,KiMFfr271996
84,Francisco Conceição,FW/MF,pt Portugal,21,2002,2.0,1,0,0,2,3,0,16,0,1,0,0,0,9,0,1,0.0,Matches,FrFWpt212002
85,Diogo Costa,GK,pt Portugal,24,1999,5.7,0,0,0,0,0,0,0,0,0,0,0,0,5,0,0,,Matches,DiGKpt241999
86,Vladimír Coufal,DF/FW,cz Czechia,31,1992,3.0,1,0,0,1,1,0,22,2,4,0,0,0,12,3,5,37.5,Matches,VlDFcz311992
87,Bryan Cristante,MF,it Italy,28,1995,1.5,1,0,0,3,1,0,3,2,0,0,0,0,4,3,1,75.0,Matches,BrMFit281995
88,Kevin Csoboth,DF,hu Hungary,23,2000,0.1,2,0,0,2,2,0,0,0,0,0,0,0,2,0,0,,Matches,KeDFhu232000
89,Marc Cucurella,DF,es Spain,25,1998,6.1,0,0,0,8,12,0,5,8,9,0,0,0,21,9,6,60.0,Matches,MaDFes251998
90,Mirlind Daku,FW,al Albania,26,1998,0.1,1,0,0,1,0,1,0,0,0,0,0,0,1,1,0,100.0,Matches,MiFWal261998
91,Diogo Dalot,DF/MF,pt Portugal,24,1999,1.7,0,0,0,2,0,0,3,1,1,0,0,0,10,2,0,100.0,Matches,DiDFpt241999
92,Mikkel Damsgaard,FW,dk Denmark,23,2000,0.4,0,0,0,0,0,0,1,1,1,0,0,0,2,1,1,50.0,Matches,MiFWdk232000
93,Kevin Danso,DF,at Austria,25,1998,2.4,1,0,0,4,5,0,0,0,0,0,0,0,11,6,8,42.9,Matches,KeDFat251998
94,Márton Dárdai,DF,hu Hungary,21,2002,1.9,0,0,0,3,3,0,0,0,1,0,0,0,0,4,0,100.0,Matches,MáDFhu212002
95,Matteo Darmian,DF,it Italy,34,1989,1.8,0,0,0,4,1,1,1,1,1,0,0,0,8,1,0,100.0,Matches,MaDFit341989
96,Zuriko Davitashvili,FW/MF,ge Georgia,22,2001,1.3,1,0,0,1,4,0,1,0,3,0,0,0,1,1,2,33.3,Matches,ZuFWge222001
97,Paweł Dawidowicz,DF,pl Poland,28,1995,2.0,1,0,0,5,0,0,0,0,0,0,0,0,5,2,1,66.7,Matches,PaDFpl281995
98,Kevin De Bruyne,MF,be Belgium,32,1991,4.0,0,0,0,5,6,2,21,0,1,0,0,0,16,7,1,87.5,Matches,KeMFbe321991
99,Charles De Ketelaere,FW,be Belgium,22,2001,0.0,0,0,0,0,1,0,0,0,0,0,0,0,0,0,0,,Matches,ChFWbe222001
100,Zeno Debast,DF,be Belgium,20,2003,1.2,0,0,0,3,0,0,0,0,1,0,0,0,7,1,1,50.0,Matches,ZeDFbe202003
101,Thomas Delaney,MF,dk Denmark,32,1991,0.9,0,0,0,3,1,1,1,2,0,0,0,0,4,2,3,40.0,Matches,ThMFdk321991
102,Ousmane Dembélé,FW/MF,fr France,26,1997,4.0,1,0,0,7,7,1,36,1,5,1,0,0,12,3,2,60.0,Matches,OuFWfr261997
103,Merih Demiral,DF,tr Türkiye,25,1998,2.3,0,0,0,2,2,0,2,4,2,0,0,0,5,14,4,77.8,Matches,MeDFtr251998
104,Giovanni Di Lorenzo,DF/FW,it Italy,30,1993,4.0,0,0,0,4,6,1,2,6,9,0,0,0,11,6,3,66.7,Matches,GiDFit301993
105,Rúben Dias,DF,pt Portugal,26,1997,4.7,0,0,0,2,0,1,3,3,1,0,0,0,8,11,7,61.1,Matches,RúDFpt261997
106,Federico Dimarco,DF/FW,it Italy,26,1997,2.5,0,0,0,0,2,0,12,2,2,0,0,0,7,1,1,50.0,Matches,FeDFit261997
107,Berat Djimsiti,DF,al Albania,30,1993,3.0,0,0,0,1,2,0,0,2,0,0,0,0,5,6,2,75.0,Matches,BeDFal301993
108,Jeremy Doku,FW/MF,be Belgium,21,2002,3.6,0,0,0,5,8,0,8,1,2,0,0,0,12,1,2,33.3,Matches,JeFWbe212002
109,Kasper Dolberg,FW,dk Denmark,26,1997,0.4,0,0,0,0,0,0,1,0,1,0,0,0,1,1,0,100.0,Matches,KaFWdk261997
110,Gianluigi Donnarumma,GK,it Italy,24,1999,4.0,1,0,0,0,1,0,0,0,0,0,0,0,4,1,0,100.0,Matches,GiGKit241999
111,David Doudera,FW,cz Czechia,25,1998,1.0,0,0,0,0,0,0,1,0,2,0,0,0,4,0,0,,Matches,DaFWcz251998
112,Artem Dovbyk,FW,ua Ukraine,26,1997,2.7,1,0,0,3,2,3,0,1,2,0,0,0,6,7,2,77.8,Matches,ArFWua261997
113,Denis Drăguș,FW,ro Romania,24,1999,3.2,0,0,0,8,3,1,1,1,1,0,0,0,8,2,12,14.3,Matches,DeFWro241999
114,Radu Drăgușin,DF,ro Romania,21,2002,4.0,0,0,0,1,5,0,0,6,1,0,0,0,13,5,3,62.5,Matches,RaDFro212002
115,Vanja Drkušič,DF,si Slovenia,24,1999,4.3,1,0,0,7,1,0,1,1,7,0,1,0,13,6,4,60.0,Matches,VaDFsi241999
116,Kwadwo Duah,FW,ch Switzerland,26,1997,1.2,0,0,0,1,1,1,1,1,1,0,0,0,2,5,2,71.4,Matches,KwFWch261997
117,Martin Dúbravka,GK,sk Slovakia,35,1989,4.3,0,0,0,0,1,0,0,1,0,0,0,0,1,5,0,100.0,Matches,MaGKsk351989
118,Ondrej Duda,MF,sk Slovakia,29,1994,3.5,1,0,0,9,6,0,9,3,3,0,0,0,11,3,3,50.0,Matches,OnMFsk291994
119,Denzel Dumfries,DF,nl Netherlands,27,1996,5.0,2,0,0,9,4,1,18,3,5,0,1,0,15,7,5,58.3,Matches,DeDFnl271996
120,Dávid Ďuriš,FW/MF,sk Slovakia,24,1999,0.3,0,0,0,0,0,0,0,0,0,0,0,0,0,0,0,,Matches,DáFWsk241999
121,Lasha Dvali,DF,ge Georgia,28,1995,4.0,0,0,0,2,0,0,0,1,3,0,0,0,7,6,9,40.0,Matches,LaDFge281995
122,Timi Elšnik,MF,si Slovenia,25,1998,4.0,0,0,0,4,3,0,4,4,7,0,0,0,22,4,2,66.7,Matches,TiMFsi251998
123,Breel Embolo,FW,ch Switzerland,26,1997,3.3,0,0,0,4,9,1,1,1,3,0,0,0,7,2,9,18.2,Matches,BrFWch261997
124,Christian Eriksen,MF/FW,dk Denmark,31,1992,3.9,0,0,0,0,4,1,32,2,2,0,0,0,22,0,2,0.0,Matches,ChMFdk311992
125,Eberechi Eze,DF/MF,eng England,25,1998,1.1,0,0,0,1,5,0,5,0,0,0,0,0,4,1,5,16.7,Matches,EbDFen251998
126,Wout Faes,DF,be Belgium,25,1998,4.0,1,0,0,4,2,0,0,4,7,0,0,0,14,3,9,25.0,Matches,WoDFbe251998
127,Nicolò Fagioli,MF,it Italy,22,2001,1.1,1,0,0,1,0,0,4,0,1,0,0,0,5,0,0,,Matches,NiMFit222001
128,João Félix,MF/FW,pt Portugal,24,1999,1.2,0,0,0,0,1,0,7,0,0,0,0,0,5,0,0,,Matches,JoMFpt241999
129,Bruno Fernandes,MF,pt Portugal,29,1994,4.2,0,0,0,5,6,2,32,2,5,0,0,0,22,2,5,28.6,Matches,BrMFpt291994
130,Attila Fiola,DF,hu Hungary,33,1990,2.0,0,0,0,5,3,0,1,0,1,0,0,0,2,1,2,33.3,Matches,AtDFhu331990
131,Phil Foden,FW/MF,eng England,23,2000,6.9,1,0,0,1,6,4,27,1,4,0,0,0,20,2,4,33.3,Matches,PhFWen232000
132,Youssouf Fofana,MF,fr France,25,1999,0.5,0,0,0,1,0,0,0,1,1,0,0,0,2,1,0,100.0,Matches,YoMFfr251999
133,Michael Folorunsho,FW,it Italy,25,1998,0.0,0,0,0,0,1,0,0,0,0,0,0,0,0,0,1,0.0,Matches,MiFWit251998
134,Przemysław Frankowski,DF,pl Poland,28,1995,3.0,0,0,0,5,1,0,7,1,5,0,0,0,13,1,3,25.0,Matches,PrDFpl281995
135,Davide Frattesi,MF,it Italy,24,1999,2.1,0,0,0,4,6,1,2,0,1,0,1,0,4,1,2,33.3,Matches,DaMFit241999
136,Remo Freuler,MF,ch Switzerland,31,1992,5.1,1,0,0,10,1,0,0,4,5,0,0,0,11,6,1,85.7,Matches,ReMFch311992
137,Jeremie Frimpong,FW,nl Netherlands,23,2000,1.0,0,0,0,1,0,0,0,0,0,0,0,0,4,0,1,0.0,Matches,JeFWnl232000
138,Chris Führich,FW,de Germany,26,1998,0.2,0,0,0,0,0,0,0,0,1,0,0,0,2,0,0,,Matches,ChFWde261998
139,Niclas Füllkrug,FW,de Germany,30,1993,1.8,0,0,0,1,2,4,0,0,0,0,0,0,1,8,2,80.0,Matches,NiFWde301993
140,Mijat Gaćinović,DF,rs Serbia,28,1995,0.5,1,0,0,1,0,0,3,0,1,0,0,0,2,2,2,50.0,Matches,MijDFrs281995
141,Cody Gakpo,FW,nl Netherlands,24,1999,5.8,0,0,0,6,8,6,22,4,8,0,0,0,18,6,4,60.0,Matches,CoFWnl241999
142,Conor Gallagher,MF,eng England,23,2000,1.3,1,0,0,5,5,0,0,1,0,0,0,0,2,2,2,50.0,Matches,CoMFen232000
143,Dániel Gazdag,MF,hu Hungary,27,1996,0.0,0,0,0,0,0,0,0,0,1,0,0,0,0,0,0,,Matches,DáMFhu271996
144,Lutsharel Geertruida,DF,nl Netherlands,23,2000,1.2,0,0,0,2,2,0,1,0,3,0,0,0,1,0,1,0.0,Matches,LuDFnl232000
145,Billy Gilmour,MF,sct Scotland,22,2001,2.0,0,0,0,0,1,0,4,0,1,0,0,0,8,4,1,80.0,Matches,BiMFsc222001
146,Olivier Giroud,FW,fr France,37,1986,0.7,0,0,0,1,2,0,0,0,0,0,0,0,0,3,1,75.0,Matches,OlFWfr371986
147,Klaus Gjasula,MF,al Albania,34,1989,0.2,1,0,0,1,0,0,0,0,0,0,0,1,2,1,1,50.0,Matches,KlMFal341989
148,Adam Gnezda Čerin,MF,si Slovenia,24,1999,4.3,0,0,0,10,4,0,10,5,5,0,0,0,16,5,2,71.4,Matches,AdMFsi241999
149,Anthony Gordon,FW,eng England,22,2001,0.0,0,0,0,0,0,0,0,0,0,0,0,0,0,0,0,,Matches,AnFWen222001
150,Jon Gorenc Stanković,MF,si Slovenia,28,1996,1.0,1,0,0,1,1,0,0,0,1,0,0,0,1,0,1,0.0,Matches,JoMFsi281996
151,Michael Gregoritsch,FW,at Austria,29,1994,1.4,0,0,0,4,0,0,1,0,1,0,0,0,3,3,4,42.9,Matches,MiFWat291994
152,Antoine Griezmann,MF/FW,fr France,32,1991,4.4,1,0,0,2,6,0,27,1,3,0,0,0,11,1,3,25.0,Matches,AnMFfr321991
153,Florian Grillitsch,MF,at Austria,28,1995,2.2,0,0,0,2,3,0,2,6,1,0,0,0,11,1,1,50.0,Matches,FlMFat281995
154,Álex Grimaldo,DF,es Spain,28,1995,1.3,0,0,0,0,0,0,16,3,1,0,0,0,3,1,0,100.0,Matches,ÁlDFes281995
155,Pascal Groß,MF,de Germany,32,1991,0.5,0,0,0,1,0,0,1,0,1,0,0,0,4,1,1,50.0,Matches,PaMFde321991
156,Kamil Grosicki,MF,pl Poland,35,1988,0.2,0,0,0,0,0,0,2,0,0,0,0,0,0,0,0,,Matches,KaMFpl351988
157,Nemanja Gudelj,MF,rs Serbia,32,1991,1.0,1,0,0,2,1,0,0,1,0,0,0,0,1,0,1,0.0,Matches,NeMFrs321991
158,Marc Guéhi,DF,eng England,23,2000,6.3,2,0,0,5,8,0,0,2,2,0,0,0,28,12,16,42.9,Matches,MaDFen232000
159,Péter Gulácsi,GK,hu Hungary,33,1990,3.0,0,0,0,0,0,0,0,0,0,0,0,0,1,2,0,100.0,Matches,PaGulGKhu331990
160,Arda Güler,FW/MF,tr Türkiye,18,2005,3.8,1,0,0,2,6,1,26,3,5,0,0,0,16,0,7,0.0,Matches,ArFWtr182005
161,İlkay Gündoğan,MF,de Germany,33,1990,4.3,0,0,0,4,7,1,3,1,4,1,0,0,10,3,4,42.9,Matches,İlMFde331990
162,Angus Gunn,GK,sct Scotland,28,1996,3.0,0,0,0,0,0,0,0,0,0,0,0,0,10,0,0,,Matches,AnGKsc281996
163,Mert Günok,GK,tr Türkiye,34,1989,4.0,1,0,0,0,0,0,0,0,0,0,0,0,3,2,0,100.0,Matches,MeGKtr341989
164,Joško Gvardiol,DF,hr Croatia,22,2002,3.0,0,0,0,6,3,0,0,5,3,0,0,0,16,0,5,0.0,Matches,JoDFhr222002
165,Giorgi Gwelesiani,DF,ge Georgia,32,1991,1.8,1,0,0,0,0,0,0,2,3,0,0,0,1,0,0,,Matches,GiDFge321991
166,Norbert Gyömbér,DF,sk Slovakia,31,1992,0.4,1,0,0,3,1,0,1,1,0,0,0,0,1,0,2,0.0,Matches,NoDFsk311992
167,Ianis Hagi,MF,ro Romania,25,1998,2.1,0,0,0,3,4,1,8,0,3,1,0,0,6,2,3,40.0,Matches,IaMFro251998
168,Dávid Hancko,DF,sk Slovakia,26,1997,4.1,0,0,0,5,3,1,11,3,5,0,1,0,17,6,6,50.0,Matches,DáDFsk261997
169,Grant Hanley,DF,sct Scotland,32,1991,2.5,0,0,0,4,1,0,0,1,0,0,0,0,8,10,4,71.4,Matches,GrDFsc321991
170,Lukáš Haraslín,FW,sk Slovakia,27,1996,2.9,0,0,0,2,6,1,14,3,4,0,0,0,6,2,1,66.7,Matches,LuFWsk271996
171,Kai Havertz,FW/MF,de Germany,24,1999,4.3,0,0,0,6,2,3,1,0,1,0,0,0,10,9,12,42.9,Matches,KaFWde241999
172,Jack Hendry,DF,sct Scotland,28,1995,2.9,0,0,0,4,4,0,1,1,1,0,0,0,5,10,3,76.9,Matches,JaDFsc281995
173,Benjamin Henrichs,DF,de Germany,26,1997,0.1,0,0,0,0,0,0,0,0,0,0,0,0,0,0,0,,Matches,BeDFde261997
174,Theo Hernández,DF,fr France,26,1997,6.3,0,0,0,2,12,0,11,3,6,0,0,0,25,2,1,66.7,Matches,ThDFfr261997
175,Morten Hjulmand,MF,dk Denmark,24,1999,2.7,2,0,0,4,1,0,2,1,1,0,0,0,17,0,2,0.0,Matches,MoMFdk241999
176,Adam Hložek,MF,cz Czechia,21,2002,1.2,0,0,0,2,1,0,0,1,0,0,0,0,3,0,1,0.0,Matches,AdMFcz212002
177,Tomáš Holeš,DF,cz Czechia,30,1993,3.0,1,0,0,3,2,0,5,2,5,0,0,0,8,6,2,75.0,Matches,ToDFcz301993
178,Arbër Hoxha,FW/MF,al Albania,25,1998,0.6,1,0,0,1,3,0,1,0,2,0,0,0,6,0,1,0.0,Matches,ArFWal251998
179,Robin Hranáč,DF,cz Czechia,24,2000,3.0,0,0,0,6,0,0,0,0,1,0,1,1,12,3,1,75.0,Matches,RoDFcz242000
180,Elseid Hysaj,DF,al Albania,29,1994,2.0,1,0,0,0,0,0,3,0,1,0,0,0,6,0,2,0.0,Matches,ElDFal291994
181,Pierre Højbjerg,MF,dk Denmark,28,1995,3.9,0,0,0,5,4,0,6,3,7,0,0,0,28,2,1,66.7,Matches,PiMFdk281995
182,Rasmus Højlund,FW,dk Denmark,20,2003,3.2,0,0,0,5,4,3,1,1,1,0,0,0,6,4,7,36.4,Matches,RaFWdk202003
183,Ivan Ilić,MF,rs Serbia,22,2001,2.2,0,0,0,2,3,0,4,0,4,0,0,0,13,3,2,60.0,Matches,IvMFrs222001
184,Josip Iličić,FW/MF,si Slovenia,36,1988,0.3,0,0,0,1,1,0,0,0,1,0,0,0,3,0,0,,Matches,JoFWsi361988
185,Gonçalo Inácio,DF,pt Portugal,22,2001,1.3,0,0,0,0,0,0,1,1,2,0,0,0,6,4,0,100.0,Matches,GoDFpt222001
186,Luka Ivanušec,MF,hr Croatia,25,1998,0.2,1,0,0,1,0,0,0,0,0,0,0,0,2,0,0,,Matches,LuMFhr251998
187,Erik Janža,DF,si Slovenia,30,1993,3.0,2,0,0,3,4,0,12,2,4,0,0,0,4,4,1,80.0,Matches,ErDFsi301993
188,Jorginho,MF,it Italy,32,1991,2.4,0,0,0,0,1,0,0,4,2,0,0,0,10,0,1,0.0,Matches,JoMFit321991
189,Joselu,FW,es Spain,33,1990,1.0,0,0,0,1,1,1,0,0,0,0,0,0,2,3,3,50.0,Matches,JoFWes331990
190,Diogo Jota,FW/MF,pt Portugal,27,1996,1.1,0,0,0,2,2,0,1,0,2,1,0,0,5,2,6,25.0,Matches,DiFWpt271996
191,Luka Jović,MF/FW,rs Serbia,26,1997,1.1,1,0,0,4,1,1,1,0,0,0,0,0,2,1,3,25.0,Matches,LuMFrs261997
192,Josip Juranović,DF,hr Croatia,28,1995,1.0,0,0,0,0,1,0,8,1,3,0,0,0,5,2,0,100.0,Matches,JoDFhr281995
193,David Jurásek,DF,cz Czechia,23,2000,1.8,1,0,0,1,0,0,15,1,2,0,0,0,5,2,2,50.0,Matches,DaDFcz232000
194,Matěj Jurásek,DF/MF,cz Czechia,20,2003,0.5,0,0,0,0,1,0,9,0,1,0,0,0,5,0,0,,Matches,MaDFcz202003
195,Ferdi Kadioglu,DF/MF,tr Türkiye,24,1999,5.0,0,0,0,1,8,0,4,7,12,0,0,0,25,3,6,33.3,Matches,FeDFtr241999
196,İrfan Kahveci,FW,tr Türkiye,28,1995,0.1,0,0,0,0,0,0,0,0,0,0,0,0,0,0,0,,Matches,İrFWtr281995
197,Otar Kakabadze,DF/MF,ge Georgia,28,1995,4.0,0,0,0,3,4,0,5,4,8,0,0,0,21,4,7,36.4,Matches,OtDFge281995
198,Harry Kane,FW,eng England,30,1993,6.7,2,0,0,6,11,0,4,1,3,1,0,0,11,12,14,46.2,Matches,HaFWen301993
199,N'Golo Kanté,MF,fr France,32,1991,5.7,0,0,0,6,1,0,3,6,9,0,0,0,27,2,2,50.0,Matches,N'MFfr321991
200,Žan Karničnik,DF,si Slovenia,29,1994,4.3,1,0,0,3,3,0,5,8,4,0,0,0,26,0,9,0.0,Matches,ŽaDFsi291994
201,Guram Kashia,DF,ge Georgia,36,1987,4.0,1,0,0,2,1,0,0,1,4,0,0,0,9,8,7,53.3,Matches,GuDFge361987
202,Milos Kerkez,DF,hu Hungary,20,2003,2.6,0,0,0,2,7,0,14,0,2,0,0,0,9,2,3,40.0,Matches,MiDFhu202003
203,Semih Kılıçsoy,FW,tr Türkiye,18,2005,0.0,0,0,0,0,0,0,0,0,0,0,0,0,1,0,0,,Matches,SeFWtr182005
204,Joshua Kimmich,DF,de Germany,28,1995,5.3,0,0,0,3,3,1,24,6,4,0,0,0,23,3,4,42.9,Matches,JoDFde281995
205,Otar Kiteishvili,MF,ge Georgia,27,1996,1.4,0,0,0,1,0,0,0,0,4,0,0,0,8,1,0,100.0,Matches,OtMFge271996
206,Jakub Kiwior,DF,pl Poland,23,2000,3.0,0,0,0,1,2,0,2,5,4,0,1,0,6,6,3,66.7,Matches,JaDFpl232000
207,László Kleinheisler,MF,hu Hungary,29,1994,0.6,1,0,0,1,0,0,0,0,0,0,0,0,2,1,0,100.0,Matches,LáMFhu291994
208,Giorgi Kochorashvili,MF,ge Georgia,24,1999,4.0,1,0,0,7,10,0,1,5,5,0,0,0,31,1,2,33.3,Matches,GiMFge241999
209,Orkun Kökçü,MF,tr Türkiye,23,2000,2.5,2,0,0,4,3,0,3,1,2,0,0,0,17,1,3,25.0,Matches,OrMFtr232000
210,Randal Kolo Muani,FW,fr France,25,1998,2.2,0,0,0,6,5,1,0,1,0,0,0,0,9,2,3,40.0,Matches,RaFWfr251998
211,Yukhym Konoplia,DF,ua Ukraine,24,1999,0.8,1,0,0,1,0,0,2,0,0,0,0,0,2,0,1,0.0,Matches,YuDFua241999
212,Ezri Konsa,DF,eng England,26,1997,1.0,0,0,0,0,2,0,0,0,0,0,0,0,1,0,1,0.0,Matches,EzDFen261997
213,Filip Kostić,DF,rs Serbia,31,1992,0.5,0,0,0,0,0,0,3,0,0,0,0,0,1,0,0,,Matches,FiDFrs311992
214,Jules Koundé,DF,fr France,25,1998,6.3,0,0,0,4,3,0,22,2,12,0,0,0,18,7,4,63.6,Matches,JuDFfr251998
215,Mateo Kovačić,MF,hr Croatia,29,1994,2.5,0,0,0,3,4,0,0,3,6,0,0,0,14,0,0,,Matches,MaMFhr291994
216,Matej Kovar,GK,cz Czechia,23,2000,0.4,0,0,0,0,0,0,0,0,0,0,0,0,0,0,0,,Matches,MaGKcz232000
217,Andrej Kramarić,FW,hr Croatia,32,1991,2.7,0,0,0,4,3,0,7,1,0,0,0,0,6,2,2,50.0,Matches,AnFWhr321991
218,Ladislav Krejčí,DF,cz Czechia,24,1999,3.0,1,0,0,6,0,0,2,5,2,0,0,0,11,6,2,75.0,Matches,LaDFcz241999
219,Toni Kroos,MF,de Germany,34,1990,5.2,1,0,0,7,6,0,35,7,4,0,0,0,34,1,1,50.0,Matches,ToMFde341990
220,Jan Kuchta,FW,cz Czechia,27,1997,1.1,0,0,0,1,0,0,0,0,1,0,0,0,4,1,7,12.5,Matches,JaFWcz271997
221,Juraj Kucka,MF,sk Slovakia,36,1987,3.9,1,0,0,6,4,0,3,2,1,0,0,0,13,7,3,70.0,Matches,JuMFsk361987
222,Jasmin Kurtić,FW,si Slovenia,35,1989,0.0,0,0,0,0,0,0,0,0,0,0,0,0,0,0,0,,Matches,JaFWsi351989
223,Khvicha Kvaratskhelia,FW,ge Georgia,22,2001,3.8,0,0,0,2,10,0,15,0,3,0,0,0,13,0,6,0.0,Matches,KhFWge222001
224,Nika Kvekveskiri,MF,ge Georgia,31,1992,0.1,0,0,0,0,0,0,0,1,0,0,0,0,0,0,0,,Matches,NiMFge311992
225,Giorgi Kvilitaia,FW,ge Georgia,30,1993,0.0,0,0,0,1,0,0,0,0,0,0,0,0,1,0,0,,Matches,GiFWge301993
226,Saba Kvirkvelia,DF,ge Georgia,31,1992,2.0,1,0,0,1,1,0,0,1,3,0,0,0,5,5,1,83.3,Matches,SaDFge311992
227,Qazim Laçi,MF/FW,al Albania,28,1996,1.8,0,0,0,1,0,0,4,3,3,0,0,0,7,2,2,50.0,Matches,QaMFal281996
228,Konrad Laimer,MF/FW,at Austria,26,1997,3.0,1,0,0,5,1,0,2,2,1,0,0,0,14,1,2,33.3,Matches,KoMFat261997
229,Ádám Lang,DF,hu Hungary,31,1993,0.5,0,0,0,0,0,0,0,1,0,0,0,0,1,0,1,0.0,Matches,ÁdDFhu311993
230,Aymeric Laporte,DF,es Spain,29,1994,5.8,0,0,0,2,5,0,2,6,3,0,0,0,13,8,6,57.1,Matches,AyDFes291994
231,Robin Le Normand,DF,es Spain,27,1996,4.9,2,0,0,9,3,0,0,2,2,0,0,1,15,13,8,61.9,Matches,RoDFes271996
232,Rafael Leão,FW,pt Portugal,24,1999,3.2,2,0,0,3,5,0,15,1,2,0,0,0,10,2,1,66.7,Matches,RaFWpt241999
233,Robert Lewandowski,FW,pl Poland,35,1988,1.3,1,0,0,5,3,0,0,0,2,0,0,0,6,1,4,20.0,Matches,RoFWpl351988
234,Philipp Lienhart,DF,at Austria,27,1996,2.4,1,0,0,4,2,0,0,2,2,0,0,0,7,5,4,55.6,Matches,PhDFat271996
235,Ondřej Lingr,MF/FW,cz Czechia,25,1998,0.9,0,0,0,0,2,1,1,0,2,0,0,0,5,2,1,66.7,Matches,OnMFcz251998
236,Dominik Livaković,GK,hr Croatia,29,1995,3.0,0,0,0,0,0,0,0,1,0,0,0,0,7,0,0,,Matches,DoGKhr291995
237,Stanislav Lobotka,MF,sk Slovakia,29,1994,4.3,0,0,0,1,6,0,0,3,6,0,0,0,25,1,2,33.3,Matches,StMFsk291994
238,Saba Lobzhanidze,FW,ge Georgia,29,1994,0.1,0,0,0,0,0,0,1,0,0,0,0,0,0,0,0,,Matches,SaFWge291994
239,Luka Lochoshvili,DF/MF,ge Georgia,25,1998,1.9,0,0,0,1,3,0,4,3,3,1,0,0,9,2,3,40.0,Matches,LuDFge251998
240,Fermin López,MF,es Spain,20,2003,0.3,0,0,0,1,1,0,0,0,1,0,0,0,2,0,0,,Matches,FeMFes202003
241,Romelu Lukaku,FW,be Belgium,30,1993,4.0,0,0,0,2,2,3,0,0,0,0,0,0,8,6,7,46.2,Matches,RoFWbe301993
242,Dodi Lukebakio,FW/DF,be Belgium,26,1997,0.7,2,0,0,3,4,0,1,0,1,0,0,0,2,0,0,,Matches,DoFWbe261997
243,Saša Lukić,MF,rs Serbia,27,1996,2.3,1,0,0,4,1,0,1,3,5,0,0,0,10,1,2,33.3,Matches,SaMFrs271996
244,Andriy Lunin,GK,ua Ukraine,24,1999,1.0,0,0,0,0,0,0,0,0,0,0,0,0,2,0,0,,Matches,AnGKua241999
245,Mike Maignan,GK,fr France,28,1995,6.3,0,0,0,0,2,0,0,0,0,0,0,0,15,2,0,100.0,Matches,MiGKfr281995
246,Kobbie Mainoo,MF,eng England,18,2005,4.1,1,0,0,2,4,0,3,6,5,0,0,0,12,2,3,40.0,Matches,KoMFen182005
247,Lovro Majer,FW/MF,hr Croatia,26,1998,1.6,0,0,0,2,2,0,4,0,3,0,0,0,9,1,1,50.0,Matches,LoFWhr261998
248,Donyell Malen,FW,nl Netherlands,25,1999,2.1,1,0,0,1,6,1,8,2,0,0,0,1,10,1,1,50.0,Matches,DoFWnl251999
249,Ruslan Malinovskyi,MF,ua Ukraine,30,1993,0.4,0,0,0,2,0,0,3,1,1,0,0,0,4,0,1,0.0,Matches,RuMFua301993
250,Giorgi Mamardashvili,GK,ge Georgia,23,2000,4.0,0,0,0,0,1,0,0,0,0,0,0,0,2,2,0,100.0,Matches,GiGKge232000
251,Dennis Man,MF,ro Romania,25,1998,3.0,0,0,0,1,1,0,8,1,0,0,0,0,10,4,8,33.3,Matches,DeMFro251998
252,Rey Manaj,FW,al Albania,26,1997,1.7,0,0,0,5,5,0,0,1,2,0,0,0,2,4,6,40.0,Matches,ReFWal261997
253,Gianluca Mancini,DF,it Italy,27,1996,1.0,1,0,0,2,1,0,0,0,0,0,0,0,4,2,1,66.7,Matches,GiDFit271996
254,Orel Mangala,MF,be Belgium,25,1998,1.5,2,0,0,4,2,0,0,4,3,0,0,0,4,0,0,,Matches,OrMFbe251998
255,Marius Marin,MF,ro Romania,25,1998,3.4,2,0,0,7,5,0,1,4,3,0,0,0,11,0,2,0.0,Matches,MaMFro251998
256,Răzvan Marin,MF,ro Romania,27,1996,3.9,1,0,0,3,3,1,5,0,2,0,0,0,12,2,4,33.3,Matches,RăMFro271996
257,Ádám Martin,FW/DF,hu Hungary,29,1994,0.5,0,0,0,1,1,0,1,0,0,0,0,0,2,2,4,33.3,Matches,ÁdFWhu291994
258,Mykola Matviyenko,DF,ua Ukraine,27,1996,3.0,0,0,0,1,3,0,1,4,3,0,0,0,11,4,2,66.7,Matches,MyDFua271996
259,Kylian Mbappé,FW,fr France,25,1998,5.2,1,0,0,1,6,1,7,0,0,0,0,0,10,2,0,100.0,Matches,KyFWfr251998
260,John McGinn,MF/FW,sct Scotland,29,1994,2.6,1,0,0,3,9,0,4,1,1,0,0,0,6,3,3,50.0,Matches,JoMFsc291994
261,Callum McGregor,MF,sct Scotland,30,1993,2.7,0,0,0,2,1,0,1,2,1,0,0,0,8,4,4,50.0,Matches,CaMFsc301993
262,Scott McKenna,DF,sct Scotland,27,1996,1.5,1,0,0,3,0,0,1,2,0,0,0,0,5,9,3,75.0,Matches,ScDFsc271996
263,Kenny McLean,MF,sct Scotland,32,1992,0.5,0,0,0,0,2,0,0,0,2,0,0,0,2,1,1,50.0,Matches,KeMFsc321992
264,Scott McTominay,MF,sct Scotland,27,1996,3.0,2,0,0,3,6,0,9,3,2,0,0,0,6,6,5,54.5,Matches,ScMFsc271996
265,Anzor Mekvabishvili,MF,ge Georgia,22,2001,2.1,2,0,0,2,1,0,1,5,3,0,0,0,6,0,3,0.0,Matches,AnMFge222001
266,Memphis,FW/MF,nl Netherlands,29,1994,5.1,0,0,0,7,7,3,31,1,1,0,0,0,8,2,8,20.0,Matches,MeFWnl291994
267,Nuno Mendes,DF,pt Portugal,21,2002,4.7,0,0,0,3,6,0,12,5,6,0,0,0,14,10,5,66.7,Matches,NuDFpt212002
268,Mikel Merino,MF/FW,es Spain,27,1996,2.0,0,0,0,9,1,0,2,2,3,0,0,0,12,9,5,64.3,Matches,MiMFes271996
269,Valentin Mihaila,MF,ro Romania,23,2000,1.3,0,0,0,1,1,0,1,2,2,0,0,0,4,1,2,33.3,Matches,VaMFro232000
270,Srđan Mijailović,DF,rs Serbia,30,1993,0.8,0,0,0,0,0,0,3,1,1,0,0,0,3,1,1,50.0,Matches,SrDFrs301993
271,Georges Mikautadze,FW,ge Georgia,23,2000,3.8,0,0,0,1,7,1,4,0,1,0,0,0,6,1,13,7.1,Matches,GeFWge232000
272,Nikola Milenković,DF,rs Serbia,26,1997,3.0,1,0,0,4,3,0,0,2,3,0,0,0,12,6,2,75.0,Matches,NiDFrs261997
273,Sergej Milinković-Savić,MF,rs Serbia,28,1995,1.3,0,0,0,4,0,0,3,1,2,0,0,0,6,3,1,75.0,Matches,SeMFrs281995
274,Mario Mitaj,DF,al Albania,20,2003,3.0,0,0,0,2,3,0,2,7,4,0,0,0,15,0,6,0.0,Matches,MaDFal202003
275,Aleksandar Mitrović,FW,rs Serbia,29,1994,2.7,1,0,0,2,6,1,0,0,0,0,0,0,6,15,19,44.1,Matches,AlFWrs291994
276,Maximilian Mittelstädt,DF,de Germany,26,1997,3.4,2,0,0,4,9,0,24,2,2,0,0,0,17,0,3,0.0,Matches,MaDFde261997
277,Filip Mladenović,DF,rs Serbia,32,1991,1.2,1,0,0,1,3,0,8,2,1,0,0,0,3,0,1,0.0,Matches,FiDFrs321991
278,Jan Mlakar,MF,si Slovenia,25,1998,3.3,0,0,0,3,1,0,1,1,3,0,0,0,8,1,7,12.5,Matches,JaMFsi251998
279,Jakub Moder,MF,pl Poland,24,1999,2.0,1,0,0,1,3,0,3,1,2,0,0,0,12,2,3,40.0,Matches,JaMFpl241999
280,Luka Modrić,MF,hr Croatia,38,1985,2.6,1,0,0,3,2,0,9,1,4,0,0,0,20,1,1,50.0,Matches,LuMFhr381985
281,Vasile Mogos,DF,ro Romania,31,1992,0.4,0,0,0,0,2,0,0,0,0,0,0,0,0,0,0,,Matches,VaDFro311992
282,Álvaro Morata,FW,es Spain,31,1992,5.0,2,0,0,12,9,3,2,0,4,0,0,0,8,11,6,64.7,Matches,ÁlFWes311992
283,Lewis Morgan,DF,sct Scotland,27,1996,0.0,0,0,0,0,0,1,0,1,0,0,0,0,1,0,0,,Matches,LeDFsc271996
284,Ernest Muçi,FW,al Albania,22,2001,0.2,0,0,0,0,0,0,0,0,0,0,0,0,2,1,0,100.0,Matches,ErFWal222001
285,Mykhailo Mudryk,FW/MF,ua Ukraine,23,2001,1.9,0,0,0,0,3,0,10,0,2,0,0,0,8,3,2,60.0,Matches,MyFWua232001
286,Mert Müldür,DF/MF,tr Türkiye,24,1999,3.8,1,0,0,2,5,0,5,5,6,0,0,1,11,3,4,42.9,Matches,MeDFtr241999
287,Thomas Müller,MF/FW,de Germany,34,1989,0.6,0,0,0,1,1,0,5,0,1,0,0,0,2,0,1,0.0,Matches,ThMFde341989
288,Jamal Musiala,FW,de Germany,20,2003,4.7,0,0,0,4,13,0,3,4,4,0,0,0,20,1,0,100.0,Matches,JaFWde202003
289,Phillipp Mwene,DF,at Austria,30,1994,2.2,1,0,0,4,3,0,10,0,4,0,0,0,10,2,1,66.7,Matches,PhDFat301994
290,Vitaliy Mykolenko,DF,ua Ukraine,24,1999,0.6,0,0,0,1,0,0,3,0,0,0,0,0,2,0,0,,Matches,ViDFua241999
291,Joakim Mæhle,DF/MF,dk Denmark,26,1997,3.1,2,0,0,4,1,1,10,3,4,0,0,0,11,3,3,50.0,Matches,JoDFdk261997
292,Nacho,DF,es Spain,34,1990,2.9,0,0,0,1,3,0,0,0,1,0,0,0,10,5,3,62.5,Matches,NaDFes341990
293,Ádám Nagy,MF,hu Hungary,28,1995,1.8,0,0,0,0,0,0,1,4,2,0,0,0,7,1,2,33.3,Matches,ÁdMFhu281995
294,Zsolt Nagy,DF,hu Hungary,30,1993,0.2,0,0,0,0,1,1,2,0,0,0,0,0,2,1,1,50.0,Matches,ZsDFhu301993
295,Jesús Navas,DF,es Spain,38,1985,1.7,1,0,0,2,1,0,9,1,2,0,0,0,3,0,1,0.0,Matches,JeDFes381985
296,Dan Ndoye,MF/DF,ch Switzerland,23,2000,4.5,1,0,0,9,10,2,6,2,3,0,0,0,21,0,2,0.0,Matches,DaMFch232000
297,Pedro Neto,DF/FW,pt Portugal,23,2000,1.3,1,0,0,1,1,0,11,2,1,0,0,0,8,1,3,25.0,Matches,PeDFpt232000
298,Manuel Neuer,GK,de Germany,37,1986,5.3,0,0,0,0,1,0,0,0,0,0,0,0,3,1,0,100.0,Matches,MaGKde371986
299,João Neves,MF,pt Portugal,19,2004,0.9,0,0,0,1,1,0,1,5,0,0,0,0,8,0,1,0.0,Matches,JoMFpt192004
300,Rúben Neves,MF,pt Portugal,26,1997,1.4,1,0,0,3,0,0,9,1,1,0,0,0,5,0,2,0.0,Matches,RúMFpt261997
301,Florin Niță,GK,ro Romania,36,1987,4.0,0,0,0,0,0,0,0,0,0,0,0,0,9,3,0,100.0,Matches,FlGKro361987
302,Matheus Nunes,MF,pt Portugal,25,1998,0.2,0,0,0,0,0,0,1,0,0,0,0,0,2,0,0,,Matches,MaMFpt251998
303,Christian Nørgaard,MF,dk Denmark,29,1994,0.4,1,0,0,2,0,0,2,0,0,0,0,0,2,2,3,40.0,Matches,ChMFdk291994
304,Adam Obert,DF,sk Slovakia,21,2002,0.3,0,0,0,1,0,0,1,0,1,0,0,0,2,0,0,,Matches,AdDFsk212002
305,Jan Oblak,GK,si Slovenia,31,1993,4.3,0,0,0,0,2,0,0,0,0,0,0,0,3,2,0,100.0,Matches,JaGKsi311993
306,Darius Olaru,MF,ro Romania,25,1998,0.3,0,0,0,0,0,0,1,0,0,0,0,0,1,0,0,,Matches,DaMFro251998
307,Dani Olmo,MF/FW,es Spain,25,1998,4.8,1,0,0,2,7,0,4,2,3,0,0,0,17,2,2,50.0,Matches,DaMFes251998
308,Amadou Onana,MF,be Belgium,22,2001,4.0,0,0,0,1,4,0,0,3,6,0,0,0,9,6,4,60.0,Matches,AmMFbe222001
309,Loïs Openda,FW,be Belgium,23,2000,0.8,0,0,0,3,0,0,2,1,1,0,0,0,0,1,2,33.3,Matches,LoFWbe232000
310,Willi Orban,DF,hu Hungary,31,1992,3.0,1,0,0,2,2,1,0,1,7,0,0,0,17,5,7,41.7,Matches,WiDFhu311992
311,Mikel Oyarzabal,FW,es Spain,26,1997,2.2,0,0,0,3,2,1,2,0,1,0,0,0,10,1,4,20.0,Matches,MiFWes261997
312,Salih Özcan,MF,tr Türkiye,26,1998,1.7,1,0,0,6,2,0,0,7,3,0,0,0,6,2,1,66.7,Matches,SaMFtr261998
313,João Palhinha,MF,pt Portugal,28,1995,3.3,2,0,0,6,6,0,0,8,9,0,0,0,15,8,5,61.5,Matches,JoMFpt281995
314,Cole Palmer,MF/FW,eng England,21,2002,1.7,0,0,0,2,4,0,9,0,0,0,0,0,5,0,0,,Matches,CoMFen212002
315,Mario Pašalić,FW/MF,hr Croatia,28,1995,1.3,0,0,0,1,0,0,1,0,0,0,0,0,6,4,2,66.7,Matches,MaFWhr281995
316,Strahinja Pavlović,DF,rs Serbia,22,2001,3.0,0,0,0,2,4,0,6,4,6,0,0,0,12,7,4,63.6,Matches,StDFrs222001
317,Pedri,MF,es Spain,21,2002,2.1,0,0,0,2,4,1,1,1,3,0,0,0,10,0,0,,Matches,PeMFes212002
318,Peter Pekarík,DF,sk Slovakia,37,1986,4.2,1,0,0,3,2,3,5,7,0,0,0,0,10,5,6,45.5,Matches,PeDFsk371986
319,Lorenzo Pellegrini,FW/MF,it Italy,27,1996,2.4,1,0,0,3,4,0,6,2,0,0,0,0,11,3,0,100.0,Matches,LoFWit271996
320,Patrick Pentz,GK,at Austria,27,1997,4.0,0,0,0,0,1,0,0,0,0,0,0,0,8,2,0,100.0,Matches,PaGKat271997
321,Pepe,DF,pt Portugal,40,1983,4.5,0,0,0,2,3,1,0,5,5,0,0,0,26,11,2,84.6,Matches,PeDFpt401983
322,Danilo Pereira,DF,pt Portugal,32,1991,1.0,0,0,0,0,0,0,0,1,0,0,0,0,9,3,1,75.0,Matches,DaDFpt321991
323,Ayoze Pérez,FW,es Spain,30,1993,0.1,0,0,0,0,0,0,0,0,0,0,0,0,2,0,0,,Matches,AyFWes301993
324,Ivan Perišić,DF/FW,hr Croatia,34,1989,1.5,0,0,0,4,0,0,14,1,0,0,0,0,5,3,2,60.0,Matches,IvDFhr341989
325,Bruno Petković,FW,hr Croatia,29,1994,1.0,0,0,0,1,5,0,0,0,0,1,0,0,1,5,2,71.4,Matches,BrFWhr291994
326,Krzysztof Piątek,FW,pl Poland,28,1995,0.7,0,0,0,1,1,0,1,0,1,0,0,0,2,0,5,0.0,Matches,KrFWpl281995
327,Jordan Pickford,GK,eng England,29,1994,7.7,0,0,0,0,0,0,0,0,0,0,0,0,5,0,0,,Matches,JoGKen291994
328,Jakub Piotrowski,MF,pl Poland,26,1997,0.6,0,0,0,1,1,0,1,0,0,0,0,0,3,1,1,50.0,Matches,JaMFpl261997
329,Marin Pongračić,DF,hr Croatia,26,1997,2.0,1,0,0,6,2,0,0,2,1,0,0,0,5,0,4,0.0,Matches,MaDFhr261997
330,Ryan Porteous,DF,sct Scotland,24,1999,0.5,0,1,0,1,0,0,0,0,1,0,1,0,2,1,1,50.0,Matches,RyDFsc241999
331,Stefan Posch,DF,at Austria,26,1997,4.0,1,0,0,10,3,0,13,6,9,0,0,0,14,6,7,46.2,Matches,StDFat261997
332,Yussuf Poulsen,FW/MF,dk Denmark,29,1994,0.6,0,0,0,3,0,0,1,0,0,0,0,0,1,5,2,71.4,Matches,YuFWdk291994
333,Alexander Prass,DF,at Austria,22,2001,1.8,0,0,0,3,2,0,7,2,2,0,0,0,11,1,0,100.0,Matches,AlDFat222001
334,Lukáš Provod,MF,cz Czechia,27,1996,2.6,1,0,0,5,5,0,2,0,5,0,0,0,16,4,1,80.0,Matches,LuMFcz271996
335,George Pușcaș,FW,ro Romania,27,1996,0.4,1,0,0,4,0,0,0,0,0,0,0,0,1,5,5,50.0,Matches,GeFWro271996
336,Leopold Querfeld,DF,at Austria,20,2003,0.3,1,0,0,1,0,0,0,1,2,0,0,0,0,1,2,33.3,Matches,LeDFat202003
337,Adrien Rabiot,MF,fr France,28,1995,4.1,2,0,0,5,5,0,3,1,5,0,0,0,20,2,0,100.0,Matches,AdMFfr281995
338,Bogdan Racovitan,DF,ro Romania,23,2000,0.6,0,0,0,1,0,0,0,1,0,0,0,0,0,2,2,50.0,Matches,BoDFro232000
339,Predrag Rajković,GK,rs Serbia,28,1995,3.0,0,0,0,0,1,0,0,0,0,0,0,0,3,0,0,,Matches,PrGKrs281995
340,Anthony Ralston,DF,sct Scotland,25,1998,2.9,1,0,0,4,3,0,9,1,2,0,0,0,4,7,4,63.6,Matches,AnDFsc251998
341,Ylber Ramadani,MF,al Albania,27,1996,2.9,0,0,0,1,6,0,2,4,3,0,0,0,15,1,2,33.3,Matches,YlMFal271996
342,Gonçalo Ramos,FW,pt Portugal,22,2001,0.3,0,0,0,0,1,0,0,0,0,0,0,0,1,0,2,0.0,Matches,GoFWpt222001
343,Giacomo Raspadori,FW,it Italy,23,2000,0.9,0,0,0,0,1,0,10,0,1,0,0,0,3,0,0,,Matches,GiFWit232000
344,Andrei Ratiu,DF,ro Romania,25,1998,4.0,0,0,0,0,1,0,3,6,5,0,0,0,12,2,5,28.6,Matches,AnDFro251998
345,David Raum,DF,de Germany,25,1998,1.8,1,0,0,2,3,0,7,0,5,0,0,0,8,1,1,50.0,Matches,DaDFde251998
346,David Raya,GK,es Spain,28,1995,1.0,0,0,0,0,0,0,0,0,0,0,0,0,1,0,0,,Matches,DaGKes281995
347,Tijjani Reijnders,MF,nl Netherlands,25,1998,5.5,0,0,0,1,4,0,1,6,6,0,0,0,18,0,2,0.0,Matches,TiMFnl251998
348,Mateo Retegui,FW,it Italy,24,1999,1.7,0,0,0,0,5,1,0,0,1,0,0,0,2,5,5,50.0,Matches,MaFWit241999
349,Declan Rice,MF,eng England,25,1999,7.7,0,0,0,5,3,0,7,8,15,0,0,0,37,8,6,57.1,Matches,DeMFen251999
350,Fabian Rieder,MF,ch Switzerland,21,2002,2.4,0,0,0,2,5,0,14,0,3,0,0,0,10,0,4,0.0,Matches,FaMFch212002
351,Andrew Robertson,DF,sct Scotland,29,1994,3.0,0,0,0,1,2,0,13,1,5,0,0,0,7,2,1,66.7,Matches,AnDFsc291994
352,Rodri,MF,es Spain,27,1996,5.8,3,0,0,7,7,0,0,1,7,0,1,0,41,8,5,61.5,Matches,RoMFes271996
353,Ricardo Rodríguez,DF,ch Switzerland,31,1992,5.3,1,0,0,3,2,0,10,3,6,0,0,0,11,3,5,37.5,Matches,RiDFch311992
354,Taras Romanchuk,MF,pl Poland,32,1991,0.6,0,0,0,1,0,0,0,0,1,0,0,0,0,0,0,,Matches,TaMFpl321991
355,Cristiano Ronaldo,FW,pt Portugal,38,1985,5.4,1,0,0,5,3,8,4,0,1,0,0,0,6,7,8,46.7,Matches,CrFWpt381985
356,Antonio Rüdiger,DF,de Germany,30,1993,5.3,2,0,0,5,3,0,8,2,4,0,0,1,27,4,7,36.4,Matches,AnDFde301993
357,Fabián Ruiz Peña,MF,es Spain,27,1996,6.0,1,0,0,4,4,0,11,5,6,0,0,0,46,1,1,50.0,Matches,FaMFes271996
358,Adrian Rus,MF,ro Romania,27,1996,0.2,0,0,0,0,0,0,0,0,0,0,0,0,0,1,0,100.0,Matches,AdMFro271996
359,Marcel Sabitzer,FW/MF,at Austria,29,1994,4.0,0,0,0,1,2,1,29,3,1,1,0,0,16,1,6,14.3,Matches,MaFWat291994
360,Bukayo Saka,FW/DF,eng England,22,2001,7.0,1,0,0,7,13,2,20,1,4,0,0,0,22,3,6,33.3,Matches,BuFWen222001
361,Bartosz Salamon,DF,pl Poland,32,1991,0.9,0,0,0,1,0,0,0,2,2,0,0,0,2,1,0,100.0,Matches,BaDFpl321991
362,William Saliba,DF,fr France,22,2001,6.3,1,0,0,8,1,0,0,4,2,0,0,0,20,4,7,36.4,Matches,WiDFfr222001
363,Roland Sallai,MF,hu Hungary,26,1997,3.0,0,0,0,0,9,2,7,1,2,0,0,0,11,0,5,0.0,Matches,RoMFhu261997
364,Lazar Samardzic,MF,rs Serbia,21,2002,0.6,0,0,0,0,0,0,4,0,0,0,0,0,2,0,1,0.0,Matches,LaMFrs212002
365,Leroy Sané,FW,de Germany,28,1996,2.3,0,0,0,2,3,0,3,0,1,0,0,0,10,0,2,0.0,Matches,LeFWde281996
366,Leo Sauer,FW,sk Slovakia,18,2005,0.1,0,0,0,0,1,0,1,0,0,0,0,0,0,0,0,,Matches,LeFWsk182005
367,Gianluca Scamacca,FW,it Italy,25,1999,2.8,0,0,0,2,2,0,0,2,1,0,0,0,4,1,2,33.3,Matches,GiFWit251999
368,András Schäfer,MF,hu Hungary,24,1999,3.0,1,0,0,5,2,0,2,1,3,0,0,0,7,3,5,37.5,Matches,AnMFhu241999
369,Fabian Schär,DF,ch Switzerland,32,1991,5.3,1,0,0,6,4,0,6,9,4,0,0,0,15,8,13,38.1,Matches,FaDFch321991
370,Patrik Schick,FW,cz Czechia,28,1996,1.4,2,0,0,1,0,0,2,1,1,0,0,0,6,7,8,46.7,Matches,PaFWcz281996
371,Nico Schlotterbeck,DF,de Germany,24,1999,1.3,1,0,0,2,1,0,0,2,1,0,0,0,7,5,1,83.3,Matches,NiDFde241999
372,Kasper Schmeichel,GK,dk Denmark,37,1986,4.0,0,0,0,0,0,0,0,0,0,0,0,0,6,0,0,,Matches,KaGKdk371986
373,Romano Schmid,FW/MF,at Austria,24,2000,1.6,1,0,0,5,1,0,7,0,1,0,0,0,15,0,4,0.0,Matches,RoFWat242000
374,Jerdy Schouten,MF,nl Netherlands,27,1997,5.6,1,0,0,5,2,0,1,5,3,0,0,0,29,4,1,80.0,Matches,JeMFnl271997
375,Ivan Schranz,FW,sk Slovakia,30,1993,3.7,1,0,0,6,2,1,4,2,1,0,0,0,9,4,7,36.4,Matches,IvFWsk301993
376,Taulant Seferi,FW,al Albania,27,1996,1.0,0,0,0,1,2,1,1,2,2,0,0,0,9,1,2,33.3,Matches,TaFWal271996
377,Nicolas Seiwald,MF,at Austria,22,2001,4.0,0,0,0,0,0,0,1,6,7,0,0,0,25,1,1,50.0,Matches,NiMFat222001
378,Nélson Semedo,DF,pt Portugal,30,1993,1.1,0,0,0,2,0,0,3,0,2,0,0,0,2,0,0,,Matches,NéDFpt301993
379,Benjamin Šeško,FW,si Slovenia,20,2003,4.0,0,0,0,4,5,1,1,0,1,0,0,0,13,10,13,43.5,Matches,BeFWsi202003
380,Petr Ševčík,MF,cz Czechia,29,1994,0.2,0,0,0,0,2,0,0,0,0,0,0,0,2,0,1,0.0,Matches,PeMFcz291994
381,Stephan El Shaarawy,FW,it Italy,31,1992,0.5,1,0,0,2,2,0,0,0,0,0,0,0,0,1,1,50.0,Matches,StFWit311992
382,Lawrence Shankland,FW,sct Scotland,28,1995,0.3,0,0,0,1,0,1,1,0,0,0,0,0,0,1,0,100.0,Matches,LaFWsc281995
383,Mykola Shaparenko,MF,ua Ukraine,25,1998,2.4,0,0,0,3,2,0,3,3,0,0,0,0,7,2,1,66.7,Matches,MyMFua251998
384,Xherdan Shaqiri,MF/FW,ch Switzerland,32,1991,0.8,0,0,0,0,1,0,6,0,0,0,0,0,3,1,1,50.0,Matches,XhMFch321991
385,Luke Shaw,DF,eng England,28,1995,2.0,0,0,0,2,0,0,7,2,2,0,0,0,3,2,0,100.0,Matches,LuDFen281995
386,Vincent Sierro,MF,ch Switzerland,28,1995,0.4,1,0,0,1,1,0,1,0,0,0,0,0,3,0,2,0.0,Matches,ViMFch281995
387,António Silva,DF,pt Portugal,20,2003,0.8,0,0,0,1,1,0,0,0,1,0,1,0,5,2,0,100.0,Matches,AnDFpt202003
388,Bernardo Silva,FW/MF,pt Portugal,29,1994,4.7,0,0,0,0,4,1,11,0,4,0,0,0,12,1,1,50.0,Matches,BeFWpt291994
389,Unai Simón,GK,es Spain,26,1997,6.3,1,0,0,0,0,0,0,0,0,0,0,0,9,2,1,66.7,Matches,UnGKes261997
390,Xavi Simons,MF/FW,nl Netherlands,20,2003,5.0,2,0,0,6,7,0,8,5,5,0,0,0,17,2,1,66.7,Matches,XaMFnl202003
391,Michał Skóraś,DF,pl Poland,23,2000,0.3,0,0,0,0,0,0,0,1,1,0,0,0,2,0,0,,Matches,MiDFpl232000
392,Łukasz Skorupski,GK,pl Poland,32,1991,1.0,0,0,0,0,0,0,0,0,0,0,0,0,1,0,0,,Matches,ŁuGKpl321991
393,Andreas Skov Olsen,MF/FW,dk Denmark,24,1999,1.4,0,0,0,2,1,0,3,0,1,0,0,0,5,0,3,0.0,Matches,AnMFdk241999
394,Milan Škriniar,DF,sk Slovakia,28,1995,4.3,1,0,0,3,7,0,0,2,1,0,0,0,15,6,7,46.2,Matches,MiDFsk281995
395,Bartosz Slisz,MF,pl Poland,24,1999,1.2,1,0,0,3,2,0,0,2,1,0,0,0,2,3,1,75.0,Matches,BaMFpl241999
396,Yann Sommer,GK,ch Switzerland,35,1988,5.3,0,0,0,0,0,0,0,0,0,0,0,0,6,0,0,,Matches,YaGKch351988
397,Deian Sorescu,MF/DF,ro Romania,26,1997,0.4,0,0,0,0,0,0,1,1,0,0,0,0,0,0,1,0.0,Matches,DeMFro261997
398,Borna Sosa,DF,hr Croatia,26,1998,0.1,0,0,0,0,0,0,1,0,0,0,0,0,0,0,0,,Matches,BoDFhr261998
399,Tomáš Souček,MF,cz Czechia,28,1995,3.0,2,0,0,7,4,0,2,3,3,0,0,0,15,7,6,53.8,Matches,ToMFcz281995
400,Andraž Šporar,FW,si Slovenia,29,1994,3.8,0,0,0,2,6,4,5,0,2,0,0,0,5,6,13,31.6,Matches,AnFWsi291994
401,Nicolae Stanciu,MF/FW,ro Romania,30,1993,3.9,1,0,0,2,4,0,8,1,2,0,0,0,7,0,1,0.0,Matches,NiMFro301993
402,Jindřich Staněk,GK,cz Czechia,27,1996,2.6,0,0,0,0,0,0,0,0,0,0,0,0,3,0,0,,Matches,JiGKcz271996
403,Josip Stanišić,DF,hr Croatia,23,2000,2.0,1,0,0,1,0,0,4,4,8,0,0,0,4,3,3,50.0,Matches,JosDFhr232000
404,Renato Steffen,DF,ch Switzerland,32,1991,0.0,0,0,0,0,0,0,0,0,0,0,0,0,0,0,0,,Matches,ReDFch321991
405,Taras Stepanenko,MF,ua Ukraine,34,1989,0.9,0,0,0,0,0,0,1,1,3,0,0,0,4,4,1,80.0,Matches,TaMFua341989
406,Leonidas Stergiou,DF,ch Switzerland,21,2002,0.5,0,0,0,2,0,0,0,0,2,0,0,0,0,1,3,25.0,Matches,LeDFch212002
407,Petar Stojanović,MF,si Slovenia,28,1995,3.5,1,0,0,3,2,0,1,1,5,0,0,0,17,3,3,50.0,Matches,PeMFsi281995
408,John Stones,DF,eng England,29,1994,7.7,1,0,0,4,4,0,0,1,3,0,0,0,18,12,6,66.7,Matches,JoDFen291994
409,Thomas Strakosha,GK,al Albania,28,1995,3.0,0,0,0,0,0,0,0,0,0,0,0,0,1,0,0,,Matches,ThGKal281995
410,Dávid Strelec,FW,sk Slovakia,22,2001,2.0,0,0,0,3,1,1,0,0,0,0,0,0,6,6,4,60.0,Matches,DáFWsk222001
411,Callum Styles,MF,hu Hungary,23,2000,0.7,1,0,0,1,1,0,0,1,0,0,0,0,3,1,3,25.0,Matches,CaMFhu232000
412,Luka Sučić,FW/MF,hr Croatia,21,2002,1.6,1,0,0,1,1,0,2,1,0,0,0,0,5,1,1,50.0,Matches,LuFWhr212002
413,Heorhiy Sudakov,MF,ua Ukraine,21,2002,2.9,0,0,0,3,2,0,5,0,1,0,0,0,11,2,3,40.0,Matches,HeMFua212002
414,Pavel Šulc,MF,cz Czechia,23,2000,0.9,0,0,0,1,1,0,0,1,1,0,0,0,4,4,2,66.7,Matches,PaMFcz232000
415,Tomáš Suslov,FW/MF,sk Slovakia,21,2002,1.4,1,0,0,1,3,0,12,1,1,0,0,0,6,0,1,0.0,Matches,ToFWsk212002
416,Josip Šutalo,DF,hr Croatia,23,2000,3.0,0,0,0,6,5,0,0,13,3,0,0,0,13,3,2,60.0,Matches,JoDFhr232000
417,Oleksandr Svatok,DF,ua Ukraine,29,1994,0.9,0,0,0,2,0,0,0,3,0,0,0,0,1,0,0,,Matches,OlDFua291994
418,Karol Świderski,FW,pl Poland,27,1997,1.0,1,0,0,2,2,1,3,0,0,1,0,0,2,0,2,0.0,Matches,KaFWpl271997
419,Serhiy Sydorchuk,MF,ua Ukraine,32,1991,0.1,0,0,0,0,0,0,0,0,0,0,0,0,1,0,0,,Matches,SeMFua321991
420,Attila Szalai,DF,hu Hungary,26,1998,1.1,1,0,0,2,1,0,1,2,2,0,0,0,3,3,1,75.0,Matches,AtDFhu261998
421,Wojciech Szczęsny,GK,pl Poland,33,1990,2.0,1,0,0,1,0,0,0,0,0,0,1,0,4,0,0,,Matches,WoGKpl331990
422,Dominik Szoboszlai,MF,hu Hungary,23,2000,3.0,1,0,0,1,2,0,16,2,0,0,0,0,12,0,5,0.0,Matches,DoMFhu232000
423,Sebastian Szymański,MF,pl Poland,24,1999,1.2,0,0,0,2,3,0,3,3,2,0,0,0,5,0,1,0.0,Matches,SeMFpl241999
424,Dušan Tadić,MF,rs Serbia,35,1988,1.7,1,0,0,1,4,0,14,1,2,0,0,0,6,1,3,25.0,Matches,DuMFrs351988
425,Jonathan Tah,DF,de Germany,27,1996,3.5,2,0,0,6,2,1,0,4,1,0,0,0,10,5,3,62.5,Matches,JoDFde271996
426,Maksym Talovierov,MF,ua Ukraine,23,2000,0.0,0,0,0,0,0,0,0,0,0,0,0,0,0,0,0,,Matches,MaMFua232000
427,Aurélien Tchouaméni,MF,fr France,24,2000,5.2,2,0,0,6,4,0,6,5,7,0,0,0,18,4,3,57.1,Matches,AuMFfr242000
428,Arthur Theate,DF,be Belgium,23,2000,2.8,0,0,0,1,0,0,2,2,2,0,0,0,10,7,5,58.3,Matches,ArDFbe232000
429,Marcus Thuram,FW,fr France,26,1997,2.9,0,0,0,3,4,2,0,0,2,0,0,0,7,9,4,69.2,Matches,MaFWfr261997
430,Youri Tielemans,MF,be Belgium,26,1997,1.6,1,0,0,3,1,0,3,1,2,0,0,0,5,0,2,0.0,Matches,YoMFbe261997
431,Kieran Tierney,DF,sct Scotland,26,1997,1.5,0,0,0,0,2,0,2,0,1,0,0,0,4,1,0,100.0,Matches,KiDFsc261997
432,Ivan Toney,FW/MF,eng England,27,1996,0.5,0,0,0,2,3,0,0,0,1,0,0,0,2,5,2,71.4,Matches,IvFWen271996
433,Ferrán Torres,FW/MF,es Spain,23,2000,1.7,1,0,0,4,2,0,8,1,0,0,0,0,7,4,1,80.0,Matches,FeFWes232000
434,Cenk Tosun,FW,tr Türkiye,32,1991,0.3,1,0,0,0,1,0,0,0,0,0,0,0,0,1,0,100.0,Matches,CeFWtr321991
435,Gernot Trauner,DF,at Austria,31,1992,1.0,0,0,0,2,0,0,0,1,1,0,0,0,6,2,1,66.7,Matches,GeDFat311992
436,Kieran Trippier,DF,eng England,33,1990,5.0,2,0,0,0,4,4,13,5,4,0,0,0,26,8,2,80.0,Matches,KiDFen331990
437,Leandro Trossard,FW,be Belgium,29,1994,1.9,0,0,0,1,4,1,3,0,1,0,0,0,13,1,0,100.0,Matches,LeFWbe291994
438,Anatolii Trubin,GK,ua Ukraine,22,2001,2.0,0,0,0,0,0,0,0,0,0,0,0,0,1,0,0,,Matches,AnGKua222001
439,Heorhii Tsitaishvili,DF/MF,ge Georgia,23,2000,2.1,0,0,0,1,3,0,11,0,4,0,0,0,4,0,2,0.0,Matches,HeDFge232000
440,Viktor Tsyhankov,FW,ua Ukraine,26,1997,0.7,0,0,0,0,1,0,5,0,0,0,0,0,1,0,0,,Matches,ViFWua261997
441,Ľubomír Tupta,MF,sk Slovakia,25,1998,0.1,0,0,0,0,1,0,0,0,0,0,0,0,0,0,0,,Matches,ĽuMFsk251998
442,Oleksandr Tymchyk,DF,ua Ukraine,27,1997,2.2,0,0,0,1,3,0,8,3,4,0,0,0,7,1,0,100.0,Matches,OlDFua271997
443,Deniz Undav,MF,de Germany,27,1996,0.1,1,0,0,1,0,0,0,0,1,0,0,0,0,0,0,,Matches,DeMFde271996
444,Dayot Upamecano,DF,fr France,25,1998,6.3,0,0,0,4,3,0,1,6,7,0,1,0,22,13,4,76.5,Matches,DaDFfr251998
445,Kacper Urbanski,FW/MF,pl Poland,19,2004,1.6,0,0,0,3,1,1,1,1,1,0,0,0,4,1,2,33.3,Matches,KaFWpl192004
446,Virgil van Dijk,DF,nl Netherlands,32,1991,6.0,2,0,0,12,3,0,0,2,2,0,0,0,14,19,3,86.4,Matches,ViDFnl321991
447,Vladyslav Vanat,FW,ua Ukraine,22,2002,0.2,0,0,0,0,1,0,0,0,0,0,0,0,1,0,0,,Matches,VlFWua222002
448,Barnabás Varga,FW,hu Hungary,30,1994,2.8,1,0,0,2,4,4,0,1,1,0,0,0,4,15,14,51.7,Matches,BaFWhu301994
449,Ruben Vargas,MF/FW,ch Switzerland,25,1998,3.4,0,0,0,2,3,2,15,2,5,0,0,0,13,3,6,33.3,Matches,RuMFch251998
450,Denis Vavro,DF,sk Slovakia,27,1996,4.3,1,0,0,1,2,1,3,2,1,0,0,0,20,11,1,91.7,Matches,DeDFsk271996
451,Joey Veerman,MF,nl Netherlands,25,1998,2.3,1,0,0,2,0,0,13,1,1,0,0,0,11,2,0,100.0,Matches,JoMFnl251998
452,Miloš Veljković,DF,rs Serbia,28,1995,3.0,0,0,0,1,1,0,2,0,0,0,0,0,10,5,7,41.7,Matches,MiDFrs281995
453,Micky van de Ven,DF,nl Netherlands,22,2001,0.8,0,0,0,1,2,0,1,0,1,0,0,0,2,1,2,33.3,Matches,MiDFnl222001
454,Benjamin Verbič,MF,si Slovenia,30,1993,0.8,0,0,0,1,1,1,1,1,2,0,0,0,2,2,3,40.0,Matches,BeMFsi301993
455,Bart Verbruggen,GK,nl Netherlands,21,2002,6.0,0,0,0,0,0,0,0,0,1,0,0,0,10,0,0,,Matches,BaGKnl212002
456,Jan Vertonghen,DF,be Belgium,36,1987,3.0,1,0,0,2,1,0,0,0,2,0,0,1,8,6,2,75.0,Matches,JaDFbe361987
457,Jannik Vestergaard,DF,dk Denmark,31,1992,4.0,1,0,0,4,3,0,0,4,3,0,0,0,18,14,8,63.6,Matches,JaDFdk311992
458,Žan Vipotnik,FW,si Slovenia,21,2002,0.2,1,0,0,1,0,0,0,0,0,0,0,0,0,2,0,100.0,Matches,ŽaFWsi212002
459,Vitinha,MF,pt Portugal,23,2000,4.0,0,0,0,0,10,0,15,2,3,0,0,0,26,0,0,,Matches,ViMFpt232000
460,Daniel Vivian,DF,es Spain,24,1999,1.4,1,0,0,1,1,0,0,1,2,0,0,0,8,1,1,50.0,Matches,DaDFes241999
461,Dušan Vlahović,MF/FW,rs Serbia,24,2000,2.0,0,0,0,3,1,0,0,1,0,0,0,0,2,2,3,40.0,Matches,DuMFrs242000
462,Stefan de Vrij,DF,nl Netherlands,31,1992,6.0,0,0,0,5,3,0,1,2,7,0,0,0,16,13,5,72.2,Matches,StDFnl311992
463,Kyle Walker,DF,eng England,33,1990,7.7,0,0,0,4,3,1,4,6,4,0,0,0,30,6,3,66.7,Matches,KyDFen331990
464,Ollie Watkins,FW,eng England,28,1995,0.7,1,0,0,1,0,0,0,1,0,0,0,0,0,1,4,20.0,Matches,OlFWen281995
465,Wout Weghorst,FW,nl Netherlands,31,1992,1.5,1,0,0,5,2,2,1,0,1,0,0,0,5,11,6,64.7,Matches,WoFWnl311992
466,Andreas Weimann,FW,at Austria,32,1991,0.0,0,0,0,0,0,0,0,0,0,0,0,0,0,0,0,,Matches,AnFWat321991
467,Silvan Widmer,DF,ch Switzerland,30,1993,3.3,3,0,0,5,1,2,4,2,1,0,0,0,7,2,5,28.6,Matches,SiDFch301993
468,Georginio Wijnaldum,MF,nl Netherlands,33,1990,0.8,0,0,0,0,2,0,0,0,0,0,0,0,1,3,0,100.0,Matches,GeMFnl331990
469,Nico Williams,FW,es Spain,21,2002,5.5,0,0,0,9,2,2,33,0,2,0,0,0,23,2,3,40.0,Matches,NiFWes212002
470,Patrick Wimmer,FW/MF,at Austria,22,2001,1.5,2,0,0,4,3,0,8,0,2,0,0,0,10,1,2,33.3,Matches,PaFWat222001
471,Jonas Wind,FW,dk Denmark,24,1999,2.1,1,0,0,3,4,1,1,0,0,0,0,0,3,5,5,50.0,Matches,JoFWdk241999
472,Florian Wirtz,FW/MF,de Germany,20,2003,3.1,1,0,0,6,1,2,5,1,3,0,0,0,17,1,4,20.0,Matches,FlFWde202003
473,Maximilian Wöber,DF,at Austria,25,1998,1.9,1,0,0,2,0,0,3,4,3,0,0,1,12,6,5,54.5,Matches,MaDFat251998
474,Granit Xhaka,MF,ch Switzerland,31,1992,5.3,1,0,0,8,5,0,1,1,5,0,0,0,28,6,5,54.5,Matches,GrMFch311992
475,Lamine Yamal,FW,es Spain,16,2007,5.6,1,0,0,7,6,3,24,3,6,0,0,0,14,1,1,50.0,Matches,LaFWes162007
476,Roman Yaremchuk,FW,ua Ukraine,28,1995,1.3,1,0,0,5,2,2,0,0,0,0,0,0,5,2,4,33.3,Matches,RoFWua281995
477,Andriy Yarmolenko,FW/MF,ua Ukraine,34,1989,1.2,0,0,0,2,2,2,5,1,2,0,0,0,4,1,0,100.0,Matches,AnFWua341989
478,Yusuf Yazıcı,MF/FW,tr Türkiye,27,1997,0.6,0,0,0,1,0,0,0,0,1,0,0,0,4,1,1,50.0,Matches,YuMFtr271997
479,Kenan Yıldız,FW/MF,tr Türkiye,18,2005,3.8,1,0,0,2,1,1,2,0,2,0,0,0,10,3,6,33.3,Matches,KeFWtr182005
480,Okay Yokuşlu,MF/DF,tr Türkiye,29,1994,0.6,0,0,0,0,2,0,0,2,1,0,0,0,5,3,1,75.0,Matches,OkMFtr291994
481,İsmail Yüksek,MF,tr Türkiye,25,1999,1.7,2,0,0,3,4,0,0,1,2,0,0,0,13,2,4,33.3,Matches,İsMFtr251999
482,Illia Zabarnyi,DF,ua Ukraine,21,2002,3.0,0,0,0,2,0,0,0,1,3,0,0,0,10,3,1,75.0,Matches,IlDFua212002
483,Mattia Zaccagni,MF/FW,it Italy,28,1995,0.9,0,0,0,0,3,0,5,1,0,0,0,0,5,2,1,66.7,Matches,MaMFit281995
484,Denis Zakaria,MF,ch Switzerland,27,1996,0.3,0,0,0,0,0,0,0,0,0,0,0,0,0,0,0,,Matches,DeMFch271996
485,Nicola Zalewski,DF,pl Poland,22,2002,2.7,1,0,0,3,6,0,10,2,1,0,0,0,17,0,0,,Matches,NiDFpl222002
486,Piotr Zieliński,MF,pl Poland,29,1994,2.8,0,0,0,1,1,0,11,2,0,0,0,0,14,1,0,100.0,Matches,PiMFpl291994
487,Oleksandr Zinchenko,DF,ua Ukraine,27,1996,2.4,0,0,0,0,1,0,4,1,5,0,0,0,13,7,6,53.8,Matches,OlDFua271996
488,Joshua Zirkzee,FW/DF,nl Netherlands,22,2001,0.1,0,0,0,0,0,0,0,0,1,0,0,0,0,0,2,0.0,Matches,JoFWnl222001
489,Andrija Živković,DF,rs Serbia,27,1996,2.7,0,0,0,1,0,1,13,0,2,0,0,0,12,0,6,0.0,Matches,AnDFrs271996
490,Budu Zivzivadze,FW/MF,ge Georgia,29,1994,0.2,0,0,0,0,0,0,0,0,0,0,0,0,0,0,2,0.0,Matches,BuFWge291994
491,Steven Zuber,MF,ch Switzerland,32,1991,0.9,0,0,0,2,0,0,1,0,0,0,0,0,2,0,1,0.0,Matches,StMFch321991
492,Martín Zubimendi,MF,es Spain,24,1999,1.6,0,0,0,4,1,0,1,0,5,0,0,0,5,1,1,50.0,Matches,MaMFes241999
493,Oleksandr Zubkov,FW,ua Ukraine,27,1996,0.3,0,0,0,1,1,1,0,0,0,0,0,0,0,0,0,,Matches,OlFWua271996
