ID,Player,Pos,Squad,Age,Born,PlayingTimeMP,PlayingTimeMin,PlayingTimeMn/MP,PlayingTimeMin%,PlayingTime90s,Starts,StartsMn/Start,StartsCompl,Subs,SubsMn/Sub,SubsunSub,TeamSuccessPPM,TeamSuccessonG,TeamSuccessonGA,TeamSuccess+/-,TeamSuccess+/-90,TeamSuccessOn-Off,TeamSuccess(xG)onxG,TeamSuccess(xG)onxGA,TeamSuccess(xG)xG+/-,TeamSuccess(xG)xG+/-90,TeamSuccess(xG)On-Off,Matches
AmMFal331990,Amir Abrashi,MF,al Albania,33,1990,0,,,,,0,,0,0,,3,,,,,,,,,,,,Matches
ChFWsc271996,Che Adams,FW,sct Scotland,27,1996,3,209.0,70.0,77.4,2.3,3,70.0,0,0,,0,0.33,1.0,4.0,-3.0,-1.29,1.66,0.7,2.8,-2.0,-0.88,1.23,Matches
MiDFch271997,Michel Aebischer,DF,ch Switzerland,27,1997,5,476.0,95.0,99.2,5.3,5,95.0,3,0,,0,1.8,8.0,4.0,4.0,0.76,0.76,6.5,4.9,1.6,0.3,-5.09,Matches
ArDFal301993,Arlind Ajeti,DF,al Albania,30,1993,3,270.0,90.0,100.0,3.0,3,90.0,3,0,,0,0.33,3.0,5.0,-2.0,-0.67,,2.4,5.7,-3.2,-1.07,,Matches
MaDFch281995,Manuel Akanji,DF,ch Switzerland,28,1995,5,480.0,96.0,100.0,5.3,5,96.0,5,0,,0,1.8,8.0,4.0,4.0,0.75,,6.7,4.9,1.8,0.37,0.37,Matches
SaDFtr291994,Samet Akaydın,DF,tr Türkiye,29,1994,4,335.0,84.0,74.4,3.7,4,84.0,2,0,,0,1.5,6.0,7.0,-1.0,-0.27,-1.05,5.7,5.6,0.2,0.04,1.45,Matches
NaDFnl281995,Nathan Aké,DF,nl Netherlands,28,1995,6,470.0,78.0,87.0,5.2,6,78.0,2,0,,0,1.67,6.0,6.0,0.0,0.0,-3.86,6.6,5.2,1.3,0.25,-0.06,Matches
YuFWtr232000,Yunus Akgün,FW,tr Türkiye,23,2000,1,69.0,69.0,15.3,0.8,1,69.0,0,0,,4,0.0,0.0,3.0,-3.0,-3.91,-4.62,0.7,1.6,-0.9,-1.23,-1.07,Matches
KeFWtr251998,Kerem Aktürkoğlu,FW/MF,tr Türkiye,25,1998,5,105.0,21.0,23.3,1.2,1,57.0,0,4,12.0,0,1.8,2.0,3.0,-1.0,-0.86,-1.12,2.8,3.0,-0.2,-0.21,0.15,Matches
TrMFen251998,Trent Alexander-Arnold,MF/DF,eng England,25,1998,4,134.0,34.0,19.4,1.5,2,61.0,0,2,7.0,3,1.5,2.0,1.0,1.0,0.67,0.51,0.9,0.6,0.3,0.19,0.4,Matches
DeFWro331991,Denis Alibec,FW,ro Romania,33,1991,2,29.0,15.0,8.1,0.3,0,,0,2,15.0,2,0.0,0.0,2.0,-2.0,-6.21,-6.21,0.4,1.4,-1.0,-3.14,-2.7,Matches
NaDFal301993,Naser Aliji,DF/MF,al Albania,30,1993,0,,,,,0,,0,0,,3,,,,,,,,,,,,Matches
BaFWtr232000,Barış Alper Yılmaz,FW,tr Türkiye,23,2000,5,450.0,90.0,100.0,5.0,5,90.0,5,0,,0,1.8,8.0,8.0,0.0,0.0,,7.3,8.9,-1.6,-0.32,,Matches
SaMFge261997,Sandro Altunashvili,MF,ge Georgia,26,1997,2,52.0,26.0,14.4,0.6,0,,0,2,26.0,2,0.0,0.0,4.0,-4.0,-6.92,-7.22,0.4,3.0,-2.6,-4.51,-3.24,Matches
ZeMFch232000,Zeki Amdouni,MF/FW,ch Switzerland,23,2000,4,57.0,14.0,11.9,0.6,0,,0,4,14.0,1,1.5,1.0,1.0,0.0,0.0,-0.85,1.4,0.9,0.5,0.85,0.58,Matches
JoDFdk271996,Joachim Andersen,DF,dk Denmark,27,1996,4,360.0,90.0,100.0,4.0,4,90.0,4,0,,0,0.75,2.0,4.0,-2.0,-0.5,,4.3,4.8,-0.5,-0.12,,Matches
RoMFde291994,Robert Andrich,MF,de Germany,29,1994,5,318.0,64.0,66.3,3.5,4,61.0,0,1,75.0,0,2.0,7.0,3.0,4.0,1.13,-0.53,6.6,3.5,3.1,0.98,-0.06,Matches
WaDFde271996,Waldemar Anton,DF,de Germany,27,1996,2,33.0,17.0,6.9,0.4,0,,0,2,17.0,3,1.5,0.0,1.0,-1.0,-2.73,-4.34,1.0,0.9,0.0,0.55,-0.45,Matches
AlGKfr301993,Alphonse Areola,GK,fr France,30,1993,0,,,,,0,,0,0,,6,,,,,,,,,,,,Matches
StMFsc311992,Stuart Armstrong,MF,sct Scotland,31,1992,1,15.0,15.0,5.6,0.2,0,,0,1,15.0,2,0.0,0.0,1.0,-1.0,-6.0,-4.59,0.1,0.8,-0.7,-3.96,-2.96,Matches
MaFWat341989,Marko Arnautović,FW,at Austria,34,1989,4,279.0,70.0,77.5,3.1,3,82.0,1,1,32.0,0,1.5,6.0,5.0,1.0,0.32,0.32,5.8,5.0,0.8,0.25,0.38,Matches
JaFWal281995,Jasir Asani,FW,al Albania,28,1995,3,210.0,70.0,77.8,2.3,3,70.0,0,0,,0,0.33,2.0,3.0,-1.0,-0.43,1.07,1.4,4.3,-2.8,-1.22,-0.64,Matches
KrMFal212002,Kristjan Asllani,MF,al Albania,21,2002,3,270.0,90.0,100.0,3.0,3,90.0,3,0,,0,0.33,3.0,5.0,-2.0,-0.67,,2.4,5.7,-3.2,-1.07,,Matches
KaMFtr291994,Kaan Ayhan,MF/DF,tr Türkiye,29,1994,5,358.0,72.0,79.6,4.0,4,78.0,1,1,45.0,0,1.8,7.0,8.0,-1.0,-0.25,-1.23,5.8,7.7,-1.9,-0.47,-0.74,Matches
SrDFrs271996,Srđan Babić,DF,rs Serbia,27,1996,0,,,,,0,,0,0,,3,,,,,,,,,,,,Matches
AlMFes222001,Alex Baena,MF/FW,es Spain,22,2001,2,27.0,14.0,4.1,0.3,0,,0,2,14.0,5,3.0,0.0,0.0,0.0,0.0,-1.56,0.4,0.2,0.2,0.52,-0.3,Matches
AlDFdk261997,Alexander Bah,DF/MF,dk Denmark,26,1997,4,281.0,70.0,78.1,3.1,3,82.0,1,1,34.0,0,0.75,1.0,3.0,-2.0,-0.64,-0.64,3.9,3.5,0.4,0.12,1.09,Matches
NeFWal241999,Nedim Bajrami,FW/MF,al Albania,24,1999,3,245.0,82.0,90.7,2.7,3,82.0,1,0,,0,0.33,3.0,5.0,-2.0,-0.73,-0.73,1.9,5.4,-3.5,-1.28,-2.2,Matches
JoFWbe202003,Johan Bakayoko,FW/DF,be Belgium,20,2003,2,48.0,24.0,13.3,0.5,0,,0,2,24.0,2,0.5,0.0,0.0,0.0,0.0,0.0,1.1,0.6,0.5,0.98,0.81,Matches
JuDFsi291994,Jure Balkovec,DF,si Slovenia,29,1994,2,121.0,61.0,31.0,1.3,1,120.0,1,1,1.0,2,1.0,0.0,0.0,0.0,0.0,0.0,0.6,2.0,-1.4,-1.41,-0.98,Matches
IvDFal321992,Iván Balliu,DF,al Albania,32,1992,1,90.0,90.0,33.3,1.0,1,90.0,1,0,,2,0.0,0.0,1.0,-1.0,-1.0,-0.5,0.5,1.5,-1.0,-1.02,0.07,Matches
BoDFhu212002,Botond Balogh,DF,hu Hungary,21,2002,0,,,,,0,,0,0,,3,,,,,,,,,,,,Matches
NiDFro311992,Nicușor Bancu,DF,ro Romania,31,1992,3,270.0,90.0,75.0,3.0,3,90.0,3,0,,0,1.33,4.0,3.0,1.0,0.33,3.33,3.2,3.3,-0.1,-0.04,2.48,Matches
AnMFcz291994,Antonín Barák,MF,cz Czechia,29,1994,3,41.0,14.0,15.2,0.5,1,19.0,0,2,11.0,0,0.33,0.0,1.0,-1.0,-2.2,-1.8,0.5,1.0,-0.4,-0.96,-1.42,Matches
BrFWfr212002,Bradley Barcola,FW/MF,fr France,21,2002,3,103.0,34.0,18.1,1.1,1,60.0,0,2,22.0,3,0.67,1.0,0.0,1.0,0.87,0.87,2.6,0.5,2.1,2.14,1.82,Matches
AbDFtr291994,Abdülkerim Bardakcı,DF,tr Türkiye,29,1994,4,360.0,90.0,80.0,4.0,4,90.0,4,0,,0,1.5,6.0,7.0,-1.0,-0.25,-1.25,5.9,7.3,-1.4,-0.35,-0.11,Matches
NiMFit261997,Nicolò Barella,MF,it Italy,26,1997,4,332.0,83.0,92.2,3.7,4,83.0,2,0,,0,1.0,3.0,5.0,-2.0,-0.54,-0.54,2.7,4.5,-1.8,-0.48,-1.75,Matches
AlDFit241999,Alessandro Bastoni,DF,it Italy,24,1999,4,360.0,90.0,100.0,4.0,4,90.0,4,0,,0,1.0,3.0,5.0,-2.0,-0.5,,3.3,4.7,-1.4,-0.35,,Matches
MaFWhr202003,Martin Baturina,FW,hr Croatia,20,2003,1,7.0,7.0,2.6,0.1,0,,0,1,7.0,2,1.0,0.0,1.0,-1.0,-12.86,-12.17,0.2,0.5,-0.2,-3.18,-3.72,Matches
OlGKde331990,Oliver Baumann,GK,de Germany,33,1990,0,,,,,0,,0,0,,5,,,,,,,,,,,,Matches
ChMFat241999,Christoph Baumgartner,MF/FW,at Austria,24,1999,4,289.0,72.0,80.3,3.2,3,87.0,2,1,29.0,0,1.5,5.0,5.0,0.0,0.0,-1.27,5.7,4.4,1.3,0.4,1.19,Matches
AlGKtr251998,Altay Bayındır,GK,tr Türkiye,25,1998,1,90.0,90.0,20.0,1.0,1,90.0,1,0,,4,0.0,0.0,3.0,-3.0,-3.0,-3.75,0.7,1.9,-1.1,-1.15,-1.03,Matches
JaDFpl271996,Jan Bednarek,DF,pl Poland,27,1996,3,270.0,90.0,100.0,3.0,3,90.0,3,0,,0,0.33,3.0,6.0,-3.0,-1.0,,4.1,5.9,-1.8,-0.6,,Matches
MaFWde212002,Maximilian Beier,FW,de Germany,21,2002,1,26.0,26.0,5.4,0.3,0,,0,1,26.0,4,1.0,1.0,0.0,1.0,3.46,2.27,0.8,0.1,0.7,2.41,1.49,Matches
ViGKsi331990,Vid Belec,GK,si Slovenia,33,1990,0,,,,,0,,0,0,,4,,,,,,,,,,,,Matches
RaDFit232000,Raoul Bellanova,DF/MF,it Italy,23,2000,0,,,,,0,,0,0,,4,,,,,,,,,,,,Matches
JuMFen202003,Jude Bellingham,MF/FW,eng England,20,2003,7,670.0,96.0,97.1,7.4,7,96.0,5,0,,0,1.71,8.0,6.0,2.0,0.27,0.27,5.9,6.7,-0.8,-0.11,0.31,Matches
LáMFsk261997,László Bénes,MF,sk Slovakia,26,1997,2,71.0,36.0,18.2,0.8,0,,0,2,36.0,2,0.0,0.0,3.0,-3.0,-3.8,-4.37,1.2,0.9,0.3,0.68,1.11,Matches
BaDFpl311992,Bartosz Bereszyński,DF,pl Poland,31,1992,1,5.0,5.0,1.9,0.1,0,,0,1,5.0,2,0.0,0.0,0.0,0.0,0.0,1.02,0.4,0.0,0.4,6.74,7.47,Matches
StFWnl261997,Steven Bergwijn,FW,nl Netherlands,26,1997,2,90.0,45.0,16.7,1.0,2,45.0,0,0,,4,3.0,1.0,1.0,0.0,0.0,-0.6,0.9,0.8,0.1,0.1,-0.19,Matches
EtGKal341989,Etrit Berisha,GK,al Albania,34,1989,0,,,,,0,,0,0,,3,,,,,,,,,,,,Matches
MeMFal202003,Medon Berisha,MF,al Albania,20,2003,1,21.0,21.0,7.8,0.2,0,,0,1,21.0,2,0.0,0.0,0.0,0.0,0.0,0.72,0.2,0.2,0.0,-0.01,1.15,Matches
ViDFdk212002,Victor Bernth Kristiansen,DF/MF,dk Denmark,21,2002,4,156.0,39.0,43.3,1.7,2,67.0,0,2,12.0,0,0.75,2.0,2.0,0.0,0.0,0.88,2.0,2.0,0.1,0.03,0.27,Matches
MaMFsk281995,Matúš Bero,MF/DF,sk Slovakia,28,1995,2,41.0,21.0,10.5,0.5,0,,0,2,21.0,2,0.5,0.0,2.0,-2.0,-4.39,-4.65,1.0,0.5,0.5,3.69,4.12,Matches
JuGKnl261998,Justin Bijlow,GK,nl Netherlands,26,1998,0,,,,,0,,0,0,,6,,,,,,,,,,,,Matches
JaDFsi241999,Jaka Bijol,DF,si Slovenia,24,1999,4,390.0,98.0,100.0,4.3,4,98.0,4,0,,0,1.0,2.0,2.0,0.0,0.0,,3.2,6.1,-2.9,-0.71,-0.71,Matches
DaFWro232000,Daniel Birligea,FW,ro Romania,23,2000,0,,,,,0,,0,0,,4,,,,,,,,,,,,Matches
VeDFrs251998,Veljko Birmančević,DF,rs Serbia,25,1998,2,26.0,13.0,9.6,0.3,0,,0,2,13.0,1,0.5,1.0,0.0,1.0,3.46,4.2,0.4,0.2,0.2,0.79,1.05,Matches
MiDFsi301993,Miha Blažič,DF,si Slovenia,30,1993,0,,,,,0,,0,0,,4,,,,,,,,,,,,Matches
DaFWnl331990,Daley Blind,FW,nl Netherlands,33,1990,1,1.0,1.0,0.2,0.0,0,,0,1,1.0,5,3.0,1.0,0.0,1.0,90.0,89.67,0.4,0.0,0.4,33.34,33.14,Matches
BeDFhu241999,Bendegúz Bolla,DF,hu Hungary,24,1999,3,204.0,68.0,75.6,2.3,2,80.0,0,1,45.0,0,1.0,1.0,3.0,-2.0,-0.88,0.48,2.2,2.2,0.0,0.0,0.3,Matches
VaDFua241999,Valerii Bondar,DF,ua Ukraine,24,1999,0,,,,,0,,0,0,,3,,,,,,,,,,,,Matches
EnDFhu291994,Endre Botka,DF,hu Hungary,29,1994,1,90.0,90.0,33.3,1.0,1,90.0,1,0,,2,3.0,1.0,0.0,1.0,1.0,3.0,1.2,0.2,1.1,1.05,1.69,Matches
JaFWen271996,Jarrod Bowen,FW,eng England,27,1996,2,37.0,19.0,5.4,0.4,0,,0,2,19.0,5,2.0,0.0,0.0,0.0,0.0,-0.28,0.4,0.6,-0.2,-0.51,-0.4,Matches
RóFWsk241999,Róbert Boženík,FW,sk Slovakia,24,1999,4,208.0,52.0,53.3,2.3,2,64.0,0,2,40.0,0,1.0,2.0,3.0,-1.0,-0.43,-0.43,2.0,3.6,-1.5,-0.77,-0.84,Matches
VoMFua222002,Volodymyr Brazhko,MF,ua Ukraine,22,2002,3,182.0,61.0,67.4,2.0,2,77.0,0,1,29.0,0,1.33,2.0,1.0,1.0,0.49,3.56,2.2,1.4,0.9,0.43,1.09,Matches
DaMFsi251998,David Brekalo,MF,si Slovenia,25,1998,2,2.0,1.0,0.5,0.0,0,,0,2,1.0,2,1.0,0.0,1.0,-1.0,-45.0,-45.23,0.0,0.2,-0.2,-10.78,-10.18,Matches
BrFWnl212002,Brian Brobbey,FW,nl Netherlands,21,2002,1,1.0,1.0,0.2,0.0,0,,0,1,1.0,4,0.0,0.0,0.0,0.0,0.0,-0.5,0.0,0.0,0.0,0.0,-0.26,Matches
ArFWal222001,Armando Broja,FW,al Albania,22,2001,2,108.0,54.0,40.0,1.2,1,76.0,0,1,32.0,1,0.0,1.0,2.0,-1.0,-0.83,-0.28,0.7,1.8,-1.1,-0.92,0.26,Matches
MaMFhr311992,Marcelo Brozović,MF,hr Croatia,31,1992,3,225.0,75.0,83.3,2.5,3,75.0,2,0,,0,0.67,1.0,5.0,-4.0,-1.6,-3.6,3.3,3.8,-0.5,-0.19,-3.78,Matches
JaFWdk251998,Jacob Bruun Larsen,FW,dk Denmark,25,1998,1,10.0,10.0,2.8,0.1,0,,0,1,10.0,3,0.0,0.0,0.0,0.0,0.0,0.51,0.1,0.4,-0.3,-2.49,-2.44,Matches
AnteFWhr321991,Ante Budimir,FW,hr Croatia,32,1991,3,122.0,41.0,45.2,1.4,1,55.0,0,2,34.0,0,0.67,3.0,5.0,-2.0,-1.48,-0.87,3.3,2.8,0.5,0.37,-0.13,Matches
AdFWpl271996,Adam Buksa,FW,pl Poland,27,1996,2,149.0,75.0,55.2,1.7,2,75.0,1,0,,1,0.0,2.0,3.0,-1.0,-0.6,0.88,2.4,2.1,0.3,0.18,1.73,Matches
AleDFit241999,Alessandro Buongiorno,DF,it Italy,24,1999,0,,,,,0,,0,0,,4,,,,,,,,,,,,Matches
AnDFro301993,Andrei Burcă,DF,ro Romania,30,1993,4,360.0,90.0,100.0,4.0,4,90.0,4,0,,0,1.0,4.0,6.0,-2.0,-0.5,,3.5,6.1,-2.6,-0.66,,Matches
HeGKua291994,Heorhiy Bushchan,GK,ua Ukraine,29,1994,0,,,,,0,,0,0,,3,,,,,,,,,,,,Matches
MaGKpl241999,Marcin Bułka,GK,pl Poland,24,1999,0,,,,,0,,0,0,,3,,,,,,,,,,,,Matches
UğGKtr271996,Uğurcan Çakır,GK,tr Türkiye,27,1996,0,,,0.0,0.0,0,,0,0,,4,3.0,2.0,1.0,1.0,,,,,,,,Matches
RiDFit212002,Riccardo Calafiori,DF,it Italy,21,2002,3,270.0,90.0,75.0,3.0,3,90.0,3,0,,0,1.33,3.0,3.0,0.0,0.0,2.0,2.6,3.5,-0.9,-0.29,0.24,Matches
HaMFtr291994,Hakan Çalhanoğlu,MF,tr Türkiye,29,1994,4,355.0,89.0,78.9,3.9,4,89.0,2,0,,0,1.5,4.0,7.0,-3.0,-0.76,-3.6,5.3,5.6,-0.3,-0.08,1.16,Matches
EdMFfr212002,Eduardo Camavinga,MF,fr France,21,2002,4,169.0,42.0,29.6,1.9,1,90.0,0,3,26.0,2,1.25,0.0,1.0,-1.0,-0.53,-0.98,1.6,1.9,-0.3,-0.18,-1.11,Matches
AnFWit232000,Andrea Cambiaso,FW/DF,it Italy,23,2000,3,76.0,25.0,21.1,0.8,0,,0,3,25.0,1,1.0,0.0,1.0,-1.0,-1.18,-0.87,0.2,1.4,-1.2,-1.46,-1.4,Matches
EmMFde301994,Emre Can,MF,de Germany,30,1994,4,102.0,26.0,21.3,1.1,1,45.0,0,3,19.0,1,2.25,2.0,1.0,1.0,0.88,-0.55,1.6,0.8,0.8,0.69,-0.39,Matches
JoDFpt291994,João Cancelo,DF/MF,pt Portugal,29,1994,4,345.0,86.0,67.6,3.8,4,86.0,0,0,,1,2.0,4.0,1.0,3.0,0.78,1.33,5.5,2.3,3.2,0.83,-0.17,Matches
YaDFbe301993,Yannick Carrasco,DF/FW,be Belgium,30,1993,4,218.0,55.0,60.6,2.4,2,85.0,0,2,24.0,0,1.0,1.0,2.0,-1.0,-0.41,-1.05,2.6,2.5,0.1,0.05,-0.57,Matches
DaDFes321992,Dani Carvajal,DF,es Spain,32,1992,5,469.0,94.0,71.1,5.2,5,94.0,3,0,,1,3.0,11.0,3.0,8.0,1.54,0.12,9.9,5.2,4.7,0.91,0.35,Matches
TiDFbe281995,Timothy Castagne,DF,be Belgium,28,1995,4,357.0,89.0,99.2,4.0,4,89.0,3,0,,0,1.0,2.0,2.0,0.0,0.0,0.0,4.4,3.4,1.1,0.27,-0.25,Matches
KoGKbe311992,Koen Casteels,GK,be Belgium,31,1992,4,360.0,90.0,100.0,4.0,4,90.0,4,0,,0,1.0,2.0,2.0,0.0,0.0,,4.5,3.4,1.1,0.28,,Matches
ŽaFWsi241999,Žan Celar,FW/MF,si Slovenia,24,1999,3,67.0,22.0,17.2,0.7,0,,0,3,22.0,1,1.0,1.0,0.0,1.0,1.34,1.62,0.8,1.3,-0.6,-1.41,-0.83,Matches
ZeDFtr261997,Zeki Çelik,DF/MF,tr Türkiye,26,1997,3,105.0,35.0,23.3,1.2,1,90.0,1,2,8.0,2,1.0,1.0,3.0,-2.0,-1.71,-2.24,2.3,2.1,0.1,0.12,0.58,Matches
VáMFcz261997,Václav Černý,MF,cz Czechia,26,1997,1,54.0,54.0,20.0,0.6,1,54.0,0,0,,2,1.0,0.0,1.0,-1.0,-1.67,-1.25,1.7,0.8,0.9,1.45,1.52,Matches
LuMFcz222001,Lukáš Červ,MF,cz Czechia,22,2001,0,,,0.0,0.0,0,,0,0,,2,0.0,1.0,2.0,-1.0,,,,,,,,Matches
GicMFge241999,Giorgi Chakvetadze,MF/FW,ge Georgia,24,1999,4,244.0,61.0,67.8,2.7,3,72.0,0,1,29.0,0,1.0,4.0,4.0,0.0,0.0,2.33,3.0,5.2,-2.2,-0.81,2.87,Matches
FeFWit261997,Federico Chiesa,FW/MF,it Italy,26,1997,4,263.0,66.0,73.1,2.9,3,76.0,1,1,34.0,0,1.0,3.0,4.0,-1.0,-0.34,0.59,2.7,3.0,-0.3,-0.11,0.9,Matches
ToMFcz291995,Tomáš Chorý,MF,cz Czechia,29,1995,2,36.0,18.0,13.3,0.4,0,,0,2,18.0,1,0.0,1.0,1.0,0.0,0.0,0.77,1.0,0.6,0.4,1.02,0.9,Matches
AnDFdk271996,Andreas Christensen,DF,dk Denmark,27,1996,4,350.0,88.0,97.2,3.9,4,88.0,3,0,,0,0.75,2.0,4.0,-2.0,-0.51,-0.51,4.2,4.4,-0.2,-0.05,2.44,Matches
RyMFsc281995,Ryan Christie,MF/FW,sct Scotland,28,1995,3,99.0,33.0,36.7,1.1,1,90.0,1,2,5.0,0,0.33,0.0,5.0,-5.0,-4.55,-4.55,0.2,2.8,-2.6,-2.59,-2.14,Matches
MoFWcz241999,Mojmir Chytil,FW,cz Czechia,24,1999,3,107.0,36.0,39.6,1.2,1,54.0,0,2,27.0,0,0.33,1.0,3.0,-2.0,-1.68,-1.68,1.2,1.8,-0.6,-0.5,-1.23,Matches
AlMFro261997,Alexandru Cicâldău,MF,ro Romania,26,1997,1,19.0,19.0,5.3,0.2,0,,0,1,19.0,3,0.0,0.0,2.0,-2.0,-9.47,-9.47,0.0,1.1,-1.1,-5.32,-4.92,Matches
ZaGKsc311992,Zander Clark,GK,sct Scotland,31,1992,0,,,,,0,,0,0,,3,,,,,,,,,,,,Matches
JoDFfr311992,Jonathan Clauss,DF/FW,fr France,31,1992,0,,,,,0,,0,0,,6,,,,,,,,,,,,Matches
FlMFro251998,Florinel Coman,MF,ro Romania,25,1998,2,118.0,59.0,32.8,1.3,2,59.0,0,0,,1,2.0,4.0,1.0,3.0,2.29,4.15,2.2,1.0,1.2,0.91,2.34,Matches
KiMFfr271996,Kingsley Coman,MF,fr France,27,1996,1,16.0,16.0,2.8,0.2,0,,0,1,16.0,5,1.0,0.0,0.0,0.0,0.0,-0.16,0.0,0.0,0.0,0.08,-0.53,Matches
FrFWpt212002,Francisco Conceição,FW/MF,pt Portugal,21,2002,4,182.0,46.0,35.7,2.0,1,90.0,1,3,31.0,1,1.25,1.0,2.0,-1.0,-0.49,-1.32,5.0,2.5,2.5,1.83,1.25,Matches
ToFWsc212002,Tommy Conway,FW,sct Scotland,21,2002,0,,,,,0,,0,0,,3,,,,,,,,,,,,Matches
LiDFsc321991,Liam Cooper,DF,sct Scotland,32,1991,0,,,,,0,,0,0,,3,,,,,,,,,,,,Matches
DiGKpt241999,Diogo Costa,GK,pt Portugal,24,1999,5,510.0,102.0,100.0,5.7,5,102.0,5,0,,0,1.6,5.0,3.0,2.0,0.35,,9.5,4.5,5.0,1.0,1.0,Matches
VlDFcz311992,Vladimír Coufal,DF/FW,cz Czechia,31,1992,3,270.0,90.0,100.0,3.0,3,90.0,3,0,,0,0.33,3.0,5.0,-2.0,-0.67,,5.1,4.3,0.7,0.24,,Matches
BrMFit281995,Bryan Cristante,MF,it Italy,28,1995,3,133.0,44.0,36.9,1.5,1,74.0,0,2,30.0,1,1.0,0.0,3.0,-3.0,-2.03,-2.43,0.8,2.4,-1.7,-1.12,-1.23,Matches
KeDFhu232000,Kevin Csoboth,DF,hu Hungary,23,2000,2,9.0,5.0,3.3,0.1,0,,0,2,5.0,1,1.5,1.0,0.0,1.0,10.0,11.38,1.1,0.2,0.8,8.32,8.68,Matches
MaDFes251998,Marc Cucurella,DF,es Spain,25,1998,6,545.0,91.0,82.6,6.1,6,91.0,5,0,,1,3.0,12.0,4.0,8.0,1.32,-1.03,9.8,6.2,3.7,0.64,-0.77,Matches
MiFWal261998,Mirlind Daku,FW,al Albania,26,1998,1,6.0,6.0,2.2,0.1,0,,0,1,6.0,1,1.0,1.0,0.0,1.0,15.0,16.02,0.5,0.2,0.2,3.71,4.89,Matches
DiDFpt241999,Diogo Dalot,DF/MF,pt Portugal,24,1999,2,152.0,76.0,29.8,1.7,2,76.0,1,0,,3,1.5,0.0,3.0,-3.0,-1.78,-3.03,3.0,1.8,1.2,0.7,-0.26,Matches
MiFWdk232000,Mikkel Damsgaard,FW,dk Denmark,23,2000,1,34.0,34.0,9.4,0.4,0,,0,1,34.0,3,1.0,0.0,0.0,0.0,0.0,0.55,0.5,0.2,0.3,0.85,1.07,Matches
FlDFat222001,Flavius Daniliuc,DF,at Austria,22,2001,0,,,,,0,,0,0,,4,,,,,,,,,,,,Matches
KeDFat251998,Kevin Danso,DF,at Austria,25,1998,3,212.0,71.0,58.9,2.4,2,90.0,2,1,32.0,1,1.0,3.0,3.0,0.0,0.0,-0.61,5.3,3.4,1.9,0.81,1.56,Matches
MáDFhu212002,Márton Dárdai,DF,hu Hungary,21,2002,3,175.0,58.0,64.8,1.9,2,82.0,1,1,12.0,0,1.0,0.0,3.0,-3.0,-1.54,-1.54,1.6,2.1,-0.5,-0.28,-0.59,Matches
MaDFit341989,Matteo Darmian,DF,it Italy,34,1989,3,161.0,54.0,44.7,1.8,2,77.0,0,1,8.0,1,1.33,0.0,3.0,-3.0,-1.68,-2.13,1.4,2.3,-0.9,-0.5,-0.28,Matches
ZuFWge222001,Zuriko Davitashvili,FW/MF,ge Georgia,22,2001,4,115.0,29.0,31.9,1.3,1,61.0,0,3,18.0,0,1.0,1.0,4.0,-3.0,-2.35,-2.35,1.4,6.1,-4.7,-3.71,-2.9,Matches
PaDFpl281995,Paweł Dawidowicz,DF,pl Poland,28,1995,2,180.0,90.0,66.7,2.0,2,90.0,2,0,,1,0.5,2.0,4.0,-2.0,-1.0,0.0,2.8,4.4,-1.7,-0.83,-0.71,Matches
KeMFbe321991,Kevin De Bruyne,MF,be Belgium,32,1991,4,360.0,90.0,100.0,4.0,4,90.0,4,0,,0,1.0,2.0,2.0,0.0,0.0,,4.5,3.4,1.1,0.28,,Matches
MaDFbe232000,Maxim De Cuyper,DF/MF,be Belgium,23,2000,0,,,,,0,,0,0,,4,,,,,,,,,,,,Matches
ChFWbe222001,Charles De Ketelaere,FW,be Belgium,22,2001,1,3.0,3.0,0.8,0.0,0,,0,1,3.0,3,0.0,0.0,0.0,0.0,0.0,0.0,0.0,0.0,0.0,0.52,0.25,Matches
VeDFsk311992,Vernon De Marco Morlacchi,DF,sk Slovakia,31,1992,0,,,,,0,,0,0,,4,,,,,,,,,,,,Matches
ZeDFbe202003,Zeno Debast,DF,be Belgium,20,2003,2,104.0,52.0,28.9,1.2,1,90.0,1,1,14.0,2,1.5,1.0,1.0,0.0,0.0,0.0,2.2,0.9,1.2,1.07,1.12,Matches
ThMFdk321991,Thomas Delaney,MF,dk Denmark,32,1991,3,84.0,28.0,23.3,0.9,1,68.0,0,2,8.0,0,0.67,0.0,2.0,-2.0,-2.14,-2.14,0.9,2.4,-1.4,-1.55,-1.87,Matches
OuFWfr261997,Ousmane Dembélé,FW/MF,fr France,26,1997,5,361.0,72.0,63.3,4.0,4,77.0,0,1,54.0,1,1.2,3.0,3.0,0.0,0.0,-0.43,7.2,4.0,3.2,0.88,0.67,Matches
MeDFtr251998,Merih Demiral,DF,tr Türkiye,25,1998,4,208.0,52.0,46.2,2.3,2,90.0,2,2,14.0,0,2.25,5.0,2.0,3.0,1.3,2.41,3.2,5.2,-1.9,-0.84,-0.96,Matches
GiDFit301993,Giovanni Di Lorenzo,DF/FW,it Italy,30,1993,4,360.0,90.0,100.0,4.0,4,90.0,4,0,,0,1.0,3.0,5.0,-2.0,-0.5,,3.3,4.7,-1.4,-0.35,,Matches
RúDFpt261997,Rúben Dias,DF,pt Portugal,26,1997,4,420.0,105.0,82.4,4.7,4,105.0,4,0,,1,2.0,5.0,1.0,4.0,0.86,2.86,7.5,2.8,4.7,1.17,0.96,Matches
DéGKhu331990,Dénes Dibusz,GK,hu Hungary,33,1990,0,,,,,0,,0,0,,3,,,,,,,,,,,,Matches
FeDFit261997,Federico Dimarco,DF/FW,it Italy,26,1997,3,228.0,76.0,63.3,2.5,3,76.0,1,0,,1,1.33,2.0,3.0,-1.0,-0.39,0.29,2.1,3.2,-1.1,-0.43,-0.21,Matches
BeDFal301993,Berat Djimsiti,DF,al Albania,30,1993,3,270.0,90.0,100.0,3.0,3,90.0,3,0,,0,0.33,3.0,5.0,-2.0,-0.67,,2.4,5.7,-3.2,-1.07,,Matches
JeFWbe212002,Jeremy Doku,FW/MF,be Belgium,21,2002,4,320.0,80.0,88.9,3.6,4,80.0,1,0,,0,1.0,1.0,2.0,-1.0,-0.28,-2.53,3.7,2.5,1.1,0.31,0.32,Matches
KaFWdk261997,Kasper Dolberg,FW,dk Denmark,26,1997,2,40.0,20.0,11.1,0.4,0,,0,2,20.0,2,1.0,0.0,0.0,0.0,0.0,0.56,0.1,0.2,-0.1,-0.2,-0.1,Matches
GiGKit241999,Gianluigi Donnarumma,GK,it Italy,24,1999,4,360.0,90.0,100.0,4.0,4,90.0,4,0,,0,1.0,3.0,5.0,-2.0,-0.5,,3.3,4.7,-1.4,-0.35,,Matches
DaFWcz251998,David Doudera,FW,cz Czechia,25,1998,1,90.0,90.0,33.3,1.0,1,90.0,1,0,,2,0.0,1.0,2.0,-1.0,-1.0,-0.5,0.4,1.9,-1.4,-1.44,-2.52,Matches
ArFWua261997,Artem Dovbyk,FW,ua Ukraine,26,1997,3,246.0,82.0,91.1,2.7,3,82.0,2,0,,0,1.33,1.0,4.0,-3.0,-1.1,-4.85,2.6,2.6,0.1,0.03,-0.51,Matches
DeFWro241999,Denis Drăguș,FW,ro Romania,24,1999,4,291.0,73.0,80.8,3.2,4,73.0,0,0,,0,1.0,4.0,4.0,0.0,0.0,2.61,3.1,4.4,-1.2,-0.38,1.46,Matches
RaDFro212002,Radu Drăgușin,DF,ro Romania,21,2002,4,360.0,90.0,100.0,4.0,4,90.0,4,0,,0,1.0,4.0,6.0,-2.0,-0.5,,3.5,6.1,-2.6,-0.66,,Matches
AnFWdk251998,Anders Dreyer,FW/MF,dk Denmark,25,1998,0,,,,,0,,0,0,,4,,,,,,,,,,,,Matches
VaDFsi241999,Vanja Drkušič,DF,si Slovenia,24,1999,4,390.0,98.0,100.0,4.3,4,98.0,4,0,,0,1.0,2.0,2.0,0.0,0.0,,3.2,6.1,-2.9,-0.71,-0.71,Matches
KwFWch261997,Kwadwo Duah,FW,ch Switzerland,26,1997,3,107.0,36.0,22.3,1.2,1,67.0,0,2,20.0,2,2.33,2.0,2.0,0.0,0.0,-0.97,1.6,2.0,-0.4,-0.36,-0.9,Matches
MaGKsk351989,Martin Dúbravka,GK,sk Slovakia,35,1989,4,390.0,98.0,100.0,4.3,4,98.0,4,0,,0,1.0,4.0,5.0,-1.0,-0.23,,4.4,5.8,-1.4,-0.34,-0.34,Matches
OnMFsk291994,Ondrej Duda,MF,sk Slovakia,29,1994,4,317.0,79.0,81.3,3.5,4,79.0,0,0,,0,1.0,4.0,2.0,2.0,0.57,4.27,3.2,4.9,-1.7,-0.47,-0.85,Matches
DeDFnl271996,Denzel Dumfries,DF,nl Netherlands,27,1996,5,449.0,90.0,83.1,5.0,5,90.0,4,0,,1,2.0,8.0,4.0,4.0,0.8,1.79,6.2,5.5,0.7,0.15,-0.66,Matches
LeDFen321991,Lewis Dunk,DF,eng England,32,1991,0,,,,,0,,0,0,,7,,,,,,,,,,,,Matches
DáFWsk241999,Dávid Ďuriš,FW/MF,sk Slovakia,24,1999,2,23.0,12.0,5.9,0.3,0,,0,2,12.0,2,2.0,0.0,0.0,0.0,0.0,0.25,0.0,0.1,-0.1,-0.35,-0.04,Matches
LaDFge281995,Lasha Dvali,DF,ge Georgia,28,1995,4,360.0,90.0,100.0,4.0,4,90.0,4,0,,0,1.0,5.0,8.0,-3.0,-0.75,,4.4,11.3,-6.9,-1.74,,Matches
TiMFsi251998,Timi Elšnik,MF,si Slovenia,25,1998,4,359.0,90.0,92.1,4.0,4,90.0,1,0,,0,1.0,1.0,1.0,0.0,0.0,0.0,2.5,5.7,-3.2,-0.8,-1.71,Matches
NiDFch271996,Nico Elvedi,DF,ch Switzerland,27,1996,0,,,,,0,,0,0,,5,,,,,,,,,,,,Matches
BrFWch261997,Breel Embolo,FW,ch Switzerland,26,1997,5,296.0,59.0,61.7,3.3,3,83.0,0,2,24.0,0,1.8,5.0,1.0,4.0,1.22,1.22,3.8,2.6,1.2,0.37,0.06,Matches
MaFWat261997,Maximilian Entrup,FW,at Austria,26,1997,0,,,,,0,,0,0,,4,,,,,,,,,,,,Matches
ChMFdk311992,Christian Eriksen,MF/FW,dk Denmark,31,1992,4,348.0,87.0,96.7,3.9,4,87.0,2,0,,0,0.75,2.0,4.0,-2.0,-0.52,-0.52,3.8,4.7,-0.8,-0.21,-2.64,Matches
MaDFhr261998,Martin Erlic,DF,hr Croatia,26,1998,0,,,,,0,,0,0,,3,,,,,,,,,,,,Matches
EbDFen251998,Eberechi Eze,DF/MF,eng England,25,1998,3,102.0,34.0,14.8,1.1,0,,0,3,34.0,4,1.67,3.0,0.0,3.0,2.65,2.8,1.0,1.9,-0.9,-1.86,-1.84,Matches
WoDFbe251998,Wout Faes,DF,be Belgium,25,1998,4,360.0,90.0,100.0,4.0,4,90.0,4,0,,0,1.0,2.0,2.0,0.0,0.0,,4.5,3.4,1.1,0.28,,Matches
NiMFit222001,Nicolò Fagioli,MF,it Italy,22,2001,2,95.0,48.0,26.4,1.1,1,85.0,0,1,10.0,2,0.5,1.0,2.0,-1.0,-0.95,-0.61,0.8,1.2,-0.4,-0.42,-0.1,Matches
JoMFpt241999,João Félix,MF/FW,pt Portugal,24,1999,2,105.0,53.0,20.6,1.2,1,90.0,1,1,15.0,3,0.5,0.0,2.0,-2.0,-1.71,-2.6,2.2,1.9,0.3,0.3,-0.7,Matches
BrMFpt291994,Bruno Fernandes,MF,pt Portugal,29,1994,4,374.0,94.0,73.3,4.2,4,94.0,3,0,,1,2.0,5.0,1.0,4.0,0.96,2.29,6.4,2.3,4.1,1.08,0.61,Matches
AtDFhu331990,Attila Fiola,DF,hu Hungary,33,1990,2,180.0,90.0,66.7,2.0,2,90.0,2,0,,1,0.0,1.0,5.0,-4.0,-2.0,-3.0,2.4,3.7,-1.3,-0.63,-1.69,Matches
MaGKnl301993,Mark Flekken,GK,nl Netherlands,30,1993,0,,,,,0,,0,0,,6,,,,,,,,,,,,Matches
PhFWen232000,Phil Foden,FW/MF,eng England,23,2000,7,617.0,88.0,89.4,6.9,7,88.0,1,0,,0,1.71,5.0,6.0,-1.0,-0.15,-3.84,4.9,5.4,-0.5,-0.08,0.49,Matches
YoMFfr251999,Youssouf Fofana,MF,fr France,25,1999,3,41.0,14.0,7.2,0.5,0,,0,3,14.0,3,1.67,0.0,0.0,0.0,0.0,-0.17,0.6,1.0,-0.4,-3.14,-3.81,Matches
MiFWit251998,Michael Folorunsho,FW,it Italy,25,1998,1,1.0,1.0,0.3,0.0,0,,0,1,1.0,3,3.0,0.0,0.0,0.0,0.0,0.5,0.0,0.0,0.0,-3.78,-3.44,Matches
JaFWsc321991,James Forrest,FW/MF,sct Scotland,32,1991,0,,,,,0,,0,0,,3,,,,,,,,,,,,Matches
PrDFpl281995,Przemysław Frankowski,DF,pl Poland,28,1995,3,270.0,90.0,100.0,3.0,3,90.0,3,0,,0,0.33,3.0,6.0,-3.0,-1.0,,4.1,5.9,-1.8,-0.6,,Matches
DaMFit241999,Davide Frattesi,MF,it Italy,24,1999,4,185.0,46.0,51.4,2.1,2,68.0,1,2,25.0,0,1.0,3.0,2.0,1.0,0.49,2.03,2.1,2.3,-0.3,-0.14,0.43,Matches
ReMFch311992,Remo Freuler,MF,ch Switzerland,31,1992,5,456.0,91.0,95.0,5.1,5,91.0,2,0,,0,1.8,7.0,4.0,3.0,0.59,-3.16,5.6,4.6,1.0,0.19,-3.12,Matches
JeFWnl232000,Jeremie Frimpong,FW,nl Netherlands,23,2000,3,86.0,29.0,15.9,1.0,1,72.0,0,2,7.0,3,2.33,1.0,0.0,1.0,1.05,0.65,0.6,2.1,-1.5,-1.52,-2.12,Matches
ChFWde261998,Chris Führich,FW,de Germany,26,1998,1,19.0,19.0,4.0,0.2,0,,0,1,19.0,4,3.0,0.0,0.0,0.0,0.0,-1.37,0.5,0.3,0.2,0.91,-0.09,Matches
NiFWde301993,Niclas Füllkrug,FW,de Germany,30,1993,5,166.0,33.0,34.6,1.8,0,,0,5,33.0,0,2.0,6.0,2.0,4.0,2.17,1.31,4.1,1.8,2.3,1.51,0.72,Matches
MijDFrs281995,Mijat Gaćinović,DF,rs Serbia,28,1995,1,45.0,45.0,16.7,0.5,0,,0,1,45.0,2,1.0,1.0,1.0,0.0,0.0,0.4,1.1,0.5,0.5,1.07,1.47,Matches
CoFWnl241999,Cody Gakpo,FW,nl Netherlands,24,1999,6,523.0,87.0,96.9,5.8,6,87.0,4,0,,0,1.67,8.0,7.0,1.0,0.17,-10.42,7.4,6.0,1.4,0.24,-0.67,Matches
CoMFen232000,Conor Gallagher,MF,eng England,23,2000,5,120.0,24.0,17.4,1.3,1,45.0,0,4,19.0,2,2.2,0.0,0.0,0.0,0.0,-0.32,1.3,1.0,0.2,0.19,0.37,Matches
FeDFit251998,Federico Gatti,DF,it Italy,25,1998,0,,,,,0,,0,0,,4,,,,,,,,,,,,Matches
DáMFhu271996,Dániel Gazdag,MF,hu Hungary,27,1996,1,4.0,4.0,1.5,0.0,0,,0,1,4.0,2,0.0,0.0,0.0,0.0,0.0,1.02,0.3,0.1,0.2,3.88,4.01,Matches
LuDFnl232000,Lutsharel Geertruida,DF,nl Netherlands,23,2000,2,108.0,54.0,20.0,1.2,1,90.0,1,1,18.0,4,0.5,2.0,3.0,-1.0,-0.83,-1.67,1.7,0.9,0.8,0.67,0.51,Matches
BiMFsc222001,Billy Gilmour,MF,sct Scotland,22,2001,3,184.0,61.0,68.1,2.0,2,80.0,0,1,24.0,0,0.33,2.0,3.0,-1.0,-0.49,3.7,0.6,1.7,-1.1,-0.55,1.91,Matches
OlFWfr371986,Olivier Giroud,FW,fr France,37,1986,4,59.0,15.0,10.4,0.7,0,,0,4,15.0,2,1.25,0.0,1.0,-1.0,-1.53,-1.88,0.4,0.9,-0.5,-0.7,-1.45,Matches
KlMFal341989,Klaus Gjasula,MF,al Albania,34,1989,1,19.0,19.0,7.0,0.2,0,,0,1,19.0,2,1.0,1.0,2.0,-1.0,-4.74,-4.38,0.5,1.2,-0.7,-3.44,-2.54,Matches
AdMFsi241999,Adam Gnezda Čerin,MF,si Slovenia,24,1999,4,390.0,98.0,100.0,4.3,4,98.0,4,0,,0,1.0,2.0,2.0,0.0,0.0,,3.2,6.1,-2.9,-0.71,-0.71,Matches
GiDFge222001,Giorgi Gocholeishvili,DF,ge Georgia,22,2001,0,,,,,0,,0,0,,4,,,,,,,,,,,,Matches
JoDFen261997,Joe Gomez,DF,eng England,26,1997,0,,,,,0,,0,0,,7,,,,,,,,,,,,Matches
AnFWen222001,Anthony Gordon,FW,eng England,22,2001,1,2.0,2.0,0.3,0.0,0,,0,1,2.0,6,1.0,0.0,0.0,0.0,0.0,-0.26,0.1,0.0,0.1,2.94,3.08,Matches
JoMFsi281996,Jon Gorenc Stanković,MF,si Slovenia,28,1996,4,94.0,24.0,24.1,1.0,0,,0,4,24.0,0,1.0,2.0,1.0,1.0,0.96,1.26,1.3,2.0,-0.8,-1.07,-0.49,Matches
RyMFnl212002,Ryan Gravenberch,MF,nl Netherlands,21,2002,0,,,,,0,,0,0,,6,,,,,,,,,,,,Matches
MiFWat291994,Michael Gregoritsch,FW,at Austria,29,1994,4,126.0,32.0,35.0,1.4,1,58.0,0,3,23.0,0,1.5,2.0,2.0,0.0,0.0,-0.38,3.8,1.7,2.2,1.54,2.11,Matches
AnMFfr321991,Antoine Griezmann,MF/FW,fr France,32,1991,6,394.0,66.0,69.1,4.4,4,84.0,2,2,30.0,0,1.5,2.0,1.0,1.0,0.23,0.23,5.4,3.1,2.3,0.52,-0.23,Matches
FlMFat281995,Florian Grillitsch,MF,at Austria,28,1995,4,194.0,49.0,53.9,2.2,3,56.0,0,1,27.0,0,1.5,4.0,3.0,1.0,0.46,0.46,3.9,3.6,0.3,0.13,-0.08,Matches
ÁlDFes281995,Álex Grimaldo,DF,es Spain,28,1995,2,115.0,58.0,17.4,1.3,1,90.0,1,1,25.0,5,3.0,3.0,0.0,3.0,2.35,1.03,2.9,0.6,2.3,1.77,1.17,Matches
PaMFde321991,Pascal Groß,MF,de Germany,32,1991,1,45.0,45.0,9.4,0.5,0,,0,1,45.0,4,3.0,2.0,1.0,1.0,2.0,0.76,0.8,0.0,0.8,1.63,0.69,Matches
KaMFpl351988,Kamil Grosicki,MF,pl Poland,35,1988,1,16.0,16.0,5.9,0.2,0,,0,1,16.0,2,0.0,0.0,1.0,-1.0,-5.63,-4.92,0.3,1.2,-0.9,-5.31,-5.01,Matches
MaFWat251998,Marco Grüll,FW/MF,at Austria,25,1998,0,,,,,0,,0,0,,4,,,,,,,,,,,,Matches
NeMFrs321991,Nemanja Gudelj,MF,rs Serbia,32,1991,2,90.0,45.0,33.3,1.0,2,45.0,0,0,,1,0.5,0.0,1.0,-1.0,-1.0,-1.0,0.1,0.8,-0.7,-0.7,-0.82,Matches
MaDFen232000,Marc Guéhi,DF,eng England,23,2000,6,570.0,95.0,82.6,6.3,6,95.0,6,0,,0,1.83,7.0,5.0,2.0,0.32,0.32,5.4,5.6,-0.2,-0.03,0.46,Matches
LuGKge241999,Luka Gugeshashvili,GK,ge Georgia,24,1999,0,,,,,0,,0,0,,4,,,,,,,,,,,,Matches
PaGulGKhu331990,Péter Gulácsi,GK,hu Hungary,33,1990,3,270.0,90.0,100.0,3.0,3,90.0,3,0,,0,1.0,2.0,5.0,-3.0,-1.0,,3.7,3.9,-0.2,-0.07,,Matches
ArFWtr182005,Arda Güler,FW/MF,tr Türkiye,18,2005,5,340.0,68.0,75.6,3.8,4,80.0,1,1,21.0,0,1.8,6.0,5.0,1.0,0.26,1.08,5.2,5.8,-0.6,-0.16,0.66,Matches
İlMFde331990,İlkay Gündoğan,MF,de Germany,33,1990,5,383.0,77.0,79.8,4.3,5,77.0,2,0,,0,2.0,9.0,3.0,6.0,1.41,0.48,6.9,3.0,4.0,0.93,-0.33,Matches
AnGKsc281996,Angus Gunn,GK,sct Scotland,28,1996,3,270.0,90.0,100.0,3.0,3,90.0,3,0,,0,0.33,2.0,7.0,-5.0,-1.67,,0.9,4.4,-3.5,-1.16,,Matches
MeGKtr341989,Mert Günok,GK,tr Türkiye,34,1989,4,360.0,90.0,80.0,4.0,4,90.0,4,0,,0,2.25,8.0,5.0,3.0,0.75,3.75,6.6,7.1,-0.5,-0.12,1.03,Matches
JoDFhr222002,Joško Gvardiol,DF,hr Croatia,22,2002,3,270.0,90.0,100.0,3.0,3,90.0,3,0,,0,0.67,3.0,6.0,-3.0,-1.0,,5.7,4.4,1.3,0.44,,Matches
GiDFge321991,Giorgi Gwelesiani,DF,ge Georgia,32,1991,3,162.0,54.0,45.0,1.8,2,77.0,0,1,9.0,1,1.33,3.0,3.0,0.0,0.0,1.36,2.0,3.2,-1.2,-0.66,1.96,Matches
NoDFsk311992,Norbert Gyömbér,DF,sk Slovakia,31,1992,2,32.0,16.0,8.2,0.4,0,,0,2,16.0,2,0.5,0.0,2.0,-2.0,-5.63,-5.88,0.9,0.5,0.4,18.96,19.38,Matches
IaMFro251998,Ianis Hagi,MF,ro Romania,25,1998,4,188.0,47.0,52.2,2.1,2,68.0,0,2,26.0,0,1.0,1.0,3.0,-2.0,-0.96,-0.96,2.0,3.6,-1.6,-0.76,-0.21,Matches
DáDFsk261997,Dávid Hancko,DF,sk Slovakia,26,1997,4,366.0,92.0,93.8,4.1,4,92.0,3,0,,0,1.0,4.0,4.0,0.0,0.0,3.75,4.2,5.4,-1.2,-0.33,-0.09,Matches
GrDFsc321991,Grant Hanley,DF,sct Scotland,32,1991,3,225.0,75.0,83.3,2.5,2,90.0,2,1,45.0,0,0.33,2.0,4.0,-2.0,-0.8,5.2,0.9,3.2,-2.3,-0.9,1.55,Matches
LuFWsk271996,Lukáš Haraslín,FW,sk Slovakia,27,1996,4,264.0,66.0,67.7,2.9,4,66.0,0,0,,0,1.0,4.0,2.0,2.0,0.68,2.82,3.1,4.2,-1.1,-0.39,-0.23,Matches
KaFWde241999,Kai Havertz,FW/MF,de Germany,24,1999,5,389.0,78.0,81.0,4.3,5,78.0,2,0,,0,2.0,8.0,2.0,6.0,1.39,0.4,8.0,2.9,5.0,1.16,0.85,Matches
NiGKat222001,Niklas Hedl,GK,at Austria,22,2001,0,,,,,0,,0,0,,4,,,,,,,,,,,,Matches
DeGKen261997,Dean Henderson,GK,eng England,26,1997,0,,,,,0,,0,0,,7,,,,,,,,,,,,Matches
JaDFsc281995,Jack Hendry,DF,sct Scotland,28,1995,3,261.0,87.0,96.7,2.9,3,87.0,2,0,,0,0.33,2.0,7.0,-5.0,-1.72,-1.72,0.9,4.4,-3.5,-1.16,,Matches
BeDFde261997,Benjamin Henrichs,DF,de Germany,26,1997,1,10.0,10.0,2.1,0.1,0,,0,1,10.0,4,3.0,0.0,0.0,0.0,0.0,-1.34,0.4,0.1,0.3,2.49,1.52,Matches
MaGKdk232000,Mads Hermansen,GK,dk Denmark,23,2000,0,,,,,0,,0,0,,4,,,,,,,,,,,,Matches
ThDFfr261997,Theo Hernández,DF,fr France,26,1997,6,570.0,95.0,100.0,6.3,6,95.0,6,0,,0,1.5,4.0,3.0,1.0,0.16,,9.0,5.2,3.8,0.63,0.63,Matches
MoMFdk241999,Morten Hjulmand,MF,dk Denmark,24,1999,3,245.0,82.0,68.1,2.7,3,82.0,0,0,,0,1.0,2.0,2.0,0.0,0.0,1.57,2.7,2.0,0.7,0.26,1.19,Matches
AdMFcz212002,Adam Hložek,MF,cz Czechia,21,2002,2,108.0,54.0,40.0,1.2,2,54.0,0,0,,1,0.5,0.0,2.0,-2.0,-1.67,-1.67,2.3,1.6,0.7,0.58,0.57,Matches
ToDFcz301993,Tomáš Holeš,DF,cz Czechia,30,1993,3,269.0,90.0,99.6,3.0,3,90.0,2,0,,0,0.33,3.0,5.0,-2.0,-0.67,-0.67,5.1,4.3,0.7,0.24,0.24,Matches
ToFWsi241999,Tomi Horvat,FW/MF,si Slovenia,24,1999,0,,,,,0,,0,0,,4,,,,,,,,,,,,Matches
KrMFhu222002,Krisztofer Horváth,MF,hu Hungary,22,2002,0,,,,,0,,0,0,,3,,,,,,,,,,,,Matches
ArFWal251998,Arbër Hoxha,FW/MF,al Albania,25,1998,3,50.0,17.0,18.5,0.6,0,,0,3,17.0,0,0.33,1.0,0.0,1.0,1.8,3.03,1.0,0.5,0.5,0.93,2.45,Matches
RoDFcz242000,Robin Hranáč,DF,cz Czechia,24,2000,3,270.0,90.0,100.0,3.0,3,90.0,3,0,,0,0.33,3.0,5.0,-2.0,-0.67,,5.1,4.3,0.7,0.24,,Matches
PaMFsk311992,Patrik Hrošovský,MF,sk Slovakia,31,1992,0,,,,,0,,0,0,,4,,,,,,,,,,,,Matches
ElDFal291994,Elseid Hysaj,DF,al Albania,29,1994,2,180.0,90.0,66.7,2.0,2,90.0,2,0,,1,0.5,3.0,4.0,-1.0,-0.5,0.5,2.0,4.2,-2.2,-1.1,-0.07,Matches
PiMFdk281995,Pierre Højbjerg,MF,dk Denmark,28,1995,4,353.0,88.0,98.1,3.9,4,88.0,3,0,,0,0.75,2.0,4.0,-2.0,-0.51,-0.51,4.3,4.8,-0.5,-0.13,-0.45,Matches
RaFWdk202003,Rasmus Højlund,FW,dk Denmark,20,2003,4,286.0,72.0,79.4,3.2,4,72.0,0,0,,0,0.75,2.0,4.0,-2.0,-0.63,-0.63,3.5,4.0,-0.4,-0.13,-0.08,Matches
IvMFrs222001,Ivan Ilić,MF,rs Serbia,22,2001,3,201.0,67.0,74.4,2.2,2,78.0,1,1,45.0,0,0.67,1.0,1.0,0.0,0.0,1.3,1.8,2.3,-0.5,-0.21,-0.2,Matches
JoFWsi361988,Josip Iličić,FW/MF,si Slovenia,36,1988,2,31.0,16.0,7.9,0.3,0,,0,2,16.0,2,1.0,0.0,0.0,0.0,0.0,0.0,0.3,0.2,0.1,0.49,1.2,Matches
GoDFpt222001,Gonçalo Inácio,DF,pt Portugal,22,2001,2,118.0,59.0,23.1,1.3,1,90.0,1,1,28.0,3,1.5,2.0,2.0,0.0,0.0,-0.46,2.8,1.9,1.0,0.73,-0.2,Matches
ArDFal271996,Ardian Ismajli,DF,al Albania,27,1996,0,,,,,0,,0,0,,3,,,,,,,,,,,,Matches
LuMFhr251998,Luka Ivanušec,MF,hr Croatia,25,1998,1,21.0,21.0,7.8,0.2,0,,0,1,21.0,2,1.0,0.0,1.0,-1.0,-4.29,-3.56,0.0,0.3,-0.3,-1.21,-1.8,Matches
IvGKhr281995,Ivica Ivušić,GK,hr Croatia,28,1995,0,,,0.0,0.0,0,,0,0,,2,1.0,2.0,2.0,0.0,,,,,,,,Matches
RyDFsc311992,Ryan Jack,DF/MF,sct Scotland,31,1992,0,,,,,0,,0,0,,3,,,,,,,,,,,,Matches
ErDFsi301993,Erik Janža,DF,si Slovenia,30,1993,3,269.0,90.0,69.0,3.0,3,90.0,2,0,,0,1.0,2.0,2.0,0.0,0.0,0.0,2.6,4.0,-1.4,-0.48,0.58,Matches
ViGKcz222001,Vitezslav Jaros,GK,cz Czechia,22,2001,0,,,0.0,0.0,0,,0,0,,2,0.0,1.0,2.0,-1.0,,,,,,,,Matches
ArMFch212002,Ardon Jashari,MF,ch Switzerland,21,2002,0,,,,,0,,0,0,,5,,,,,,,,,,,,Matches
MaMFdk281996,Mathias Jensen,MF,dk Denmark,28,1996,0,,,,,0,,0,0,,4,,,,,,,,,,,,Matches
JoMFit321991,Jorginho,MF,it Italy,32,1991,3,215.0,72.0,59.7,2.4,3,72.0,1,0,,1,1.33,2.0,2.0,0.0,0.0,1.24,2.4,2.4,0.0,-0.01,0.84,Matches
JoFWes331990,Joselu,FW,es Spain,33,1990,2,90.0,45.0,13.6,1.0,1,71.0,0,1,19.0,5,3.0,2.0,0.0,2.0,2.0,0.58,2.0,0.8,1.3,1.59,0.87,Matches
DiFWpt271996,Diogo Jota,FW/MF,pt Portugal,27,1996,3,100.0,33.0,19.6,1.1,0,,0,3,33.0,2,1.33,2.0,0.0,2.0,1.8,1.8,3.2,0.6,2.6,3.37,2.88,Matches
LuMFrs261997,Luka Jović,MF/FW,rs Serbia,26,1997,3,102.0,34.0,37.8,1.1,0,,0,3,34.0,0,0.67,1.0,1.0,0.0,0.0,0.54,1.0,0.9,0.2,0.16,0.5,Matches
JoDFhr281995,Josip Juranović,DF,hr Croatia,28,1995,2,91.0,46.0,33.7,1.0,1,90.0,1,1,1.0,1,1.0,2.0,3.0,-1.0,-0.99,0.02,2.6,1.6,1.1,1.06,0.93,Matches
DaDFcz232000,David Jurásek,DF,cz Czechia,23,2000,2,160.0,80.0,59.3,1.8,2,80.0,0,0,,1,0.5,2.0,2.0,0.0,0.0,1.64,4.6,1.9,2.7,1.5,3.11,Matches
MaDFcz202003,Matěj Jurásek,DF/MF,cz Czechia,20,2003,2,46.0,23.0,17.0,0.5,0,,0,2,23.0,1,0.5,1.0,1.0,0.0,0.0,0.8,1.4,0.7,0.7,1.32,1.3,Matches
MaDFdk331990,Mathias Jørgensen,DF,dk Denmark,33,1990,0,,,,,0,,0,0,,4,,,,,,,,,,,,Matches
FeDFtr241999,Ferdi Kadioglu,DF/MF,tr Türkiye,24,1999,5,450.0,90.0,100.0,5.0,5,90.0,5,0,,0,1.8,8.0,8.0,0.0,0.0,,7.3,8.9,-1.6,-0.32,,Matches
İrFWtr281995,İrfan Kahveci,FW,tr Türkiye,28,1995,1,8.0,8.0,1.8,0.1,0,,0,1,8.0,2,3.0,0.0,0.0,0.0,0.0,0.0,0.1,1.0,-0.9,-10.16,-10.02,Matches
FlFWat311992,Florian Kainz,FW/MF,at Austria,31,1992,0,,,,,0,,0,0,,4,,,,,,,,,,,,Matches
OtDFge281995,Otar Kakabadze,DF/MF,ge Georgia,28,1995,4,360.0,90.0,100.0,4.0,4,90.0,4,0,,0,1.0,5.0,8.0,-3.0,-0.75,,4.4,11.3,-6.9,-1.74,,Matches
ThGKbe311992,Thomas Kaminski,GK,be Belgium,31,1992,0,,,,,0,,0,0,,4,,,,,,,,,,,,Matches
HaFWen301993,Harry Kane,FW,eng England,30,1993,7,601.0,86.0,87.1,6.7,7,86.0,2,0,,0,1.71,6.0,5.0,1.0,0.15,-0.86,5.2,5.3,-0.1,-0.01,0.91,Matches
N'MFfr321991,N'Golo Kanté,MF,fr France,32,1991,6,511.0,85.0,89.6,5.7,6,85.0,4,0,,0,1.5,4.0,2.0,2.0,0.35,1.88,8.3,4.3,4.0,0.74,0.95,Matches
AhDFtr212003,Ahmetcan Kaplan,DF,tr Türkiye,21,2003,0,,,,,0,,0,0,,5,,,,,,,,,,,,Matches
ŽaDFsi291994,Žan Karničnik,DF,si Slovenia,29,1994,4,390.0,98.0,100.0,4.3,4,98.0,4,0,,0,1.0,2.0,2.0,0.0,0.0,,3.2,6.1,-2.9,-0.71,-0.71,Matches
GuDFge361987,Guram Kashia,DF,ge Georgia,36,1987,4,360.0,90.0,100.0,4.0,4,90.0,4,0,,0,1.0,5.0,8.0,-3.0,-0.75,,4.4,11.3,-6.9,-1.74,,Matches
ElGKal261997,Elhan Kastrati,GK,al Albania,26,1997,0,,,,,0,,0,0,,3,,,,,,,,,,,,Matches
MiMFhu212002,Mihály Kata,MF,hu Hungary,21,2002,0,,,,,0,,0,0,,3,,,,,,,,,,,,Matches
LiGKsc281996,Liam Kelly,GK,sct Scotland,28,1996,0,,,,,0,,0,0,,3,,,,,,,,,,,,Matches
MiDFhu202003,Milos Kerkez,DF,hu Hungary,20,2003,3,237.0,79.0,87.8,2.6,3,79.0,0,0,,0,1.0,1.0,4.0,-3.0,-1.14,-1.14,2.6,2.7,-0.1,-0.03,0.36,Matches
SeFWtr182005,Semih Kılıçsoy,FW,tr Türkiye,18,2005,1,2.0,2.0,0.4,0.0,0,,0,1,2.0,4,0.0,0.0,0.0,0.0,0.0,0.0,0.3,0.1,0.2,9.91,10.28,Matches
JoDFde281995,Joshua Kimmich,DF,de Germany,28,1995,5,480.0,96.0,100.0,5.3,5,96.0,5,0,,0,2.0,11.0,4.0,7.0,1.31,,9.7,4.4,5.3,1.07,1.07,Matches
OtMFge271996,Otar Kiteishvili,MF,ge Georgia,27,1996,2,130.0,65.0,36.1,1.4,2,65.0,1,0,,2,1.5,3.0,1.0,2.0,1.38,3.34,1.7,3.0,-1.3,-0.91,1.29,Matches
JaDFpl232000,Jakub Kiwior,DF,pl Poland,23,2000,3,270.0,90.0,100.0,3.0,3,90.0,3,0,,0,0.33,3.0,6.0,-3.0,-1.0,,4.1,5.9,-1.8,-0.6,,Matches
SiDFdk341989,Simon Kjær,DF,dk Denmark,34,1989,0,,,,,0,,0,0,,4,,,,,,,,,,,,Matches
LáMFhu291994,László Kleinheisler,MF,hu Hungary,29,1994,2,51.0,26.0,18.9,0.6,0,,0,2,26.0,0,1.0,1.0,2.0,-1.0,-1.76,-0.94,0.3,1.6,-1.3,-2.29,-2.73,Matches
GrGKch261997,Gregor Kobel,GK,ch Switzerland,26,1997,0,,,,,0,,0,0,,5,,,,,,,,,,,,Matches
RoDFde271996,Robin Koch,DF/MF,de Germany,27,1996,0,,,,,0,,0,0,,5,,,,,,,,,,,,Matches
GiMFge241999,Giorgi Kochorashvili,MF,ge Georgia,24,1999,4,360.0,90.0,100.0,4.0,4,90.0,4,0,,0,1.0,5.0,8.0,-3.0,-0.75,,4.4,11.3,-6.9,-1.74,,Matches
OrMFtr232000,Orkun Kökçü,MF,tr Türkiye,23,2000,4,221.0,55.0,49.1,2.5,3,72.0,1,1,4.0,0,2.25,6.0,4.0,2.0,0.81,1.6,4.8,4.1,0.7,0.28,1.19,Matches
RaFWfr251998,Randal Kolo Muani,FW,fr France,25,1998,5,201.0,40.0,35.3,2.2,2,74.0,0,3,18.0,1,1.6,2.0,2.0,0.0,0.0,-0.24,1.9,1.8,0.1,0.05,-0.84,Matches
IbDFfr241999,Ibrahima Konaté,DF,fr France,24,1999,0,,,,,0,,0,0,,6,,,,,,,,,,,,Matches
YuDFua241999,Yukhym Konoplia,DF,ua Ukraine,24,1999,1,71.0,71.0,26.3,0.8,1,71.0,0,0,,2,0.0,0.0,3.0,-3.0,-3.8,-4.26,0.4,1.1,-0.7,-0.92,-1.34,Matches
EzDFen261997,Ezri Konsa,DF,eng England,26,1997,3,93.0,31.0,13.5,1.0,1,77.0,0,2,8.0,4,2.33,0.0,1.0,-1.0,-0.97,-1.42,0.4,1.3,-0.9,-1.04,-1.02,Matches
SeDFsk202003,Sebastián Kóša,DF,sk Slovakia,20,2003,0,,,,,0,,0,0,,4,,,,,,,,,,,,Matches
FiDFrs311992,Filip Kostić,DF,rs Serbia,31,1992,1,42.0,42.0,15.6,0.5,1,42.0,0,0,,1,0.0,0.0,1.0,-1.0,-2.14,-2.14,0.1,0.3,-0.2,-0.48,-0.39,Matches
JuDFfr251998,Jules Koundé,DF,fr France,25,1998,6,570.0,95.0,100.0,6.3,6,95.0,6,0,,0,1.5,4.0,3.0,1.0,0.16,,9.0,5.2,3.8,0.63,0.63,Matches
MaMFhr291994,Mateo Kovačić,MF,hr Croatia,29,1994,3,223.0,74.0,82.6,2.5,3,74.0,1,0,,0,0.67,3.0,5.0,-2.0,-0.81,1.11,4.8,4.0,0.8,0.33,-0.65,Matches
MaGKcz232000,Matej Kovar,GK,cz Czechia,23,2000,1,36.0,36.0,13.3,0.4,0,,0,1,36.0,2,0.0,1.0,1.0,0.0,0.0,0.77,1.0,0.6,0.4,1.02,0.9,Matches
AnFWhr321991,Andrej Kramarić,FW,hr Croatia,32,1991,3,243.0,81.0,90.0,2.7,3,81.0,0,0,,0,0.67,3.0,4.0,-1.0,-0.37,6.3,4.6,3.7,0.9,0.32,-1.19,Matches
LaDFcz241999,Ladislav Krejčí,DF,cz Czechia,24,1999,3,270.0,90.0,100.0,3.0,3,90.0,3,0,,0,0.33,3.0,5.0,-2.0,-0.67,,5.1,4.3,0.7,0.24,,Matches
RaDFdk261997,Rasmus Kristensen,DF/MF,dk Denmark,26,1997,0,,,,,0,,0,0,,4,,,,,,,,,,,,Matches
ToMFde341990,Toni Kroos,MF,de Germany,34,1990,5,469.0,94.0,97.7,5.2,5,94.0,4,0,,0,2.0,10.0,3.0,7.0,1.34,1.34,9.6,4.4,5.3,1.08,0.92,Matches
JaFWcz271997,Jan Kuchta,FW,cz Czechia,27,1997,2,95.0,48.0,35.2,1.1,1,59.0,0,1,36.0,1,0.0,1.0,1.0,0.0,0.0,1.03,1.1,1.6,-0.5,-0.49,-1.13,Matches
JuMFsk361987,Juraj Kucka,MF,sk Slovakia,36,1987,4,350.0,88.0,89.7,3.9,4,88.0,3,0,,0,1.0,4.0,3.0,1.0,0.26,4.76,3.5,5.3,-1.8,-0.47,-1.48,Matches
MaDFal232000,Marash Kumbulla,DF,al Albania,23,2000,0,,,,,0,,0,0,,3,,,,,,,,,,,,Matches
JaFWsi351989,Jasmin Kurtić,FW,si Slovenia,35,1989,1,1.0,1.0,0.3,0.0,0,,0,1,1.0,3,1.0,0.0,0.0,0.0,0.0,0.0,0.0,0.0,0.0,0.0,0.66,Matches
KhFWge222001,Khvicha Kvaratskhelia,FW,ge Georgia,22,2001,4,342.0,86.0,95.0,3.8,4,86.0,2,0,,0,1.0,5.0,8.0,-3.0,-0.79,-0.79,4.1,10.2,-6.0,-1.58,3.05,Matches
NiMFge311992,Nika Kvekveskiri,MF,ge Georgia,31,1992,1,12.0,12.0,3.3,0.1,0,,0,1,12.0,3,0.0,0.0,1.0,-1.0,-7.5,-6.98,0.0,1.0,-1.0,-7.16,-5.61,Matches
GiFWge301993,Giorgi Kvilitaia,FW,ge Georgia,30,1993,1,3.0,3.0,0.8,0.0,0,,0,1,3.0,3,1.0,0.0,0.0,0.0,0.0,0.76,0.2,0.0,0.1,4.24,6.03,Matches
SaDFge311992,Saba Kvirkvelia,DF,ge Georgia,31,1992,3,180.0,60.0,50.0,2.0,2,83.0,0,1,15.0,1,1.33,2.0,3.0,-1.0,-0.5,0.5,2.1,6.2,-4.1,-2.06,-0.65,Matches
NeGKhr241999,Nediljko Labrović,GK,hr Croatia,24,1999,0,,,,,0,,0,0,,3,,,,,,,,,,,,Matches
QaMFal281996,Qazim Laçi,MF/FW,al Albania,28,1996,3,163.0,54.0,60.4,1.8,2,70.0,0,1,23.0,0,0.33,1.0,1.0,0.0,0.0,1.68,1.5,2.7,-1.2,-0.67,1.02,Matches
KoMFat261997,Konrad Laimer,MF/FW,at Austria,26,1997,4,270.0,68.0,75.0,3.0,3,81.0,1,1,28.0,0,1.5,4.0,5.0,-1.0,-0.33,-2.33,4.2,4.6,-0.4,-0.14,-1.22,Matches
ÁdDFhu311993,Ádám Lang,DF,hu Hungary,31,1993,1,45.0,45.0,16.7,0.5,1,45.0,0,0,,2,0.0,0.0,2.0,-2.0,-4.0,-3.6,0.3,1.2,-0.8,-1.62,-1.85,Matches
AyDFes291994,Aymeric Laporte,DF,es Spain,29,1994,6,525.0,88.0,79.5,5.8,6,88.0,5,0,,1,3.0,12.0,4.0,8.0,1.37,-0.63,9.9,4.2,5.7,1.04,0.94,Matches
RoDFes271996,Robin Le Normand,DF,es Spain,27,1996,6,442.0,74.0,67.0,4.9,5,79.0,3,1,45.0,0,3.0,9.0,2.0,7.0,1.43,-0.23,9.6,3.5,6.1,1.23,1.29,Matches
RaFWpt241999,Rafael Leão,FW,pt Portugal,24,1999,4,287.0,72.0,56.3,3.2,4,72.0,0,0,,0,2.0,2.0,1.0,1.0,0.31,-0.09,4.0,2.0,2.1,0.65,-0.54,Matches
RoFWpl351988,Robert Lewandowski,FW,pl Poland,35,1988,2,121.0,61.0,44.8,1.3,1,90.0,1,1,31.0,1,0.5,1.0,3.0,-2.0,-1.49,-0.88,1.7,3.8,-2.1,-1.55,-1.73,Matches
PhDFat271996,Philipp Lienhart,DF,at Austria,27,1996,3,214.0,71.0,59.4,2.4,3,71.0,1,0,,1,2.0,5.0,4.0,1.0,0.42,0.42,4.1,3.9,0.2,0.07,-0.24,Matches
MaDFnl241999,Matthijs de Ligt,DF,nl Netherlands,24,1999,0,,,,,0,,0,0,,6,,,,,,,,,,,,Matches
HeGKat331990,Heinz Lindner,GK,at Austria,33,1990,0,,,,,0,,0,0,,4,,,,,,,,,,,,Matches
OnMFcz251998,Ondřej Lingr,MF/FW,cz Czechia,25,1998,3,83.0,28.0,30.7,0.9,0,,0,3,28.0,0,0.33,2.0,3.0,-1.0,-1.08,-0.6,1.9,1.6,0.4,0.41,0.25,Matches
DoGKhr291995,Dominik Livaković,GK,hr Croatia,29,1995,3,270.0,90.0,100.0,3.0,3,90.0,3,0,,0,0.67,3.0,6.0,-3.0,-1.0,,5.7,4.4,1.3,0.44,,Matches
StMFsk291994,Stanislav Lobotka,MF,sk Slovakia,29,1994,4,390.0,98.0,100.0,4.3,4,98.0,4,0,,0,1.0,4.0,5.0,-1.0,-0.23,,4.4,5.8,-1.4,-0.34,-0.34,Matches
SaFWge291994,Saba Lobzhanidze,FW,ge Georgia,29,1994,1,9.0,9.0,2.5,0.1,0,,0,1,9.0,3,1.0,0.0,0.0,0.0,0.0,0.77,0.2,0.0,0.1,1.41,3.23,Matches
LuDFge251998,Luka Lochoshvili,DF/MF,ge Georgia,25,1998,4,170.0,43.0,47.2,1.9,2,62.0,0,2,23.0,0,1.0,3.0,3.0,0.0,0.0,1.42,2.2,3.9,-1.7,-0.92,1.54,Matches
FeMFes202003,Fermin López,MF,es Spain,20,2003,1,29.0,29.0,4.4,0.3,0,,0,1,29.0,6,3.0,0.0,0.0,0.0,0.0,-1.57,0.2,0.4,-0.2,-0.53,-1.4,Matches
GiGKge381986,Giorgi Loria,GK,ge Georgia,38,1986,0,,,,,0,,0,0,,3,,,,,,,,,,,,Matches
SaMFsi251998,Sandi Lovrić,MF,si Slovenia,25,1998,0,,,,,0,,0,0,,4,,,,,,,,,,,,Matches
RoFWbe301993,Romelu Lukaku,FW,be Belgium,30,1993,4,359.0,90.0,99.7,4.0,4,90.0,3,0,,0,1.0,2.0,2.0,0.0,0.0,0.0,4.4,3.2,1.3,0.32,17.13,Matches
DoFWbe261997,Dodi Lukebakio,FW/DF,be Belgium,26,1997,3,65.0,22.0,18.1,0.7,1,55.0,0,2,5.0,0,1.0,1.0,0.0,1.0,1.38,1.69,0.9,0.4,0.4,0.6,0.4,Matches
SaMFrs271996,Saša Lukić,MF,rs Serbia,27,1996,3,209.0,70.0,77.4,2.3,3,70.0,0,0,,0,0.67,0.0,1.0,-1.0,-0.43,-0.43,1.2,1.8,-0.7,-0.29,-0.62,Matches
AnGKua241999,Andriy Lunin,GK,ua Ukraine,24,1999,1,90.0,90.0,33.3,1.0,1,90.0,1,0,,2,0.0,0.0,3.0,-3.0,-3.0,-3.5,0.7,1.1,-0.3,-0.34,-0.62,Matches
IaDFnl212002,Ian Maatsen,DF/MF,nl Netherlands,21,2002,0,,,,,0,,0,0,,5,,,,,,,,,,,,Matches
MiGKfr281995,Mike Maignan,GK,fr France,28,1995,6,570.0,95.0,100.0,6.3,6,95.0,6,0,,0,1.5,4.0,3.0,1.0,0.16,,9.0,5.2,3.8,0.63,0.63,Matches
KoMFen182005,Kobbie Mainoo,MF,eng England,18,2005,6,368.0,61.0,53.3,4.1,4,80.0,0,2,25.0,1,1.83,2.0,4.0,-2.0,-0.49,-1.61,2.9,4.0,-1.1,-0.27,-0.3,Matches
LoFWhr261998,Lovro Majer,FW/MF,hr Croatia,26,1998,3,146.0,49.0,54.1,1.6,2,68.0,1,1,11.0,0,0.67,0.0,5.0,-5.0,-3.08,-4.53,2.4,3.0,-0.6,-0.4,-1.81,Matches
NeMFrs291995,Nemanja Maksimović,MF,rs Serbia,29,1995,0,,,,,0,,0,0,,3,,,,,,,,,,,,Matches
DoFWnl251999,Donyell Malen,FW,nl Netherlands,25,1999,4,190.0,48.0,35.2,2.1,2,58.0,0,2,37.0,2,1.5,5.0,3.0,2.0,0.95,0.69,4.2,2.8,1.3,0.64,0.58,Matches
RuMFua301993,Ruslan Malinovskyi,MF,ua Ukraine,30,1993,3,35.0,12.0,13.0,0.4,0,,0,3,12.0,0,1.33,0.0,0.0,0.0,0.0,0.77,0.8,0.4,0.5,1.18,1.27,Matches
GiGKge232000,Giorgi Mamardashvili,GK,ge Georgia,23,2000,4,360.0,90.0,100.0,4.0,4,90.0,4,0,,0,1.0,5.0,8.0,-3.0,-0.75,,4.4,11.3,-6.9,-1.74,,Matches
DeMFro251998,Dennis Man,MF,ro Romania,25,1998,4,266.0,67.0,73.9,3.0,3,80.0,2,1,25.0,0,1.0,3.0,5.0,-2.0,-0.68,-0.68,2.3,4.8,-2.5,-0.85,-0.72,Matches
ReFWal261997,Rey Manaj,FW,al Albania,26,1997,3,156.0,52.0,57.8,1.7,2,71.0,0,1,14.0,0,0.33,1.0,3.0,-2.0,-1.15,-1.15,1.3,3.7,-2.4,-1.37,-0.69,Matches
GiDFit271996,Gianluca Mancini,DF,it Italy,27,1996,1,90.0,90.0,25.0,1.0,1,90.0,1,0,,3,0.0,0.0,2.0,-2.0,-2.0,-2.0,0.7,1.2,-0.5,-0.52,-0.24,Matches
OrMFbe251998,Orel Mangala,MF,be Belgium,25,1998,4,133.0,33.0,36.9,1.5,1,56.0,0,3,26.0,0,1.0,1.0,2.0,-1.0,-0.68,-1.07,1.7,1.6,0.1,0.05,-0.36,Matches
MaMFro251998,Marius Marin,MF,ro Romania,25,1998,4,302.0,76.0,83.9,3.4,4,76.0,1,0,,0,1.0,4.0,3.0,1.0,0.3,4.95,3.0,4.1,-1.1,-0.32,2.1,Matches
RăMFro271996,Răzvan Marin,MF,ro Romania,27,1996,4,355.0,89.0,98.6,3.9,4,89.0,3,0,,0,1.0,4.0,6.0,-2.0,-0.51,-0.51,3.5,6.1,-2.6,-0.67,-0.67,Matches
ÁdFWhu291994,Ádám Martin,FW/DF,hu Hungary,29,1994,3,45.0,15.0,16.7,0.5,0,,0,3,15.0,0,1.0,1.0,1.0,0.0,0.0,1.2,1.1,1.2,-0.1,-0.29,-0.26,Matches
MyDFua271996,Mykola Matviyenko,DF,ua Ukraine,27,1996,3,270.0,90.0,100.0,3.0,3,90.0,3,0,,0,1.33,2.0,4.0,-2.0,-0.67,,3.0,2.8,0.2,0.07,,Matches
KyFWfr251998,Kylian Mbappé,FW,fr France,25,1998,5,464.0,93.0,81.4,5.2,5,93.0,3,0,,1,1.6,4.0,3.0,1.0,0.19,0.19,7.3,4.5,2.8,0.54,-0.29,Matches
RoDFsc251998,Ross McCrorie,DF/GK,sct Scotland,25,1998,0,,,,,0,,0,0,,3,,,,,,,,,,,,Matches
JoMFsc291994,John McGinn,MF/FW,sct Scotland,29,1994,3,230.0,77.0,85.2,2.6,3,77.0,0,0,,0,0.33,1.0,4.0,-3.0,-1.17,3.33,0.7,3.3,-2.6,-1.01,1.03,Matches
CaMFsc301993,Callum McGregor,MF,sct Scotland,30,1993,3,246.0,82.0,91.1,2.7,3,82.0,2,0,,0,0.33,1.0,5.0,-4.0,-1.46,2.29,0.9,4.1,-3.2,-1.17,-0.1,Matches
ScDFsc271996,Scott McKenna,DF,sct Scotland,27,1996,3,134.0,45.0,49.6,1.5,1,90.0,1,2,22.0,0,0.33,1.0,2.0,-1.0,-0.67,1.98,0.7,1.6,-0.9,-0.6,1.12,Matches
KeMFsc321992,Kenny McLean,MF,sct Scotland,32,1992,3,44.0,15.0,16.3,0.5,0,,0,3,15.0,0,0.33,1.0,3.0,-2.0,-4.09,-2.9,0.4,1.3,-0.9,-1.8,-0.76,Matches
ScMFsc271996,Scott McTominay,MF,sct Scotland,27,1996,3,270.0,90.0,100.0,3.0,3,90.0,3,0,,0,0.33,2.0,7.0,-5.0,-1.67,,0.9,4.4,-3.5,-1.16,,Matches
AnMFge222001,Anzor Mekvabishvili,MF,ge Georgia,22,2001,3,188.0,63.0,52.2,2.1,2,89.0,1,1,10.0,0,1.33,2.0,3.0,-1.0,-0.48,0.57,2.3,6.4,-4.1,-1.96,-0.46,Matches
MeFWnl291994,Memphis,FW/MF,nl Netherlands,29,1994,6,457.0,76.0,84.6,5.1,6,76.0,1,0,,0,1.67,8.0,6.0,2.0,0.39,-0.69,7.0,5.4,1.6,0.31,0.35,Matches
NuDFpt212002,Nuno Mendes,DF,pt Portugal,21,2002,4,419.0,105.0,82.2,4.7,4,105.0,3,0,,1,2.0,4.0,1.0,3.0,0.64,1.63,6.8,2.8,3.9,0.99,0.35,Matches
FeDFfr281995,Ferland Mendy,DF,fr France,28,1995,0,,,,,0,,0,0,,6,,,,,,,,,,,,Matches
AlGKit261997,Alex Meret,GK,it Italy,26,1997,0,,,,,0,,0,0,,4,,,,,,,,,,,,Matches
MiMFes271996,Mikel Merino,MF/FW,es Spain,27,1996,7,182.0,26.0,27.6,2.0,1,90.0,1,6,15.0,0,3.0,3.0,1.0,2.0,0.99,-0.71,3.0,3.0,0.0,0.02,-1.03,Matches
VaMFro232000,Valentin Mihaila,MF,ro Romania,23,2000,3,115.0,38.0,31.9,1.3,1,67.0,0,2,24.0,1,1.0,0.0,3.0,-3.0,-2.35,-2.72,0.5,2.8,-2.3,-1.83,-1.72,Matches
EnDFal251998,Enea Mihaj,DF,al Albania,25,1998,0,,,,,0,,0,0,,3,,,,,,,,,,,,Matches
SrDFrs301993,Srđan Mijailović,DF,rs Serbia,30,1993,1,72.0,72.0,26.7,0.8,1,72.0,0,0,,2,1.0,0.0,0.0,0.0,0.0,0.45,0.1,0.7,-0.6,-0.76,-0.83,Matches
GeFWge232000,Georges Mikautadze,FW,ge Georgia,23,2000,4,345.0,86.0,95.8,3.8,4,86.0,2,0,,0,1.0,5.0,7.0,-2.0,-0.52,5.48,4.2,10.3,-6.1,-1.6,3.28,Matches
NiDFrs261997,Nikola Milenković,DF,rs Serbia,26,1997,3,270.0,90.0,100.0,3.0,3,90.0,3,0,,0,0.67,1.0,2.0,-1.0,-0.33,,2.1,2.6,-0.5,-0.15,,Matches
SeMFrs281995,Sergej Milinković-Savić,MF,rs Serbia,28,1995,3,121.0,40.0,44.8,1.3,1,90.0,1,2,16.0,0,0.67,1.0,2.0,-1.0,-0.74,-0.74,1.0,1.0,0.0,-0.02,0.25,Matches
VaGKrs261997,Vanja Milinković-Savić,GK,rs Serbia,26,1997,0,,,,,0,,0,0,,3,,,,,,,,,,,,Matches
MaDFal202003,Mario Mitaj,DF,al Albania,20,2003,3,270.0,90.0,100.0,3.0,3,90.0,3,0,,0,0.33,3.0,5.0,-2.0,-0.67,,2.4,5.7,-3.2,-1.07,,Matches
AlFWrs291994,Aleksandar Mitrović,FW,rs Serbia,29,1994,3,240.0,80.0,88.9,2.7,3,80.0,2,0,,0,0.67,1.0,2.0,-1.0,-0.37,-0.37,2.0,2.4,-0.4,-0.13,0.17,Matches
MaDFde261997,Maximilian Mittelstädt,DF,de Germany,26,1997,4,304.0,76.0,63.3,3.4,3,80.0,2,1,64.0,1,1.75,8.0,3.0,5.0,1.48,0.46,5.9,2.6,3.3,1.08,0.18,Matches
FiDFrs321991,Filip Mladenović,DF,rs Serbia,32,1991,3,111.0,37.0,41.1,1.2,1,45.0,0,2,33.0,0,0.67,0.0,0.0,0.0,0.0,0.57,0.9,1.0,-0.2,-0.13,0.03,Matches
JaMFsi251998,Jan Mlakar,MF,si Slovenia,25,1998,4,295.0,74.0,75.6,3.3,4,74.0,0,0,,0,1.0,0.0,1.0,-1.0,-0.31,-1.25,1.9,4.0,-2.1,-0.64,0.09,Matches
JaMFpl241999,Jakub Moder,MF,pl Poland,24,1999,3,180.0,60.0,66.7,2.0,1,90.0,1,2,45.0,0,0.33,1.0,4.0,-3.0,-1.5,-1.5,2.8,4.3,-1.4,-0.71,-0.35,Matches
LuMFhr381985,Luka Modrić,MF,hr Croatia,38,1985,3,233.0,78.0,86.3,2.6,3,78.0,1,0,,0,0.67,3.0,5.0,-2.0,-0.77,1.66,4.8,4.2,0.6,0.24,-1.51,Matches
VaDFro311992,Vasile Mogos,DF,ro Romania,31,1992,1,37.0,37.0,10.3,0.4,1,37.0,0,0,,3,0.0,0.0,1.0,-1.0,-2.43,-2.15,0.2,0.4,-0.2,-0.47,0.22,Matches
HoGKro261998,Horaţiu Moldovan,GK,ro Romania,26,1998,0,,,,,0,,0,0,,4,,,,,,,,,,,,Matches
ÁlFWes311992,Álvaro Morata,FW,es Spain,31,1992,7,449.0,64.0,68.0,5.0,6,72.0,0,1,19.0,0,3.0,10.0,2.0,8.0,1.6,0.32,8.1,3.8,4.3,0.86,0.17,Matches
LeDFsc271996,Lewis Morgan,DF,sct Scotland,27,1996,1,2.0,2.0,0.7,0.0,0,,0,1,2.0,2,0.0,0.0,1.0,-1.0,-45.0,-43.66,0.1,0.8,-0.7,-29.67,-28.73,Matches
ErFWal222001,Ernest Muçi,FW,al Albania,22,2001,2,14.0,7.0,5.2,0.2,0,,0,2,7.0,1,0.0,0.0,0.0,0.0,0.0,0.7,0.4,0.0,0.4,2.68,3.96,Matches
MyFWua232001,Mykhailo Mudryk,FW/MF,ua Ukraine,23,2001,2,174.0,87.0,64.4,1.9,2,87.0,1,0,,0,1.5,2.0,4.0,-2.0,-1.03,-1.03,2.2,1.9,0.3,0.16,0.24,Matches
MeDFtr241999,Mert Müldür,DF/MF,tr Türkiye,24,1999,4,345.0,86.0,76.7,3.8,4,86.0,2,0,,1,2.25,7.0,5.0,2.0,0.52,2.24,5.0,6.8,-1.8,-0.46,-0.58,Matches
ThMFde341989,Thomas Müller,MF/FW,de Germany,34,1989,2,58.0,29.0,12.1,0.6,0,,0,2,29.0,3,1.5,2.0,2.0,0.0,0.0,-1.49,1.3,0.9,0.4,1.33,0.35,Matches
JaFWde202003,Jamal Musiala,FW,de Germany,20,2003,5,419.0,84.0,87.3,4.7,5,84.0,1,0,,0,2.0,9.0,3.0,6.0,1.29,-0.19,8.4,3.9,4.5,1.04,0.18,Matches
YvGKch291994,Yvon Mvogo,GK,ch Switzerland,29,1994,0,,,,,0,,0,0,,5,,,,,,,,,,,,Matches
PhDFat301994,Phillipp Mwene,DF,at Austria,30,1994,3,194.0,65.0,53.9,2.2,3,65.0,0,0,,1,1.0,1.0,3.0,-2.0,-0.93,-2.55,1.9,3.8,-1.9,-0.88,-2.26,Matches
BoDFua261997,Bohdan Mykhaylychenko,DF,ua Ukraine,26,1997,0,,,,,0,,0,0,,3,,,,,,,,,,,,Matches
ViDFua241999,Vitaliy Mykolenko,DF,ua Ukraine,24,1999,1,57.0,57.0,21.1,0.6,1,57.0,0,0,,2,1.0,0.0,0.0,0.0,0.0,0.85,0.3,0.5,-0.2,-0.36,-0.54,Matches
JoDFdk261997,Joakim Mæhle,DF/MF,dk Denmark,26,1997,4,283.0,71.0,78.6,3.1,3,90.0,3,1,13.0,0,0.75,1.0,3.0,-2.0,-0.64,-0.64,2.7,4.1,-1.4,-0.44,-1.53,Matches
NaDFes341990,Nacho,DF,es Spain,34,1990,4,263.0,66.0,39.8,2.9,2,90.0,2,2,42.0,2,3.0,8.0,2.0,6.0,2.05,0.92,4.4,5.3,-1.0,-0.37,-1.82,Matches
ÁdMFhu281995,Ádám Nagy,MF,hu Hungary,28,1995,3,159.0,53.0,58.9,1.8,2,65.0,0,1,30.0,0,1.0,2.0,3.0,-1.0,-0.57,1.06,3.0,2.2,0.8,0.43,1.21,Matches
ZsDFhu301993,Zsolt Nagy,DF,hu Hungary,30,1993,2,21.0,11.0,7.8,0.2,0,,0,2,11.0,1,1.5,1.0,0.0,1.0,4.29,5.73,1.1,0.5,0.6,2.51,2.8,Matches
JeDFes381985,Jesús Navas,DF,es Spain,38,1985,3,157.0,52.0,23.8,1.7,2,74.0,1,1,10.0,4,3.0,4.0,1.0,3.0,1.72,0.29,2.7,1.2,1.5,0.88,0.1,Matches
DaMFch232000,Dan Ndoye,MF/DF,ch Switzerland,23,2000,5,407.0,81.0,84.8,4.5,5,81.0,0,0,,0,1.8,7.0,3.0,4.0,0.88,0.88,5.4,3.9,1.5,0.33,-0.06,Matches
IoDFro271996,Ionuț Nedelcearu,DF,ro Romania,27,1996,0,,,,,0,,0,0,,4,,,,,,,,,,,,Matches
LoDFhu331991,Loïc Nego,DF/MF,hu Hungary,33,1991,0,,,,,0,,0,0,,3,,,,,,,,,,,,Matches
PeDFpt232000,Pedro Neto,DF/FW,pt Portugal,23,2000,3,120.0,40.0,23.5,1.3,1,74.0,0,2,23.0,2,2.0,2.0,2.0,0.0,0.0,-0.46,2.8,1.7,1.1,0.84,-0.06,Matches
MaGKde371986,Manuel Neuer,GK,de Germany,37,1986,5,480.0,96.0,100.0,5.3,5,96.0,5,0,,0,2.0,11.0,4.0,7.0,1.31,,9.7,4.4,5.3,1.07,1.07,Matches
JoMFpt192004,João Neves,MF,pt Portugal,19,2004,2,77.0,39.0,15.1,0.9,1,74.0,0,1,3.0,3,1.5,0.0,2.0,-2.0,-2.34,-3.17,1.1,1.6,-0.5,-0.62,-1.77,Matches
RúMFpt261997,Rúben Neves,MF,pt Portugal,26,1997,4,125.0,31.0,24.5,1.4,0,,0,4,31.0,1,1.25,1.0,1.0,0.0,0.0,-0.47,3.7,1.9,1.8,1.81,1.13,Matches
FlGKro361987,Florin Niță,GK,ro Romania,36,1987,4,360.0,90.0,100.0,4.0,4,90.0,4,0,,0,1.0,4.0,6.0,-2.0,-0.5,,3.5,6.1,-2.6,-0.66,,Matches
MaMFpt251998,Matheus Nunes,MF,pt Portugal,25,1998,2,18.0,9.0,3.5,0.2,0,,0,2,9.0,3,0.5,0.0,0.0,0.0,0.0,-0.37,1.3,0.0,1.2,6.86,6.17,Matches
ChMFdk291994,Christian Nørgaard,MF,dk Denmark,29,1994,3,38.0,13.0,10.6,0.4,0,,0,3,13.0,1,0.67,0.0,0.0,0.0,0.0,0.56,0.7,0.4,0.3,0.7,0.91,Matches
AdDFsk212002,Adam Obert,DF,sk Slovakia,21,2002,2,25.0,13.0,6.4,0.3,0,,0,2,13.0,2,1.5,0.0,1.0,-1.0,-3.6,-3.6,0.2,0.4,-0.1,-0.51,-0.21,Matches
JaGKsi311993,Jan Oblak,GK,si Slovenia,31,1993,4,390.0,98.0,100.0,4.3,4,98.0,4,0,,0,1.0,2.0,2.0,0.0,0.0,,3.2,6.1,-2.9,-0.71,-0.71,Matches
NoFWch232000,Noah Okafor,FW/MF,ch Switzerland,23,2000,0,,,,,0,,0,0,,5,,,,,,,,,,,,Matches
DaMFro251998,Darius Olaru,MF,ro Romania,25,1998,2,26.0,13.0,7.2,0.3,0,,0,2,13.0,2,0.0,0.0,2.0,-2.0,-6.92,-6.92,0.5,0.9,-0.4,-1.48,-0.88,Matches
DaMFes251998,Dani Olmo,MF/FW,es Spain,25,1998,6,432.0,72.0,65.5,4.8,3,83.0,1,3,61.0,1,3.0,9.0,3.0,6.0,1.25,-0.72,7.1,5.0,2.0,0.46,-0.89,Matches
AmMFbe222001,Amadou Onana,MF,be Belgium,22,2001,4,360.0,90.0,100.0,4.0,4,90.0,4,0,,0,1.0,2.0,2.0,0.0,0.0,,4.5,3.4,1.1,0.28,,Matches
LoFWbe232000,Loïs Openda,FW,be Belgium,23,2000,3,70.0,23.0,19.4,0.8,1,62.0,0,2,4.0,1,0.33,0.0,0.0,0.0,0.0,0.0,0.3,1.0,-0.7,-0.9,-1.46,Matches
WiDFhu311992,Willi Orban,DF,hu Hungary,31,1992,3,270.0,90.0,100.0,3.0,3,90.0,3,0,,0,1.0,2.0,5.0,-3.0,-1.0,,3.7,3.9,-0.2,-0.07,,Matches
MiFWes261997,Mikel Oyarzabal,FW,es Spain,26,1997,7,201.0,29.0,30.5,2.2,1,61.0,0,6,23.0,0,3.0,5.0,2.0,3.0,1.34,-0.23,4.6,2.8,1.8,0.94,0.18,Matches
SaMFtr261998,Salih Özcan,MF,tr Türkiye,26,1998,4,155.0,39.0,34.4,1.7,2,61.0,0,2,17.0,1,2.25,3.0,3.0,0.0,0.0,0.0,2.0,3.7,-1.7,-0.96,-0.97,Matches
JoMFpt281995,João Palhinha,MF,pt Portugal,28,1995,4,299.0,75.0,58.6,3.3,4,75.0,1,0,,1,1.25,2.0,1.0,1.0,0.3,-0.13,4.0,2.2,1.8,0.59,-0.62,Matches
CoMFen212002,Cole Palmer,MF/FW,eng England,21,2002,5,149.0,30.0,21.6,1.7,0,,0,5,30.0,2,1.6,5.0,1.0,4.0,2.42,2.75,2.0,1.9,0.0,0.04,0.2,Matches
MaMFhr232000,Marco Pašalić,MF,hr Croatia,23,2000,0,,,,,0,,0,0,,3,,,,,,,,,,,,Matches
MaFWhr281995,Mario Pašalić,FW/MF,hr Croatia,28,1995,3,116.0,39.0,43.0,1.3,1,45.0,0,2,36.0,0,0.67,2.0,1.0,1.0,0.78,3.11,3.3,1.0,2.2,1.72,2.24,Matches
RuGKpt351988,Rui Patrício,GK,pt Portugal,35,1988,0,,,,,0,,0,0,,5,,,,,,,,,,,,Matches
BeDFfr271996,Benjamin Pavard,DF,fr France,27,1996,0,,,,,0,,0,0,,6,,,,,,,,,,,,Matches
StDFrs222001,Strahinja Pavlović,DF,rs Serbia,22,2001,3,270.0,90.0,100.0,3.0,3,90.0,3,0,,0,0.67,1.0,2.0,-1.0,-0.33,,2.1,2.6,-0.5,-0.15,,Matches
PeMFes212002,Pedri,MF,es Spain,21,2002,4,186.0,47.0,28.2,2.1,4,47.0,0,0,,1,3.0,6.0,1.0,5.0,2.42,1.28,5.2,1.4,3.8,1.84,1.44,Matches
PeDFsk371986,Peter Pekarík,DF,sk Slovakia,37,1986,4,377.0,94.0,96.7,4.2,4,94.0,2,0,,0,1.0,4.0,5.0,-1.0,-0.24,-0.24,4.1,5.7,-1.5,-0.36,-1.37,Matches
LoFWit271996,Lorenzo Pellegrini,FW/MF,it Italy,27,1996,4,218.0,55.0,60.6,2.4,3,67.0,0,1,16.0,0,1.0,2.0,2.0,0.0,0.0,1.27,2.1,2.2,-0.1,-0.04,0.77,Matches
PaGKat271997,Patrick Pentz,GK,at Austria,27,1997,4,360.0,90.0,100.0,4.0,4,90.0,4,0,,0,1.5,7.0,6.0,1.0,0.25,,6.9,6.3,0.7,0.17,,Matches
PeDFpt401983,Pepe,DF,pt Portugal,40,1983,4,408.0,102.0,80.0,4.5,4,102.0,2,0,,1,2.0,5.0,1.0,4.0,0.88,2.65,7.3,2.8,4.4,1.05,0.65,Matches
DaDFpt321991,Danilo Pereira,DF,pt Portugal,32,1991,1,90.0,90.0,17.6,1.0,1,90.0,1,0,,4,0.0,0.0,2.0,-2.0,-2.0,-2.86,2.0,1.6,0.3,0.35,-0.65,Matches
AyFWes301993,Ayoze Pérez,FW,es Spain,30,1993,1,13.0,13.0,2.0,0.1,0,,0,1,13.0,4,3.0,0.0,0.0,0.0,0.0,-1.53,0.4,0.1,0.3,2.15,1.37,Matches
IvDFhr341989,Ivan Perišić,DF/FW,hr Croatia,34,1989,3,139.0,46.0,51.5,1.5,1,83.0,0,2,28.0,0,0.67,2.0,2.0,0.0,0.0,2.06,3.3,1.4,1.9,1.2,1.56,Matches
BrFWhr291994,Bruno Petković,FW,hr Croatia,29,1994,2,87.0,44.0,32.2,1.0,1,68.0,0,1,19.0,1,0.5,0.0,1.0,-1.0,-1.03,-0.05,2.3,1.0,1.3,1.31,1.28,Matches
ĐoGKrs241999,Đorđe Petrović,GK,rs Serbia,24,1999,0,,,,,0,,0,0,,3,,,,,,,,,,,,Matches
KrFWpl281995,Krzysztof Piątek,FW,pl Poland,28,1995,1,59.0,59.0,21.9,0.7,1,59.0,0,0,,2,0.0,1.0,1.0,0.0,0.0,1.28,1.1,0.7,0.4,0.64,1.58,Matches
JoGKen291994,Jordan Pickford,GK,eng England,29,1994,7,690.0,99.0,100.0,7.7,7,99.0,7,0,,0,1.71,8.0,6.0,2.0,0.26,,6.1,7.0,-1.0,-0.14,-0.14,Matches
JaMFpl261997,Jakub Piotrowski,MF,pl Poland,26,1997,2,58.0,29.0,21.5,0.6,1,45.0,0,1,13.0,1,0.0,1.0,2.0,-1.0,-1.55,-0.7,1.9,0.7,1.2,1.9,3.18,Matches
MarFWhr281995,Marko Pjaca,FW/MF,hr Croatia,28,1995,0,,,,,0,,0,0,,3,,,,,,,,,,,,Matches
MaDFhr261997,Marin Pongračić,DF,hr Croatia,26,1997,2,180.0,90.0,66.7,2.0,2,90.0,2,0,,1,0.5,1.0,4.0,-3.0,-1.5,-1.5,3.1,2.9,0.2,0.08,-1.08,Matches
RyDFsc241999,Ryan Porteous,DF,sct Scotland,24,1999,1,43.0,43.0,15.9,0.5,1,43.0,0,0,,0,0.0,0.0,2.0,-2.0,-4.19,-3.0,0.0,0.5,-0.5,-1.06,0.12,Matches
StDFat261997,Stefan Posch,DF,at Austria,26,1997,4,360.0,90.0,100.0,4.0,4,90.0,4,0,,0,1.5,7.0,6.0,1.0,0.25,,6.9,6.3,0.7,0.17,,Matches
YuFWdk291994,Yussuf Poulsen,FW/MF,dk Denmark,29,1994,4,57.0,14.0,15.8,0.6,0,,0,4,14.0,0,0.75,0.0,0.0,0.0,0.0,0.59,0.7,0.7,0.0,0.03,0.18,Matches
AlDFat222001,Alexander Prass,DF,at Austria,22,2001,4,166.0,42.0,46.1,1.8,1,90.0,1,3,25.0,0,1.5,6.0,3.0,3.0,1.63,2.55,5.0,2.5,2.5,1.38,2.26,Matches
LuMFcz271996,Lukáš Provod,MF,cz Czechia,27,1996,3,232.0,77.0,85.9,2.6,3,77.0,0,0,,0,0.33,3.0,3.0,0.0,0.0,4.74,4.5,3.0,1.5,0.58,2.45,Matches
TyDFpl251999,Tymoteusz Puchacz,DF/MF,pl Poland,25,1999,0,,,,,0,,0,0,,3,,,,,,,,,,,,Matches
GeFWro271996,George Pușcaș,FW,ro Romania,27,1996,2,40.0,20.0,11.1,0.4,0,,0,2,20.0,2,2.0,0.0,0.0,0.0,0.0,0.56,0.0,0.4,-0.4,-0.89,-0.26,Matches
LeDFat202003,Leopold Querfeld,DF,at Austria,20,2003,1,27.0,27.0,7.5,0.3,0,,0,1,27.0,3,3.0,1.0,1.0,0.0,0.0,-0.27,0.1,0.2,-0.1,-0.24,-0.44,Matches
AdMFfr281995,Adrien Rabiot,MF,fr France,28,1995,5,371.0,74.0,65.1,4.1,5,74.0,2,0,,0,1.6,4.0,2.0,2.0,0.49,0.94,7.0,2.4,4.7,1.13,1.54,Matches
BoDFro232000,Bogdan Racovitan,DF,ro Romania,23,2000,2,57.0,29.0,15.8,0.6,0,,0,2,29.0,2,1.5,0.0,2.0,-2.0,-3.16,-3.16,0.1,2.5,-2.4,-3.77,-3.69,Matches
PrGKrs281995,Predrag Rajković,GK,rs Serbia,28,1995,3,270.0,90.0,100.0,3.0,3,90.0,3,0,,0,0.67,1.0,2.0,-1.0,-0.33,,2.1,2.6,-0.5,-0.15,,Matches
AnDFsc251998,Anthony Ralston,DF,sct Scotland,25,1998,3,262.0,87.0,97.0,2.9,3,87.0,2,0,,0,0.33,2.0,6.0,-4.0,-1.37,9.88,0.8,3.6,-2.8,-0.97,6.45,Matches
YlMFal271996,Ylber Ramadani,MF,al Albania,27,1996,3,264.0,88.0,97.8,2.9,3,88.0,2,0,,0,0.33,2.0,5.0,-3.0,-1.02,-16.02,2.0,5.4,-3.5,-1.18,-4.89,Matches
GoFWpt222001,Gonçalo Ramos,FW,pt Portugal,22,2001,1,25.0,25.0,4.9,0.3,0,,0,1,25.0,4,0.0,0.0,0.0,0.0,0.0,-0.37,1.2,0.1,1.1,4.04,3.32,Matches
AaGKen251998,Aaron Ramsdale,GK,eng England,25,1998,0,,,,,0,,0,0,,7,,,,,,,,,,,,Matches
GiFWit232000,Giacomo Raspadori,FW,it Italy,23,2000,2,83.0,42.0,23.1,0.9,1,74.0,0,1,9.0,2,0.5,0.0,1.0,-1.0,-1.08,-0.76,0.9,1.2,-0.3,-0.31,0.05,Matches
AnDFro251998,Andrei Ratiu,DF,ro Romania,25,1998,4,359.0,90.0,99.7,4.0,4,90.0,3,0,,0,1.0,4.0,6.0,-2.0,-0.5,-0.5,3.5,6.1,-2.7,-0.67,-2.18,Matches
PeFWrs202003,Petar Ratkov,FW,rs Serbia,20,2003,0,,,,,0,,0,0,,3,,,,,,,,,,,,Matches
DaDFde251998,David Raum,DF,de Germany,25,1998,3,166.0,55.0,34.6,1.8,2,68.0,0,1,30.0,2,1.33,3.0,1.0,2.0,1.08,-0.35,3.4,1.6,1.8,0.96,-0.06,Matches
HeGKsk261997,Henrich Ravas,GK,sk Slovakia,26,1997,0,,,,,0,,0,0,,4,,,,,,,,,,,,Matches
DaGKes281995,David Raya,GK,es Spain,28,1995,1,90.0,90.0,13.6,1.0,1,90.0,1,0,,6,3.0,1.0,0.0,1.0,1.0,-0.58,1.5,0.5,1.0,1.02,0.25,Matches
TiMFnl251998,Tijjani Reijnders,MF,nl Netherlands,25,1998,6,496.0,83.0,91.9,5.5,6,83.0,4,0,,0,1.67,8.0,6.0,2.0,0.36,-1.68,7.7,5.6,2.1,0.38,1.42,Matches
ÁlGKes281995,Álex Remiro,GK,es Spain,28,1995,0,,,,,0,,0,0,,7,,,,,,,,,,,,Matches
MaFWit241999,Mateo Retegui,FW,it Italy,24,1999,4,152.0,38.0,42.2,1.7,1,90.0,1,3,21.0,0,1.0,1.0,1.0,0.0,0.0,0.87,1.6,1.8,-0.2,-0.12,0.4,Matches
DeMFen251999,Declan Rice,MF,eng England,25,1999,7,690.0,99.0,100.0,7.7,7,99.0,7,0,,0,1.71,8.0,6.0,2.0,0.26,,6.1,7.0,-1.0,-0.14,-0.14,Matches
FaMFch212002,Fabian Rieder,MF,ch Switzerland,21,2002,5,218.0,44.0,45.4,2.4,3,66.0,0,2,11.0,0,1.8,4.0,0.0,4.0,1.65,1.65,2.8,1.4,1.4,0.56,0.4,Matches
ToMFsk212002,Tomas Rigo,MF,sk Slovakia,21,2002,0,,,,,0,,0,0,,4,,,,,,,,,,,,Matches
AnDFsc291994,Andrew Robertson,DF,sct Scotland,29,1994,3,268.0,89.0,99.3,3.0,3,89.0,2,0,,0,0.33,2.0,6.0,-4.0,-1.34,43.66,0.8,3.6,-2.8,-0.95,28.73,Matches
MaGKsk271996,Marek Rodák,GK,sk Slovakia,27,1996,0,,,,,0,,0,0,,4,,,,,,,,,,,,Matches
RoMFes271996,Rodri,MF,es Spain,27,1996,6,520.0,87.0,78.8,5.8,6,87.0,4,0,,0,3.0,12.0,3.0,9.0,1.56,0.27,9.7,5.9,3.8,0.69,-0.45,Matches
RiDFch311992,Ricardo Rodríguez,DF,ch Switzerland,31,1992,5,480.0,96.0,100.0,5.3,5,96.0,5,0,,0,1.8,8.0,4.0,4.0,0.75,,6.7,4.9,1.8,0.37,0.37,Matches
TaMFpl321991,Taras Romanchuk,MF,pl Poland,32,1991,1,54.0,54.0,20.0,0.6,1,54.0,0,0,,2,0.0,1.0,1.0,0.0,0.0,1.25,0.2,1.2,-1.0,-1.7,-1.38,Matches
CrFWpt381985,Cristiano Ronaldo,FW,pt Portugal,38,1985,5,485.0,97.0,95.1,5.4,5,97.0,4,0,,0,1.6,5.0,3.0,2.0,0.37,0.37,8.3,4.4,3.9,0.82,-0.37,Matches
AnDFde301993,Antonio Rüdiger,DF,de Germany,30,1993,5,480.0,96.0,100.0,5.3,5,96.0,5,0,,0,2.0,11.0,4.0,7.0,1.31,,9.7,4.4,5.3,1.07,1.07,Matches
FaMFes271996,Fabián Ruiz Peña,MF,es Spain,27,1996,6,540.0,90.0,81.8,6.0,6,90.0,3,0,,1,3.0,12.0,4.0,8.0,1.33,-0.92,9.9,5.7,4.2,0.7,-0.6,Matches
AdMFro271996,Adrian Rus,MF,ro Romania,27,1996,2,21.0,11.0,5.8,0.2,0,,0,2,11.0,2,2.0,0.0,0.0,0.0,0.0,0.53,0.0,0.4,-0.4,-1.64,-1.03,Matches
FrGKdk311992,Frederik Rønnow,GK,dk Denmark,31,1992,0,,,,,0,,0,0,,4,,,,,,,,,,,,Matches
JoGKpt311993,José Sá,GK,pt Portugal,31,1993,0,,,,,0,,0,0,,5,,,,,,,,,,,,Matches
MaFWat291994,Marcel Sabitzer,FW/MF,at Austria,29,1994,4,360.0,90.0,100.0,4.0,4,90.0,4,0,,0,1.5,7.0,6.0,1.0,0.25,,6.9,6.3,0.7,0.17,,Matches
BuFWen222001,Bukayo Saka,FW/DF,eng England,22,2001,7,632.0,90.0,91.6,7.0,7,90.0,3,0,,0,1.71,8.0,6.0,2.0,0.28,0.28,5.5,6.5,-0.9,-0.14,-0.09,Matches
BaDFpl321991,Bartosz Salamon,DF,pl Poland,32,1991,1,85.0,85.0,31.5,0.9,1,85.0,0,0,,2,0.0,1.0,2.0,-1.0,-1.06,-0.09,0.9,1.4,-0.5,-0.53,0.1,Matches
WiDFfr222001,William Saliba,DF,fr France,22,2001,6,570.0,95.0,100.0,6.3,6,95.0,6,0,,0,1.5,4.0,3.0,1.0,0.16,,9.0,5.2,3.8,0.63,0.63,Matches
RoMFhu261997,Roland Sallai,MF,hu Hungary,26,1997,3,266.0,89.0,98.5,3.0,3,89.0,2,0,,0,1.0,2.0,5.0,-3.0,-1.02,-1.02,3.4,3.8,-0.4,-0.13,-4.01,Matches
LaMFrs212002,Lazar Samardzic,MF,rs Serbia,21,2002,2,54.0,27.0,20.0,0.6,1,45.0,0,1,9.0,1,1.0,1.0,0.0,1.0,1.67,2.5,0.4,0.5,-0.1,-0.24,-0.11,Matches
BrGKfr291994,Brice Samba,GK,fr France,29,1994,0,,,,,0,,0,0,,6,,,,,,,,,,,,Matches
LeFWde281996,Leroy Sané,FW,de Germany,28,1996,5,208.0,42.0,43.3,2.3,2,66.0,0,3,25.0,0,2.0,6.0,1.0,5.0,2.16,1.5,4.0,2.0,2.0,0.88,-0.22,Matches
LeFWsk182005,Leo Sauer,FW,sk Slovakia,18,2005,1,5.0,5.0,1.3,0.1,0,,0,1,5.0,3,0.0,0.0,0.0,0.0,0.0,0.23,0.0,0.0,0.0,0.55,0.88,Matches
GiFWit251999,Gianluca Scamacca,FW,it Italy,25,1999,4,251.0,63.0,69.7,2.8,3,78.0,1,1,16.0,0,1.0,3.0,4.0,-1.0,-0.36,0.47,2.3,3.0,-0.7,-0.24,0.36,Matches
AnMFhu241999,András Schäfer,MF,hu Hungary,24,1999,3,270.0,90.0,100.0,3.0,3,90.0,3,0,,0,1.0,2.0,5.0,-3.0,-1.0,,3.7,3.9,-0.2,-0.07,,Matches
FaDFch321991,Fabian Schär,DF,ch Switzerland,32,1991,5,480.0,96.0,100.0,5.3,5,96.0,5,0,,0,1.8,8.0,4.0,4.0,0.75,,6.7,4.9,1.8,0.37,0.37,Matches
PaFWcz281996,Patrik Schick,FW,cz Czechia,28,1996,2,127.0,64.0,47.0,1.4,2,64.0,0,0,,0,0.33,2.0,3.0,-1.0,-0.71,-0.08,2.8,1.9,0.9,0.64,0.76,Matches
NiDFde241999,Nico Schlotterbeck,DF,de Germany,24,1999,2,120.0,60.0,25.0,1.3,1,90.0,1,1,30.0,2,1.33,4.0,2.0,2.0,1.5,0.25,3.4,1.2,2.2,1.66,0.88,Matches
KaGKdk371986,Kasper Schmeichel,GK,dk Denmark,37,1986,4,360.0,90.0,100.0,4.0,4,90.0,4,0,,0,0.75,2.0,4.0,-2.0,-0.5,,4.3,4.8,-0.5,-0.12,,Matches
RoFWat242000,Romano Schmid,FW/MF,at Austria,24,2000,4,145.0,36.0,40.3,1.6,2,67.0,0,2,6.0,0,1.5,3.0,3.0,0.0,0.0,-0.42,1.8,2.6,-0.8,-0.47,-1.06,Matches
JeMFnl271997,Jerdy Schouten,MF,nl Netherlands,27,1997,6,500.0,83.0,92.6,5.6,6,83.0,4,0,,0,1.67,8.0,7.0,1.0,0.18,-4.32,6.8,6.4,0.4,0.08,-2.42,Matches
IvFWsk301993,Ivan Schranz,FW,sk Slovakia,30,1993,4,331.0,83.0,84.9,3.7,4,83.0,0,0,,0,1.0,4.0,3.0,1.0,0.27,3.32,3.5,5.2,-1.7,-0.47,-1.02,Matches
TaFWal271996,Taulant Seferi,FW,al Albania,27,1996,2,94.0,47.0,34.8,1.0,1,67.0,0,1,27.0,1,0.5,2.0,4.0,-2.0,-1.91,-1.91,0.7,2.9,-2.1,-2.03,-1.46,Matches
MaMFat232001,Matthias Seidl,MF,at Austria,23,2001,0,,,,,0,,0,0,,4,,,,,,,,,,,,Matches
NiMFat222001,Nicolas Seiwald,MF,at Austria,22,2001,4,360.0,90.0,100.0,4.0,4,90.0,4,0,,0,1.5,7.0,6.0,1.0,0.25,,6.9,6.3,0.7,0.17,,Matches
MaGKbe311992,Matz Sels,GK,be Belgium,31,1992,0,,,,,0,,0,0,,4,,,,,,,,,,,,Matches
NéDFpt301993,Nélson Semedo,DF,pt Portugal,30,1993,5,100.0,20.0,19.6,1.1,0,,0,5,20.0,0,1.6,1.0,0.0,1.0,0.9,0.68,3.2,0.6,2.6,3.55,3.07,Matches
BeFWsi202003,Benjamin Šeško,FW,si Slovenia,20,2003,4,358.0,90.0,91.8,4.0,4,90.0,1,0,,0,1.0,2.0,1.0,1.0,0.25,3.06,3.2,5.6,-2.5,-0.67,-0.08,Matches
PeMFcz291994,Petr Ševčík,MF,cz Czechia,29,1994,2,22.0,11.0,8.1,0.2,0,,0,2,11.0,1,0.5,0.0,1.0,-1.0,-4.09,-3.73,0.3,0.9,-0.6,-2.6,-3.09,Matches
StFWit311992,Stephan El Shaarawy,FW,it Italy,31,1992,1,45.0,45.0,12.5,0.5,1,45.0,0,0,,3,0.0,0.0,1.0,-1.0,-2.0,-1.71,0.0,1.0,-0.9,-1.85,-1.72,Matches
LaFWsc281995,Lawrence Shankland,FW,sct Scotland,28,1995,3,25.0,8.0,9.3,0.3,0,,0,3,8.0,0,0.33,1.0,2.0,-1.0,-3.6,-2.13,0.2,0.9,-0.7,-2.49,-1.47,Matches
MyMFua251998,Mykola Shaparenko,MF,ua Ukraine,25,1998,3,220.0,73.0,81.5,2.4,3,73.0,0,0,,0,1.33,2.0,4.0,-2.0,-0.82,-0.82,2.0,2.4,-0.5,-0.18,-1.38,Matches
XhMFch321991,Xherdan Shaqiri,MF/FW,ch Switzerland,32,1991,2,71.0,36.0,14.8,0.8,1,59.0,0,1,12.0,3,1.0,1.0,1.0,0.0,0.0,-0.88,1.2,0.2,0.9,1.42,1.22,Matches
LuDFen281995,Luke Shaw,DF,eng England,28,1995,3,178.0,59.0,25.8,2.0,1,90.0,1,2,44.0,3,1.33,3.0,2.0,1.0,0.51,0.33,1.0,2.6,-1.5,-0.92,-1.01,Matches
LeFWge281995,Levan Shengelia,FW/MF,ge Georgia,28,1995,0,,,,,0,,0,0,,4,,,,,,,,,,,,Matches
ViMFch281995,Vincent Sierro,MF,ch Switzerland,28,1995,4,38.0,10.0,7.9,0.4,0,,0,4,10.0,1,2.0,1.0,0.0,1.0,2.37,1.76,1.2,0.3,1.0,2.44,2.26,Matches
GaMFge182005,Gabriel Sigua,MF,ge Georgia,18,2005,0,,,,,0,,0,0,,4,,,,,,,,,,,,Matches
AnDFpt202003,António Silva,DF,pt Portugal,20,2003,2,73.0,37.0,14.3,0.8,1,65.0,0,1,8.0,3,1.5,0.0,2.0,-2.0,-2.47,-3.29,1.0,1.6,-0.6,-0.69,-1.84,Matches
BeFWpt291994,Bernardo Silva,FW/MF,pt Portugal,29,1994,4,420.0,105.0,82.4,4.7,4,105.0,4,0,,1,2.0,5.0,1.0,4.0,0.86,2.86,7.5,2.8,4.7,1.17,0.96,Matches
UnGKes261997,Unai Simón,GK,es Spain,26,1997,6,570.0,95.0,86.4,6.3,6,95.0,6,0,,1,3.0,14.0,4.0,10.0,1.58,0.58,11.2,6.3,4.9,0.82,0.05,Matches
XaMFnl202003,Xavi Simons,MF/FW,nl Netherlands,20,2003,6,454.0,76.0,84.1,5.0,5,80.0,1,1,56.0,0,1.67,9.0,6.0,3.0,0.59,0.59,6.8,5.0,1.9,0.37,0.69,Matches
MiDFpl232000,Michał Skóraś,DF,pl Poland,23,2000,1,23.0,23.0,8.5,0.3,0,,0,1,23.0,2,1.0,1.0,0.0,1.0,3.91,5.37,0.8,0.2,0.6,2.45,3.33,Matches
ŁuGKpl321991,Łukasz Skorupski,GK,pl Poland,32,1991,1,90.0,90.0,33.3,1.0,1,90.0,1,0,,2,1.0,1.0,1.0,0.0,0.0,1.5,1.2,2.3,-1.1,-1.13,-0.8,Matches
AnMFdk241999,Andreas Skov Olsen,MF/FW,dk Denmark,24,1999,3,122.0,41.0,33.9,1.4,1,68.0,0,2,27.0,1,0.67,0.0,2.0,-2.0,-1.48,-1.48,1.5,2.4,-0.8,-0.62,-0.76,Matches
MiDFsk281995,Milan Škriniar,DF,sk Slovakia,28,1995,4,390.0,98.0,100.0,4.3,4,98.0,4,0,,0,1.0,4.0,5.0,-1.0,-0.23,,4.4,5.8,-1.4,-0.34,-0.34,Matches
BaMFpl241999,Bartosz Slisz,MF,pl Poland,24,1999,2,110.0,55.0,40.7,1.2,1,74.0,0,1,36.0,1,0.0,1.0,3.0,-2.0,-1.64,-1.07,2.4,1.1,1.3,1.06,2.8,Matches
YaGKch351988,Yann Sommer,GK,ch Switzerland,35,1988,5,480.0,96.0,100.0,5.3,5,96.0,5,0,,0,1.8,8.0,4.0,4.0,0.75,,6.7,4.9,1.8,0.37,0.37,Matches
DeMFro261997,Deian Sorescu,MF/DF,ro Romania,26,1997,2,34.0,17.0,9.4,0.4,0,,0,2,17.0,2,0.5,0.0,0.0,0.0,0.0,0.55,0.1,0.1,0.0,-0.07,0.65,Matches
BoDFhr261998,Borna Sosa,DF,hr Croatia,26,1998,1,7.0,7.0,2.6,0.1,0,,0,1,7.0,2,1.0,0.0,1.0,-1.0,-12.86,-12.17,0.2,0.5,-0.2,-3.18,-3.72,Matches
ToMFcz281995,Tomáš Souček,MF,cz Czechia,28,1995,3,270.0,90.0,100.0,3.0,3,90.0,3,0,,0,0.33,3.0,5.0,-2.0,-0.67,,5.1,4.3,0.7,0.24,,Matches
UrDFrs301993,Uroš Spajić,DF,rs Serbia,30,1993,0,,,,,0,,0,0,,3,,,,,,,,,,,,Matches
AnFWsi291994,Andraž Šporar,FW,si Slovenia,29,1994,4,338.0,85.0,86.7,3.8,4,85.0,1,0,,0,1.0,2.0,2.0,0.0,0.0,0.0,2.9,4.8,-1.9,-0.51,1.14,Matches
NiMFro301993,Nicolae Stanciu,MF/FW,ro Romania,30,1993,4,353.0,88.0,98.1,3.9,4,88.0,2,0,,0,1.0,4.0,5.0,-1.0,-0.25,12.6,3.5,5.7,-2.2,-0.57,4.89,Matches
JiGKcz271996,Jindřich Staněk,GK,cz Czechia,27,1996,3,234.0,78.0,86.7,2.6,3,78.0,2,0,,0,0.33,2.0,4.0,-2.0,-0.77,-0.77,4.1,3.8,0.3,0.12,-0.9,Matches
JosDFhr232000,Josip Stanišić,DF,hr Croatia,23,2000,2,180.0,90.0,66.7,2.0,2,90.0,2,0,,1,0.5,1.0,4.0,-3.0,-1.5,-1.5,3.1,2.9,0.2,0.08,-1.08,Matches
ReDFch321991,Renato Steffen,DF,ch Switzerland,32,1991,1,1.0,1.0,0.2,0.0,0,,0,1,1.0,4,3.0,0.0,0.0,0.0,0.0,-0.75,0.0,0.0,0.0,0.0,-0.34,Matches
TaMFua341989,Taras Stepanenko,MF,ua Ukraine,34,1989,2,82.0,41.0,30.4,0.9,1,61.0,0,1,21.0,1,0.5,0.0,3.0,-3.0,-3.29,-3.77,0.8,1.4,-0.6,-0.68,-1.08,Matches
LeDFch212002,Leonidas Stergiou,DF,ch Switzerland,21,2002,3,48.0,16.0,10.0,0.5,0,,0,3,16.0,2,2.33,1.0,0.0,1.0,1.87,1.25,1.2,0.7,0.5,0.9,0.62,Matches
PeMFsi281995,Petar Stojanović,MF,si Slovenia,28,1995,4,316.0,79.0,81.0,3.5,4,79.0,1,0,,0,1.0,1.0,1.0,0.0,0.0,0.0,2.0,4.3,-2.3,-0.65,0.06,Matches
NeMFrs261998,Nemanja Stojić,MF,rs Serbia,26,1998,0,,,,,0,,0,0,,3,,,,,,,,,,,,Matches
JoDFen291994,John Stones,DF,eng England,29,1994,7,690.0,99.0,100.0,7.7,7,99.0,7,0,,0,1.71,8.0,6.0,2.0,0.26,,6.1,7.0,-1.0,-0.14,-0.14,Matches
ThGKal281995,Thomas Strakosha,GK,al Albania,28,1995,3,270.0,90.0,100.0,3.0,3,90.0,3,0,,0,0.33,3.0,5.0,-2.0,-0.67,,2.4,5.7,-3.2,-1.07,,Matches
DáFWsk222001,Dávid Strelec,FW,sk Slovakia,22,2001,4,182.0,46.0,46.7,2.0,2,65.0,0,2,26.0,0,1.0,2.0,2.0,0.0,0.0,0.43,2.4,2.2,0.2,0.08,0.74,Matches
CaMFhu232000,Callum Styles,MF,hu Hungary,23,2000,1,60.0,60.0,22.2,0.7,1,60.0,0,0,,2,3.0,0.0,0.0,0.0,0.0,1.29,0.4,0.0,0.3,0.49,0.72,Matches
LuFWhr212002,Luka Sučić,FW/MF,hr Croatia,21,2002,3,140.0,47.0,51.9,1.6,1,69.0,0,2,36.0,0,0.67,3.0,1.0,2.0,1.29,4.75,4.2,1.2,2.9,1.89,3.02,Matches
HeMFua212002,Heorhiy Sudakov,MF,ua Ukraine,21,2002,3,262.0,87.0,97.0,2.9,3,87.0,2,0,,0,1.33,2.0,4.0,-2.0,-0.69,-0.69,2.7,2.8,-0.1,-0.03,-3.26,Matches
PaMFcz232000,Pavel Šulc,MF,cz Czechia,23,2000,1,78.0,78.0,28.9,0.9,1,78.0,0,0,,2,0.0,1.0,1.0,0.0,0.0,0.94,0.2,1.1,-0.9,-1.09,-1.87,Matches
ToFWsk212002,Tomáš Suslov,FW/MF,sk Slovakia,21,2002,4,126.0,32.0,32.3,1.4,0,,0,4,32.0,0,1.0,0.0,3.0,-3.0,-2.14,-2.82,1.3,1.5,-0.2,-0.21,0.14,Matches
AdMFro241999,Adrian Șut,MF,ro Romania,24,1999,0,,,,,0,,0,0,,4,,,,,,,,,,,,Matches
JoDFhr232000,Josip Šutalo,DF,hr Croatia,23,2000,3,270.0,90.0,100.0,3.0,3,90.0,3,0,,0,0.67,3.0,6.0,-3.0,-1.0,,5.7,4.4,1.3,0.44,,Matches
OlDFua291994,Oleksandr Svatok,DF,ua Ukraine,29,1994,1,80.0,80.0,29.6,0.9,1,80.0,0,0,,2,1.0,0.0,0.0,0.0,0.0,0.95,0.5,0.7,-0.2,-0.26,-0.48,Matches
KaFWpl271997,Karol Świderski,FW,pl Poland,27,1997,3,90.0,30.0,33.3,1.0,0,,0,3,30.0,0,0.33,1.0,3.0,-2.0,-2.0,-1.5,2.5,1.9,0.6,0.56,1.74,Matches
SeMFua321991,Serhiy Sydorchuk,MF,ua Ukraine,32,1991,1,6.0,6.0,2.2,0.1,0,,0,1,6.0,2,3.0,0.0,0.0,0.0,0.0,0.68,0.0,0.0,0.0,-0.46,-0.55,Matches
AtDFhu261998,Attila Szalai,DF,hu Hungary,26,1998,2,95.0,48.0,35.2,1.1,1,78.0,0,1,17.0,1,1.5,2.0,2.0,0.0,0.0,1.54,2.1,1.7,0.3,0.31,0.59,Matches
PéGKhu331990,Péter Szappanos,GK,hu Hungary,33,1990,0,,,,,0,,0,0,,3,,,,,,,,,,,,Matches
WoGKpl331990,Wojciech Szczęsny,GK,pl Poland,33,1990,2,180.0,90.0,66.7,2.0,2,90.0,2,0,,1,0.0,2.0,5.0,-3.0,-1.5,-1.5,2.9,3.6,-0.7,-0.33,0.8,Matches
DoMFhu232000,Dominik Szoboszlai,MF,hu Hungary,23,2000,3,270.0,90.0,100.0,3.0,3,90.0,3,0,,0,1.0,2.0,5.0,-3.0,-1.0,,3.7,3.9,-0.2,-0.07,,Matches
DaMFpl281995,Damian Szymański,MF,pl Poland,28,1995,0,,,,,0,,0,0,,3,,,,,,,,,,,,Matches
SeMFpl241999,Sebastian Szymański,MF,pl Poland,24,1999,2,112.0,56.0,41.5,1.2,2,56.0,0,0,,1,0.5,1.0,2.0,-1.0,-0.8,0.34,0.5,3.1,-2.6,-2.11,-2.59,Matches
JeDFge271996,Jemal Tabidze,DF,ge Georgia,27,1996,0,,,,,0,,0,0,,4,,,,,,,,,,,,Matches
DuMFrs351988,Dušan Tadić,MF,rs Serbia,35,1988,3,156.0,52.0,57.8,1.7,1,81.0,0,2,38.0,0,0.67,0.0,1.0,-1.0,-0.58,-0.58,1.6,1.7,-0.1,-0.04,0.26,Matches
JoDFde271996,Jonathan Tah,DF,de Germany,27,1996,4,319.0,80.0,66.5,3.5,4,80.0,2,0,,0,1.75,7.0,3.0,4.0,1.13,-0.55,5.1,2.3,2.8,0.79,-0.63,Matches
MaMFua232000,Maksym Talovierov,MF,ua Ukraine,23,2000,1,1.0,1.0,0.4,0.0,0,,0,1,1.0,2,3.0,0.0,0.0,0.0,0.0,0.67,0.0,0.0,0.0,-1.36,-1.44,Matches
StGKro232000,Stefan Târnovanu,GK,ro Romania,23,2000,0,,,,,0,,0,0,,4,,,,,,,,,,,,Matches
GrDFsc261997,Greg Taylor,DF/MF,sct Scotland,26,1997,0,,,,,0,,0,0,,3,,,,,,,,,,,,Matches
AuMFfr242000,Aurélien Tchouaméni,MF,fr France,24,2000,5,470.0,94.0,82.5,5.2,5,94.0,4,0,,1,1.2,3.0,3.0,0.0,0.0,-0.9,6.8,4.4,2.3,0.48,-0.51,Matches
MaGKde311992,Marc-André ter Stegen,GK,de Germany,31,1992,0,,,,,0,,0,0,,5,,,,,,,,,,,,Matches
ArDFbe232000,Arthur Theate,DF,be Belgium,23,2000,3,256.0,85.0,71.1,2.8,3,85.0,2,0,,1,1.33,1.0,1.0,0.0,0.0,0.0,2.3,2.4,-0.1,-0.05,-1.12,Matches
MaFWfr261997,Marcus Thuram,FW,fr France,26,1997,4,260.0,65.0,45.6,2.9,3,75.0,1,1,35.0,2,2.0,1.0,0.0,1.0,0.35,0.35,4.7,2.4,2.3,0.9,0.51,Matches
YoMFbe261997,Youri Tielemans,MF,be Belgium,26,1997,3,148.0,49.0,41.1,1.6,2,66.0,0,1,17.0,1,1.33,1.0,0.0,1.0,0.61,1.03,1.9,1.0,0.9,0.55,0.47,Matches
KiDFsc261997,Kieran Tierney,DF,sct Scotland,26,1997,2,136.0,68.0,50.4,1.5,2,68.0,0,0,,0,0.5,1.0,5.0,-4.0,-2.65,-1.98,0.2,2.8,-2.6,-1.72,-1.12,Matches
IvFWen271996,Ivan Toney,FW/MF,eng England,27,1996,3,45.0,15.0,6.5,0.5,0,,0,3,15.0,4,1.33,2.0,0.0,2.0,4.0,4.0,0.8,1.2,-0.4,-12.95,-12.88,Matches
FeFWes232000,Ferrán Torres,FW/MF,es Spain,23,2000,5,155.0,31.0,23.5,1.7,1,71.0,0,4,21.0,2,3.0,2.0,1.0,1.0,0.58,-1.2,2.6,2.2,0.4,0.31,-0.61,Matches
CeFWtr321991,Cenk Tosun,FW,tr Türkiye,32,1991,2,25.0,13.0,5.6,0.3,0,,0,2,13.0,3,1.5,1.0,0.0,1.0,3.6,3.81,1.1,0.3,0.8,2.74,3.24,Matches
GeDFat311992,Gernot Trauner,DF,at Austria,31,1992,2,90.0,45.0,25.0,1.0,1,58.0,0,1,32.0,1,1.5,1.0,1.0,0.0,0.0,-0.33,0.8,2.2,-1.4,-1.37,-2.05,Matches
KiDFen331990,Kieran Trippier,DF,eng England,33,1990,6,450.0,75.0,65.2,5.0,6,75.0,2,0,,1,2.0,3.0,4.0,-1.0,-0.2,-1.32,3.9,3.5,0.4,0.08,0.61,Matches
LeFWbe291994,Leandro Trossard,FW,be Belgium,29,1994,3,169.0,56.0,46.9,1.9,2,67.0,0,1,35.0,1,1.33,1.0,1.0,0.0,0.0,0.0,3.0,1.2,1.7,0.91,1.2,Matches
AnGKua222001,Anatolii Trubin,GK,ua Ukraine,22,2001,2,180.0,90.0,66.7,2.0,2,90.0,2,0,,1,2.0,2.0,1.0,1.0,0.5,3.5,2.3,1.7,0.6,0.28,0.62,Matches
HeDFge232000,Heorhii Tsitaishvili,DF/MF,ge Georgia,23,2000,4,190.0,48.0,52.8,2.1,2,67.0,0,2,28.0,0,1.0,2.0,5.0,-3.0,-1.42,-1.42,2.2,7.4,-5.2,-2.46,-1.54,Matches
ViFWua261997,Viktor Tsyhankov,FW,ua Ukraine,26,1997,1,62.0,62.0,23.0,0.7,1,62.0,0,0,,1,0.0,0.0,3.0,-3.0,-4.35,-4.79,0.2,1.1,-0.8,-1.19,-1.64,Matches
ĽuMFsk251998,Ľubomír Tupta,MF,sk Slovakia,25,1998,1,12.0,12.0,3.1,0.1,0,,0,1,12.0,3,0.0,0.0,0.0,0.0,0.0,0.24,0.3,0.1,0.2,,,Matches
OlDFua271997,Oleksandr Tymchyk,DF,ua Ukraine,27,1997,3,199.0,66.0,73.7,2.2,2,90.0,2,1,19.0,0,1.33,2.0,1.0,1.0,0.45,4.26,2.7,1.7,0.9,0.42,1.34,Matches
DeMFde271996,Deniz Undav,MF,de Germany,27,1996,1,7.0,7.0,1.5,0.1,0,,0,1,7.0,3,1.5,1.0,2.0,-1.0,-12.86,-14.38,0.2,0.3,0.0,-0.44,-1.46,Matches
DaDFfr251998,Dayot Upamecano,DF,fr France,25,1998,6,570.0,95.0,100.0,6.3,6,95.0,6,0,,0,1.5,4.0,3.0,1.0,0.16,,9.0,5.2,3.8,0.63,0.63,Matches
KaFWpl192004,Kacper Urbanski,FW/MF,pl Poland,19,2004,3,148.0,49.0,54.8,1.6,2,72.0,1,1,4.0,0,0.33,2.0,2.0,0.0,0.0,2.21,1.6,3.5,-1.9,-1.13,-1.19,Matches
ViDFnl321991,Virgil van Dijk,DF,nl Netherlands,32,1991,6,540.0,90.0,100.0,6.0,6,90.0,6,0,,0,1.67,10.0,7.0,3.0,0.5,,8.0,6.4,1.6,0.26,,Matches
VlFWua222002,Vladyslav Vanat,FW,ua Ukraine,22,2002,1,21.0,21.0,7.8,0.2,0,,0,1,21.0,2,1.0,0.0,0.0,0.0,0.0,0.72,0.5,0.3,0.2,0.86,0.86,Matches
BaFWhu301994,Barnabás Varga,FW,hu Hungary,30,1994,3,249.0,83.0,92.2,2.8,3,83.0,1,0,,0,1.0,1.0,5.0,-4.0,-1.45,-5.73,2.6,3.6,-1.0,-0.38,-3.94,Matches
RuMFch251998,Ruben Vargas,MF/FW,ch Switzerland,25,1998,5,306.0,61.0,63.8,3.4,4,70.0,0,1,26.0,0,1.8,5.0,3.0,2.0,0.59,-0.45,3.9,2.9,1.0,0.3,-0.12,Matches
DeDFsk271996,Denis Vavro,DF,sk Slovakia,27,1996,4,390.0,98.0,100.0,4.3,4,98.0,4,0,,0,1.0,4.0,5.0,-1.0,-0.23,,4.4,5.8,-1.4,-0.34,-0.34,Matches
JoMFnl251998,Joey Veerman,MF,nl Netherlands,25,1998,6,209.0,35.0,38.7,2.3,2,48.0,0,4,29.0,0,1.67,4.0,3.0,1.0,0.43,-0.11,3.6,1.3,2.3,0.98,1.18,Matches
IgGKsi251998,Igor Vekič,GK,si Slovenia,25,1998,0,,,,,0,,0,0,,4,,,,,,,,,,,,Matches
MiDFrs281995,Miloš Veljković,DF,rs Serbia,28,1995,3,270.0,90.0,100.0,3.0,3,90.0,3,0,,0,0.67,1.0,2.0,-1.0,-0.33,,2.1,2.6,-0.5,-0.15,,Matches
MiDFnl222001,Micky van de Ven,DF,nl Netherlands,22,2001,4,70.0,18.0,13.0,0.8,0,,0,4,18.0,2,2.25,4.0,1.0,3.0,3.86,3.86,1.4,1.2,0.2,0.31,0.06,Matches
BeMFsi301993,Benjamin Verbič,MF,si Slovenia,30,1993,3,74.0,25.0,19.0,0.8,0,,0,3,25.0,1,1.0,1.0,1.0,0.0,0.0,0.0,1.2,1.8,-0.6,-1.19,-0.59,Matches
BaGKnl212002,Bart Verbruggen,GK,nl Netherlands,21,2002,6,540.0,90.0,100.0,6.0,6,90.0,6,0,,0,1.67,10.0,7.0,3.0,0.5,,8.0,6.4,1.6,0.26,,Matches
ArMFbe182005,Arthur Vermeeren,MF,be Belgium,18,2005,0,,,,,0,,0,0,,4,,,,,,,,,,,,Matches
JaDFbe361987,Jan Vertonghen,DF,be Belgium,36,1987,3,270.0,90.0,75.0,3.0,3,90.0,3,0,,1,1.33,2.0,1.0,1.0,0.33,1.33,2.8,2.8,0.0,0.01,-1.06,Matches
JaDFdk311992,Jannik Vestergaard,DF,dk Denmark,31,1992,4,360.0,90.0,100.0,4.0,4,90.0,4,0,,0,0.75,2.0,4.0,-2.0,-0.5,,4.3,4.8,-0.5,-0.12,,Matches
GuGKit271996,Guglielmo Vicario,GK,it Italy,27,1996,0,,,,,0,,0,0,,4,,,,,,,,,,,,Matches
DoDFhr341989,Domagoj Vida,DF/MF,hr Croatia,34,1989,0,,,,,0,,0,0,,3,,,,,,,,,,,,Matches
ŽaFWsi212002,Žan Vipotnik,FW,si Slovenia,21,2002,1,15.0,15.0,3.8,0.2,0,,0,1,15.0,3,1.0,0.0,1.0,-1.0,-6.0,-6.24,0.0,0.3,-0.3,-1.8,-1.19,Matches
MaDFcz212003,Martin Vitík,DF,cz Czechia,21,2003,0,,,,,0,,0,0,,3,,,,,,,,,,,,Matches
ViMFpt232000,Vitinha,MF,pt Portugal,23,2000,4,358.0,90.0,70.2,4.0,4,90.0,0,0,,1,2.0,4.0,1.0,3.0,0.75,1.35,5.2,2.5,2.7,0.67,-0.71,Matches
DaDFes241999,Daniel Vivian,DF,es Spain,24,1999,2,123.0,62.0,18.6,1.4,1,90.0,1,1,33.0,5,3.0,1.0,0.0,1.0,0.73,-0.94,1.5,0.8,0.7,0.49,-0.39,Matches
DuMFrs242000,Dušan Vlahović,MF/FW,rs Serbia,24,2000,3,177.0,59.0,65.6,2.0,2,77.0,1,1,24.0,0,0.67,0.0,1.0,-1.0,-0.51,-0.51,1.3,1.4,0.0,-0.02,0.38,Matches
NiFWhr261997,Nikola Vlašić,FW/MF,hr Croatia,26,1997,0,,,,,0,,0,0,,1,,,,,,,,,,,,Matches
ToDFcz222001,Tomáš Vlček,DF,cz Czechia,22,2001,0,,,,,0,,0,0,,3,,,,,,,,,,,,Matches
AsMFbe212002,Aster Vranckx,MF,be Belgium,21,2002,0,,,,,0,,0,0,,4,,,,,,,,,,,,Matches
StDFnl311992,Stefan de Vrij,DF,nl Netherlands,31,1992,6,540.0,90.0,100.0,6.0,6,90.0,6,0,,0,1.67,10.0,7.0,3.0,0.5,,8.0,6.4,1.6,0.26,,Matches
KyDFen331990,Kyle Walker,DF,eng England,33,1990,7,690.0,99.0,100.0,7.7,7,99.0,7,0,,0,1.71,8.0,6.0,2.0,0.26,,6.1,7.0,-1.0,-0.14,-0.14,Matches
SeDFpl232000,Sebastian Walukiewicz,DF,pl Poland,23,2000,0,,,,,0,,0,0,,3,,,,,,,,,,,,Matches
OlFWen281995,Ollie Watkins,FW,eng England,28,1995,3,62.0,21.0,9.0,0.7,0,,0,3,21.0,4,1.33,2.0,1.0,1.0,1.45,1.31,0.7,1.2,-0.4,-0.63,-0.56,Matches
WoFWnl311992,Wout Weghorst,FW,nl Netherlands,31,1992,6,138.0,23.0,25.6,1.5,0,,0,6,23.0,0,1.67,5.0,2.0,3.0,1.96,1.96,1.8,1.5,0.3,0.22,-0.06,Matches
AnFWat321991,Andreas Weimann,FW,at Austria,32,1991,1,1.0,1.0,0.3,0.0,0,,0,1,1.0,3,3.0,0.0,0.0,0.0,0.0,-0.25,0.0,0.0,0.0,-1.72,-1.89,Matches
AdMFen192004,Adam Wharton,MF,eng England,19,2004,0,,,,,0,,0,0,,7,,,,,,,,,,,,Matches
SiDFch301993,Silvan Widmer,DF,ch Switzerland,30,1993,4,299.0,75.0,62.3,3.3,3,81.0,1,1,57.0,0,1.5,5.0,4.0,1.0,0.3,-1.19,4.2,3.8,0.4,0.13,-0.49,Matches
GeMFnl331990,Georginio Wijnaldum,MF,nl Netherlands,33,1990,3,73.0,24.0,13.5,0.8,0,,0,3,24.0,3,1.33,2.0,1.0,1.0,1.23,0.85,0.5,1.2,-0.7,-0.85,-1.28,Matches
NiFWes212002,Nico Williams,FW,es Spain,21,2002,6,492.0,82.0,74.5,5.5,6,82.0,2,0,,1,3.0,13.0,3.0,10.0,1.83,1.29,9.8,4.1,5.7,1.05,0.94,Matches
PaFWat222001,Patrick Wimmer,FW/MF,at Austria,22,2001,3,138.0,46.0,38.3,1.5,1,62.0,0,2,38.0,0,2.0,4.0,1.0,3.0,1.96,2.77,2.5,3.2,-0.7,-0.42,-0.96,Matches
JoFWdk241999,Jonas Wind,FW,dk Denmark,24,1999,4,193.0,48.0,53.6,2.1,3,61.0,0,1,10.0,0,0.75,2.0,2.0,0.0,0.0,1.08,2.6,2.2,0.4,0.18,0.65,Matches
FlFWde202003,Florian Wirtz,FW/MF,de Germany,20,2003,5,279.0,56.0,58.1,3.1,3,65.0,0,2,43.0,0,2.0,5.0,3.0,2.0,0.65,-1.59,5.7,2.4,3.3,1.19,0.39,Matches
AxDFbe351989,Axel Witsel,DF/MF,be Belgium,35,1989,0,,,,,0,,0,0,,2,,,,,,,,,,,,Matches
MaDFat251998,Maximilian Wöber,DF,at Austria,25,1998,3,175.0,58.0,48.6,1.9,2,74.0,1,1,27.0,1,1.0,4.0,3.0,1.0,0.51,0.51,3.5,2.8,0.7,0.37,0.39,Matches
GrMFch311992,Granit Xhaka,MF,ch Switzerland,31,1992,5,480.0,96.0,100.0,5.3,5,96.0,5,0,,0,1.8,8.0,4.0,4.0,0.75,,6.7,4.9,1.8,0.37,0.37,Matches
LaFWes162007,Lamine Yamal,FW,es Spain,16,2007,7,503.0,72.0,76.2,5.6,6,81.0,1,1,19.0,0,3.0,13.0,3.0,10.0,1.79,1.22,10.1,4.3,5.8,1.03,0.93,Matches
RoFWua281995,Roman Yaremchuk,FW,ua Ukraine,28,1995,3,121.0,40.0,44.8,1.3,1,69.0,0,2,26.0,0,1.33,1.0,0.0,1.0,0.74,2.56,1.2,0.8,0.4,0.27,0.36,Matches
AnFWua341989,Andriy Yarmolenko,FW/MF,ua Ukraine,34,1989,3,104.0,35.0,38.5,1.2,1,66.0,0,2,19.0,0,1.33,1.0,1.0,0.0,0.0,1.08,1.9,0.8,1.1,0.97,1.47,Matches
YuMFtr271997,Yusuf Yazıcı,MF/FW,tr Türkiye,27,1997,2,57.0,29.0,12.7,0.6,0,,0,2,29.0,3,1.5,1.0,1.0,0.0,0.0,0.0,1.0,1.5,-0.5,-0.73,-0.46,Matches
BeFWtr212002,Bertuğ Yıldırım,FW,tr Türkiye,21,2002,0,,,0.0,0.0,0,,0,0,,4,0.0,1.0,2.0,-1.0,,,,,,,,Matches
KeFWtr182005,Kenan Yıldız,FW/MF,tr Türkiye,18,2005,5,345.0,69.0,76.7,3.8,4,78.0,0,1,33.0,0,1.8,6.0,5.0,1.0,0.26,1.12,4.6,5.9,-1.4,-0.36,-0.15,Matches
OkMFtr291994,Okay Yokuşlu,MF/DF,tr Türkiye,29,1994,3,55.0,18.0,12.2,0.6,0,,0,3,18.0,2,2.0,1.0,1.0,0.0,0.0,0.0,1.4,2.1,-0.7,-1.15,-0.95,Matches
İsMFtr251999,İsmail Yüksek,MF,tr Türkiye,25,1999,3,152.0,51.0,33.8,1.7,2,60.0,0,1,33.0,1,2.0,2.0,0.0,2.0,1.18,1.79,1.5,2.2,-0.7,-0.44,-0.18,Matches
IlDFua212002,Illia Zabarnyi,DF,ua Ukraine,21,2002,3,270.0,90.0,100.0,3.0,3,90.0,3,0,,0,1.33,2.0,4.0,-2.0,-0.67,,3.0,2.8,0.2,0.07,,Matches
MaMFit281995,Mattia Zaccagni,MF/FW,it Italy,28,1995,3,82.0,27.0,22.8,0.9,0,,0,3,27.0,1,0.33,1.0,1.0,0.0,0.0,0.65,0.9,0.7,0.2,0.21,0.72,Matches
WaMFfr172006,Warren Zaïre-Emery,MF,fr France,17,2006,0,,,,,0,,0,0,,6,,,,,,,,,,,,Matches
DeMFch271996,Denis Zakaria,MF,ch Switzerland,27,1996,1,23.0,23.0,4.8,0.3,0,,0,1,23.0,2,1.0,0.0,0.0,0.0,0.0,-0.79,0.3,0.1,0.2,,,Matches
NiDFpl222002,Nicola Zalewski,DF,pl Poland,22,2002,3,247.0,82.0,91.5,2.7,3,82.0,2,0,,0,0.33,2.0,6.0,-4.0,-1.46,-5.37,3.2,5.6,-2.4,-0.88,-3.33,Matches
AdMFsi212002,Adrian Zeljković,MF,si Slovenia,21,2002,0,,,,,0,,0,0,,4,,,,,,,,,,,,Matches
CeDFch251998,Cedric Zesiger,DF,ch Switzerland,25,1998,0,,,,,0,,0,0,,5,,,,,,,,,,,,Matches
PiMFpl291994,Piotr Zieliński,MF,pl Poland,29,1994,3,253.0,84.0,93.7,2.8,3,84.0,1,0,,0,0.33,3.0,5.0,-2.0,-0.71,4.58,2.9,5.7,-2.8,-0.99,-6.3,Matches
DaZDFcz232000,David Zima,DF,cz Czechia,23,2000,0,,,,,0,,0,0,,3,,,,,,,,,,,,Matches
OlDFua271996,Oleksandr Zinchenko,DF,ua Ukraine,27,1996,3,213.0,71.0,78.9,2.4,2,90.0,2,1,33.0,0,1.33,2.0,4.0,-2.0,-0.85,-0.85,2.7,2.3,0.4,0.19,0.54,Matches
JoFWnl222001,Joshua Zirkzee,FW/DF,nl Netherlands,22,2001,2,5.0,3.0,0.9,0.1,0,,0,2,3.0,4,1.5,0.0,0.0,0.0,0.0,-0.5,0.1,0.3,-0.3,-5.17,-5.48,Matches
AnDFrs271996,Andrija Živković,DF,rs Serbia,27,1996,3,244.0,81.0,90.4,2.7,3,81.0,1,0,,0,0.67,0.0,2.0,-2.0,-0.74,-4.2,1.7,2.4,-0.7,-0.25,-1.05,Matches
BuFWge291994,Budu Zivzivadze,FW/MF,ge Georgia,29,1994,2,18.0,9.0,5.0,0.2,0,,0,2,9.0,2,0.0,0.0,2.0,-2.0,-10.0,-9.74,0.2,1.9,-1.6,-8.2,-6.81,Matches
StMFch321991,Steven Zuber,MF,ch Switzerland,32,1991,2,77.0,39.0,16.0,0.9,0,,0,2,39.0,1,2.0,1.0,1.0,0.0,0.0,-0.89,1.3,0.9,0.4,0.7,0.4,Matches
MaMFes241999,Martín Zubimendi,MF,es Spain,24,1999,4,141.0,35.0,21.4,1.6,1,90.0,1,3,17.0,3,3.0,3.0,1.0,2.0,1.28,-0.28,3.0,0.9,2.1,1.36,0.7,Matches
OlFWua271996,Oleksandr Zubkov,FW,ua Ukraine,27,1996,1,24.0,24.0,8.9,0.3,0,,0,1,24.0,2,3.0,1.0,0.0,1.0,3.75,4.85,0.4,0.2,0.1,0.54,0.51,Matches
NiFWsi232000,Nino Žugelj,FW,si Slovenia,23,2000,0,,,,,0,,0,0,,4,,,,,,,,,,,,Matches
