Rk,Player,Pos,Squad,Age,Born,90s,Att,PassTypesLive,PassTypesDead,PassTypesFK,PassTypesTB,PassTypesSw,PassTypesCrs,PassTypesTI,PassTypesCK,CornerKicksIn,CornerKicksOut,CornerKicksStr,OutcomesCmp,OutcomesOff,OutcomesBlocks,Matches,ID
1,Che Adams,FW,sct Scotland,27,1996,2.3,31,28,3,0,0,1,1,0,0,0,0,0,27,0,0,Matches,ChFWsc271996
2,Michel Aebischer,DF,ch Switzerland,27,1997,5.3,252,219,32,4,3,2,3,28,0,0,0,0,221,1,0,Matches,MiDFch271997
3,Arlind Ajeti,DF,al Albania,30,1993,3.0,112,105,6,6,0,1,0,0,0,0,0,0,93,1,2,Matches,ArDFal301993
4,Manuel Akanji,DF,ch Switzerland,28,1995,5.3,331,304,26,11,0,0,0,0,0,0,0,0,304,1,2,Matches,MaDFch281995
5,Samet Akaydın,DF,tr Türkiye,29,1994,3.7,206,197,9,6,1,0,0,0,0,0,0,0,185,0,0,Matches,SaDFtr291994
6,Nathan Aké,DF,nl Netherlands,28,1995,5.2,274,227,44,11,0,0,1,33,0,0,0,0,239,3,5,Matches,NaDFnl281995
7,Yunus Akgün,FW,tr Türkiye,23,2000,0.8,17,16,1,0,0,0,3,0,1,1,0,0,14,0,1,Matches,YuFWtr232000
8,Kerem Aktürkoğlu,FW/MF,tr Türkiye,25,1998,1.2,38,36,1,0,1,0,3,1,0,0,0,0,22,1,1,Matches,KeFWtr251998
9,Trent Alexander-Arnold,MF/DF,eng England,25,1998,1.5,101,97,4,3,0,3,5,0,1,0,1,0,84,0,2,Matches,TrMFen251998
10,Denis Alibec,FW,ro Romania,33,1991,0.3,4,2,2,0,0,0,0,0,0,0,0,0,4,0,0,Matches,DeFWro331991
11,Barış Alper Yılmaz,FW,tr Türkiye,23,2000,5.0,105,98,7,1,2,1,8,0,1,0,0,0,80,0,1,Matches,BaFWtr232000
12,Sandro Altunashvili,MF,ge Georgia,26,1997,0.6,16,16,0,0,0,0,1,0,0,0,0,0,13,0,0,Matches,SaMFge261997
13,Zeki Amdouni,MF/FW,ch Switzerland,23,2000,0.6,14,13,0,0,0,0,0,0,0,0,0,0,9,1,0,Matches,ZeMFch232000
14,Joachim Andersen,DF,dk Denmark,27,1996,4.0,298,290,7,6,1,5,5,1,0,0,0,0,249,1,2,Matches,JoDFdk271996
15,Robert Andrich,MF,de Germany,29,1994,3.5,232,231,1,1,1,0,1,0,0,0,0,0,208,0,3,Matches,RoMFde291994
16,Waldemar Anton,DF,de Germany,27,1996,0.4,24,23,1,0,0,0,0,1,0,0,0,0,20,0,0,Matches,WaDFde271996
17,Stuart Armstrong,MF,sct Scotland,31,1992,0.2,10,8,2,0,0,0,3,1,1,1,0,0,7,0,0,Matches,StMFsc311992
18,Marko Arnautović,FW,at Austria,34,1989,3.1,54,52,2,1,0,0,2,0,0,0,0,0,39,0,4,Matches,MaFWat341989
19,Jasir Asani,FW,al Albania,28,1995,2.3,38,38,0,0,1,0,4,0,0,0,0,0,31,0,0,Matches,JaFWal281995
20,Kristjan Asllani,MF,al Albania,21,2002,3.0,189,168,20,15,2,6,13,0,5,5,0,0,155,1,3,Matches,KrMFal212002
21,Kaan Ayhan,MF/DF,tr Türkiye,29,1994,4.0,179,169,9,8,2,4,1,1,0,0,0,0,156,1,2,Matches,KaMFtr291994
22,Alex Baena,MF/FW,es Spain,22,2001,0.3,12,11,1,0,0,0,0,0,1,0,0,0,11,0,0,Matches,AlMFes222001
23,Alexander Bah,DF/MF,dk Denmark,26,1997,3.1,164,145,19,0,0,1,6,19,0,0,0,0,127,0,4,Matches,AlDFdk261997
24,Nedim Bajrami,FW/MF,al Albania,24,1999,2.7,80,75,4,0,1,0,4,0,1,1,0,0,61,1,1,Matches,NeFWal241999
25,Johan Bakayoko,FW/DF,be Belgium,20,2003,0.5,21,21,0,0,0,0,0,0,0,0,0,0,18,0,0,Matches,JoFWbe202003
26,Jure Balkovec,DF,si Slovenia,29,1994,1.3,37,21,16,0,0,0,1,16,0,0,0,0,24,0,0,Matches,JuDFsi291994
27,Iván Balliu,DF,al Albania,32,1992,1.0,43,35,8,1,0,0,0,7,0,0,0,0,33,0,2,Matches,IvDFal321992
28,Nicușor Bancu,DF,ro Romania,31,1992,3.0,139,107,29,2,0,0,5,27,0,0,0,0,103,3,4,Matches,NiDFro311992
29,Antonín Barák,MF,cz Czechia,29,1994,0.5,24,22,1,0,0,0,1,0,0,0,0,0,20,1,0,Matches,AnMFcz291994
30,Bradley Barcola,FW/MF,fr France,21,2002,1.1,32,32,0,0,0,0,1,0,0,0,0,0,27,0,1,Matches,BrFWfr212002
31,Abdülkerim Bardakcı,DF,tr Türkiye,29,1994,4.0,211,200,10,6,0,4,1,0,0,0,0,0,182,1,2,Matches,AbDFtr291994
32,Nicolò Barella,MF,it Italy,26,1997,3.7,261,256,3,2,1,1,2,0,0,0,0,0,239,2,2,Matches,NiMFit261997
33,Alessandro Bastoni,DF,it Italy,24,1999,4.0,333,315,18,9,0,0,1,2,0,0,0,0,306,0,3,Matches,AlDFit241999
34,Martin Baturina,FW,hr Croatia,20,2003,0.1,4,4,0,0,0,0,0,0,0,0,0,0,2,0,0,Matches,MaFWhr202003
35,Christoph Baumgartner,MF/FW,at Austria,24,1999,3.2,105,101,3,0,3,1,6,1,0,0,0,0,72,1,4,Matches,ChMFat241999
36,Altay Bayındır,GK,tr Türkiye,25,1998,1.0,35,31,4,2,0,0,0,0,0,0,0,0,29,0,0,Matches,AlGKtr251998
37,Jan Bednarek,DF,pl Poland,27,1996,3.0,101,86,14,7,0,1,0,7,0,0,0,0,89,1,0,Matches,JaDFpl271996
38,Maximilian Beier,FW,de Germany,21,2002,0.3,7,7,0,0,0,0,1,0,0,0,0,0,3,0,2,Matches,MaFWde212002
39,Jude Bellingham,MF/FW,eng England,20,2003,7.4,363,356,6,3,2,3,8,3,0,0,0,0,311,1,8,Matches,JuMFen202003
40,László Bénes,MF,sk Slovakia,26,1997,0.8,52,47,5,2,1,1,6,0,3,2,1,0,41,0,1,Matches,LáMFsk261997
41,Bartosz Bereszyński,DF,pl Poland,31,1992,0.1,2,2,0,0,0,0,1,0,0,0,0,0,1,0,1,Matches,BaDFpl311992
42,Steven Bergwijn,FW,nl Netherlands,26,1997,1.0,49,49,0,0,0,0,2,0,0,0,0,0,40,0,2,Matches,StFWnl261997
43,Medon Berisha,MF,al Albania,20,2003,0.2,10,10,0,0,0,0,0,0,0,0,0,0,7,0,0,Matches,MeMFal202003
44,Victor Bernth Kristiansen,DF/MF,dk Denmark,21,2002,1.7,92,83,9,0,0,0,4,9,0,0,0,0,72,0,1,Matches,ViDFdk212002
45,Matúš Bero,MF/DF,sk Slovakia,28,1995,0.5,24,21,3,0,0,0,2,3,0,0,0,0,17,0,1,Matches,MaMFsk281995
46,Jaka Bijol,DF,si Slovenia,24,1999,4.3,130,124,6,4,2,1,1,0,0,0,0,0,107,0,1,Matches,JaDFsi241999
47,Veljko Birmančević,DF,rs Serbia,25,1998,0.3,16,12,4,2,0,0,5,2,0,0,0,0,10,0,1,Matches,VeDFrs251998
48,Daley Blind,FW,nl Netherlands,33,1990,0.0,0,0,0,0,0,0,0,0,0,0,0,0,0,0,0,Matches,DaFWnl331990
49,Bendegúz Bolla,DF,hu Hungary,24,1999,2.3,63,56,7,0,0,0,8,7,0,0,0,0,45,0,2,Matches,BeDFhu241999
50,Endre Botka,DF,hu Hungary,29,1994,1.0,45,33,12,0,0,0,0,12,0,0,0,0,37,0,1,Matches,EnDFhu291994
51,Jarrod Bowen,FW,eng England,27,1996,0.4,14,12,2,0,0,0,3,0,2,2,0,0,10,0,0,Matches,JaFWen271996
52,Róbert Boženík,FW,sk Slovakia,24,1999,2.3,38,34,4,0,0,0,2,0,0,0,0,0,25,0,2,Matches,RóFWsk241999
53,Volodymyr Brazhko,MF,ua Ukraine,22,2002,2.0,81,81,0,0,0,0,0,0,0,0,0,0,71,0,0,Matches,VoMFua222002
54,David Brekalo,MF,si Slovenia,25,1998,0.0,1,1,0,0,0,0,0,0,0,0,0,0,1,0,0,Matches,DaMFsi251998
55,Brian Brobbey,FW,nl Netherlands,21,2002,0.0,0,0,0,0,0,0,0,0,0,0,0,0,0,0,0,Matches,BrFWnl212002
56,Armando Broja,FW,al Albania,22,2001,1.2,15,15,0,0,0,0,0,0,0,0,0,0,9,0,1,Matches,ArFWal222001
57,Marcelo Brozović,MF,hr Croatia,31,1992,2.5,188,183,5,4,1,1,4,1,0,0,0,0,170,0,1,Matches,MaMFhr311992
58,Jacob Bruun Larsen,FW,dk Denmark,25,1998,0.1,6,5,0,0,0,0,1,0,0,0,0,0,3,1,0,Matches,JaFWdk251998
59,Ante Budimir,FW,hr Croatia,32,1991,1.4,16,15,1,0,0,0,1,0,0,0,0,0,8,0,1,Matches,AnteFWhr321991
60,Adam Buksa,FW,pl Poland,27,1996,1.7,13,11,2,0,0,0,0,0,0,0,0,0,11,0,0,Matches,AdFWpl271996
61,Andrei Burcă,DF,ro Romania,30,1993,4.0,141,132,9,5,0,3,1,4,0,0,0,0,113,0,2,Matches,AnDFro301993
62,Riccardo Calafiori,DF,it Italy,21,2002,3.0,232,228,4,4,0,3,1,0,0,0,0,0,215,0,2,Matches,RiDFit212002
63,Hakan Çalhanoğlu,MF,tr Türkiye,29,1994,3.9,261,238,23,9,0,2,16,0,13,6,4,0,232,0,0,Matches,HaMFtr291994
64,Eduardo Camavinga,MF,fr France,21,2002,1.9,86,86,0,0,0,0,0,0,0,0,0,0,74,0,2,Matches,EdMFfr212002
65,Andrea Cambiaso,FW/DF,it Italy,23,2000,0.8,48,46,2,0,0,0,5,1,1,1,0,0,38,0,1,Matches,AnFWit232000
66,Emre Can,MF,de Germany,30,1994,1.1,70,68,2,2,0,0,0,0,0,0,0,0,65,0,1,Matches,EmMFde301994
67,João Cancelo,DF/MF,pt Portugal,29,1994,3.8,259,230,27,1,2,4,9,26,0,0,0,0,224,2,7,Matches,JoDFpt291994
68,Yannick Carrasco,DF/FW,be Belgium,30,1993,2.4,98,93,5,1,1,0,3,4,0,0,0,0,84,0,1,Matches,YaDFbe301993
69,Dani Carvajal,DF,es Spain,32,1992,5.2,325,286,39,5,0,1,10,34,0,0,0,0,291,0,5,Matches,DaDFes321992
70,Timothy Castagne,DF,be Belgium,28,1995,4.0,221,187,34,3,0,0,5,31,0,0,0,0,187,0,4,Matches,TiDFbe281995
71,Koen Casteels,GK,be Belgium,31,1992,4.0,143,103,39,4,0,0,0,0,0,0,0,0,119,1,0,Matches,KoGKbe311992
72,Žan Celar,FW/MF,si Slovenia,24,1999,0.7,18,17,1,0,0,0,0,0,0,0,0,0,15,0,0,Matches,ŽaFWsi241999
73,Zeki Çelik,DF/MF,tr Türkiye,26,1997,1.2,55,46,9,2,0,0,6,7,0,0,0,0,44,0,5,Matches,ZeDFtr261997
74,Václav Černý,MF,cz Czechia,26,1997,0.6,33,29,4,0,0,1,5,0,4,1,3,0,26,0,1,Matches,VáMFcz261997
75,Giorgi Chakvetadze,MF/FW,ge Georgia,24,1999,2.7,93,88,5,0,0,1,4,1,4,3,1,0,79,0,1,Matches,GicMFge241999
76,Federico Chiesa,FW/MF,it Italy,26,1997,2.9,104,100,3,1,1,1,17,0,2,1,1,0,69,1,9,Matches,FeFWit261997
77,Tomáš Chorý,MF,cz Czechia,29,1995,0.4,6,6,0,0,0,0,0,0,0,0,0,0,2,0,1,Matches,ToMFcz291995
78,Andreas Christensen,DF,dk Denmark,27,1996,3.9,231,228,3,3,0,0,0,0,0,0,0,0,218,0,1,Matches,AnDFdk271996
79,Ryan Christie,MF/FW,sct Scotland,28,1995,1.1,20,17,3,0,0,0,1,1,0,0,0,0,15,0,1,Matches,RyMFsc281995
80,Mojmir Chytil,FW,cz Czechia,24,1999,1.2,15,14,1,0,0,0,2,0,0,0,0,0,6,0,3,Matches,MoFWcz241999
81,Alexandru Cicâldău,MF,ro Romania,26,1997,0.2,5,5,0,0,0,0,0,0,0,0,0,0,2,0,0,Matches,AlMFro261997
82,Florinel Coman,MF,ro Romania,25,1998,1.3,28,26,2,0,0,0,1,2,0,0,0,0,20,0,2,Matches,FlMFro251998
83,Kingsley Coman,MF,fr France,27,1996,0.2,10,10,0,0,0,0,0,0,0,0,0,0,9,0,0,Matches,KiMFfr271996
84,Francisco Conceição,FW/MF,pt Portugal,21,2002,2.0,129,127,2,0,0,0,16,2,0,0,0,0,101,0,5,Matches,FrFWpt212002
85,Diogo Costa,GK,pt Portugal,24,1999,5.7,155,122,33,6,0,0,0,1,0,0,0,0,140,0,0,Matches,DiGKpt241999
86,Vladimír Coufal,DF/FW,cz Czechia,31,1992,3.0,149,110,39,2,0,0,22,30,7,1,5,0,103,0,5,Matches,VlDFcz311992
87,Bryan Cristante,MF,it Italy,28,1995,1.5,114,113,1,1,0,1,3,0,0,0,0,0,101,0,0,Matches,BrMFit281995
88,Kevin Csoboth,DF,hu Hungary,23,2000,0.1,8,6,2,2,0,0,0,0,0,0,0,0,6,0,0,Matches,KeDFhu232000
89,Marc Cucurella,DF,es Spain,25,1998,6.1,367,326,41,3,1,0,5,38,0,0,0,0,330,0,9,Matches,MaDFes251998
90,Mirlind Daku,FW,al Albania,26,1998,0.1,5,5,0,0,0,0,0,0,0,0,0,0,4,0,0,Matches,MiFWal261998
91,Diogo Dalot,DF/MF,pt Portugal,24,1999,1.7,100,94,6,0,0,0,3,6,0,0,0,0,91,0,2,Matches,DiDFpt241999
92,Mikkel Damsgaard,FW,dk Denmark,23,2000,0.4,14,14,0,0,0,0,1,0,0,0,0,0,10,0,0,Matches,MiFWdk232000
93,Kevin Danso,DF,at Austria,25,1998,2.4,169,163,6,5,1,1,0,0,0,0,0,0,147,0,2,Matches,KeDFat251998
94,Márton Dárdai,DF,hu Hungary,21,2002,1.9,95,83,10,3,0,3,0,6,0,0,0,0,66,2,0,Matches,MáDFhu212002
95,Matteo Darmian,DF,it Italy,34,1989,1.8,107,98,9,1,0,0,1,8,0,0,0,0,97,0,2,Matches,MaDFit341989
96,Zuriko Davitashvili,FW/MF,ge Georgia,22,2001,1.3,37,36,1,0,0,0,1,0,1,0,1,0,33,0,0,Matches,ZuFWge222001
97,Paweł Dawidowicz,DF,pl Poland,28,1995,2.0,79,75,4,2,0,0,0,0,0,0,0,0,74,0,1,Matches,PaDFpl281995
98,Kevin De Bruyne,MF,be Belgium,32,1991,4.0,227,189,37,9,7,3,21,5,20,7,4,1,164,1,7,Matches,KeMFbe321991
99,Charles De Ketelaere,FW,be Belgium,22,2001,0.0,0,0,0,0,0,0,0,0,0,0,0,0,0,0,0,Matches,ChFWbe222001
100,Zeno Debast,DF,be Belgium,20,2003,1.2,109,102,6,1,1,1,0,5,0,0,0,0,97,1,0,Matches,ZeDFbe202003
101,Thomas Delaney,MF,dk Denmark,32,1991,0.9,35,35,0,0,0,0,1,0,0,0,0,0,22,0,0,Matches,ThMFdk321991
102,Ousmane Dembélé,FW/MF,fr France,26,1997,4.0,176,154,22,4,2,1,36,2,16,3,8,0,119,0,9,Matches,OuFWfr261997
103,Merih Demiral,DF,tr Türkiye,25,1998,2.3,94,86,8,6,0,0,2,0,0,0,0,0,82,0,0,Matches,MeDFtr251998
104,Giovanni Di Lorenzo,DF/FW,it Italy,30,1993,4.0,323,275,48,13,2,0,2,35,0,0,0,0,285,0,3,Matches,GiDFit301993
105,Rúben Dias,DF,pt Portugal,26,1997,4.7,411,396,14,10,0,0,3,0,0,0,0,0,382,1,1,Matches,RúDFpt261997
106,Federico Dimarco,DF/FW,it Italy,26,1997,2.5,125,100,23,2,0,1,12,15,6,2,2,0,99,2,7,Matches,FeDFit261997
107,Berat Djimsiti,DF,al Albania,30,1993,3.0,144,140,3,3,0,1,0,0,0,0,0,0,127,1,0,Matches,BeDFal301993
108,Jeremy Doku,FW/MF,be Belgium,21,2002,3.6,113,108,4,0,1,2,8,4,0,0,0,0,89,1,6,Matches,JeFWbe212002
109,Kasper Dolberg,FW,dk Denmark,26,1997,0.4,10,10,0,0,0,0,1,0,0,0,0,0,7,0,0,Matches,KaFWdk261997
110,Gianluigi Donnarumma,GK,it Italy,24,1999,4.0,102,81,21,5,0,0,0,0,0,0,0,0,87,0,0,Matches,GiGKit241999
111,David Doudera,FW,cz Czechia,25,1998,1.0,24,23,1,0,0,0,1,1,0,0,0,0,18,0,0,Matches,DaFWcz251998
112,Artem Dovbyk,FW,ua Ukraine,26,1997,2.7,34,28,6,0,0,0,0,1,0,0,0,0,27,0,2,Matches,ArFWua261997
113,Denis Drăguș,FW,ro Romania,24,1999,3.2,54,51,3,0,0,0,1,0,0,0,0,0,35,0,1,Matches,DeFWro241999
114,Radu Drăgușin,DF,ro Romania,21,2002,4.0,106,97,9,7,1,1,0,2,0,0,0,0,90,0,0,Matches,RaDFro212002
115,Vanja Drkušič,DF,si Slovenia,24,1999,4.3,109,105,4,4,0,1,1,0,0,0,0,0,84,0,1,Matches,VaDFsi241999
116,Kwadwo Duah,FW,ch Switzerland,26,1997,1.2,25,23,2,0,0,0,1,0,0,0,0,0,13,0,0,Matches,KwFWch261997
117,Martin Dúbravka,GK,sk Slovakia,35,1989,4.3,162,122,39,16,0,0,0,0,0,0,0,0,108,1,0,Matches,MaGKsk351989
118,Ondrej Duda,MF,sk Slovakia,29,1994,3.5,170,162,8,3,0,1,9,0,5,1,4,0,138,0,4,Matches,OnMFsk291994
119,Denzel Dumfries,DF,nl Netherlands,27,1996,5.0,271,219,51,0,0,2,18,51,0,0,0,0,220,1,8,Matches,DeDFnl271996
120,Dávid Ďuriš,FW/MF,sk Slovakia,24,1999,0.3,2,2,0,0,0,0,0,0,0,0,0,0,1,0,1,Matches,DáFWsk241999
121,Lasha Dvali,DF,ge Georgia,28,1995,4.0,132,127,5,5,0,0,0,0,0,0,0,0,115,0,1,Matches,LaDFge281995
122,Timi Elšnik,MF,si Slovenia,25,1998,4.0,117,115,2,2,0,0,4,0,0,0,0,0,87,0,2,Matches,TiMFsi251998
123,Breel Embolo,FW,ch Switzerland,26,1997,3.3,46,44,2,0,2,0,1,0,0,0,0,0,39,0,1,Matches,BrFWch261997
124,Christian Eriksen,MF/FW,dk Denmark,31,1992,3.9,215,179,36,9,1,4,32,1,26,11,9,3,159,0,5,Matches,ChMFdk311992
125,Eberechi Eze,DF/MF,eng England,25,1998,1.1,40,37,3,1,0,0,5,0,2,1,1,0,30,0,1,Matches,EbDFen251998
126,Wout Faes,DF,be Belgium,25,1998,4.0,290,277,12,5,0,2,0,1,0,0,0,0,255,1,1,Matches,WoDFbe251998
127,Nicolò Fagioli,MF,it Italy,22,2001,1.1,104,97,7,2,0,1,4,0,3,2,1,0,87,0,0,Matches,NiMFit222001
128,João Félix,MF/FW,pt Portugal,24,1999,1.2,77,70,6,1,1,0,7,1,4,1,1,0,67,1,0,Matches,JoMFpt241999
129,Bruno Fernandes,MF,pt Portugal,29,1994,4.2,297,267,27,7,3,2,32,0,17,8,4,1,221,3,5,Matches,BrMFpt291994
130,Attila Fiola,DF,hu Hungary,33,1990,2.0,73,67,6,2,0,0,1,4,0,0,0,0,57,0,1,Matches,AtDFhu331990
131,Phil Foden,FW/MF,eng England,23,2000,6.9,368,341,24,11,2,0,27,3,8,4,4,0,310,3,3,Matches,PhFWen232000
132,Youssouf Fofana,MF,fr France,25,1999,0.5,29,29,0,0,0,0,0,0,0,0,0,0,25,0,1,Matches,YoMFfr251999
133,Michael Folorunsho,FW,it Italy,25,1998,0.0,2,2,0,0,0,0,0,0,0,0,0,0,0,0,0,Matches,MiFWit251998
134,Przemysław Frankowski,DF,pl Poland,28,1995,3.0,125,113,12,1,1,1,7,11,0,0,0,0,92,0,9,Matches,PrDFpl281995
135,Davide Frattesi,MF,it Italy,24,1999,2.1,60,60,0,0,0,0,2,0,0,0,0,0,44,0,6,Matches,DaMFit241999
136,Remo Freuler,MF,ch Switzerland,31,1992,5.1,233,225,8,4,0,0,0,2,0,0,0,0,204,0,5,Matches,ReMFch311992
137,Jeremie Frimpong,FW,nl Netherlands,23,2000,1.0,25,25,0,0,0,0,0,0,0,0,0,0,21,0,1,Matches,JeFWnl232000
138,Chris Führich,FW,de Germany,26,1998,0.2,14,14,0,0,0,0,0,0,0,0,0,0,13,0,0,Matches,ChFWde261998
139,Niclas Füllkrug,FW,de Germany,30,1993,1.8,37,35,1,0,0,0,0,0,0,0,0,0,25,1,0,Matches,NiFWde301993
140,Mijat Gaćinović,DF,rs Serbia,28,1995,0.5,24,20,4,0,0,0,3,4,0,0,0,0,16,0,0,Matches,MijDFrs281995
141,Cody Gakpo,FW,nl Netherlands,24,1999,5.8,133,128,4,1,1,0,22,3,0,0,0,0,93,1,4,Matches,CoFWnl241999
142,Conor Gallagher,MF,eng England,23,2000,1.3,51,51,0,0,0,0,0,0,0,0,0,0,45,0,0,Matches,CoMFen232000
143,Dániel Gazdag,MF,hu Hungary,27,1996,0.0,3,3,0,0,0,0,0,0,0,0,0,0,3,0,0,Matches,DáMFhu271996
144,Lutsharel Geertruida,DF,nl Netherlands,23,2000,1.2,81,71,10,1,0,0,1,9,0,0,0,0,74,0,0,Matches,LuDFnl232000
145,Billy Gilmour,MF,sct Scotland,22,2001,2.0,113,108,4,3,0,0,4,0,0,0,0,0,95,1,2,Matches,BiMFsc222001
146,Olivier Giroud,FW,fr France,37,1986,0.7,13,12,1,0,0,0,0,0,0,0,0,0,8,0,1,Matches,OlFWfr371986
147,Klaus Gjasula,MF,al Albania,34,1989,0.2,11,11,0,0,0,0,0,0,0,0,0,0,7,0,1,Matches,KlMFal341989
148,Adam Gnezda Čerin,MF,si Slovenia,24,1999,4.3,164,143,20,8,0,1,10,0,12,2,4,0,127,1,0,Matches,AdMFsi241999
149,Anthony Gordon,FW,eng England,22,2001,0.0,3,2,1,0,0,0,0,1,0,0,0,0,3,0,0,Matches,AnFWen222001
150,Jon Gorenc Stanković,MF,si Slovenia,28,1996,1.0,23,21,0,0,0,0,0,0,0,0,0,0,16,2,0,Matches,JoMFsi281996
151,Michael Gregoritsch,FW,at Austria,29,1994,1.4,32,29,2,0,0,0,1,0,0,0,0,0,23,1,0,Matches,MiFWat291994
152,Antoine Griezmann,MF/FW,fr France,32,1991,4.4,194,164,30,12,1,3,27,1,16,7,4,0,151,0,3,Matches,AnMFfr321991
153,Florian Grillitsch,MF,at Austria,28,1995,2.2,162,158,4,3,1,1,2,1,0,0,0,0,135,0,2,Matches,FlMFat281995
154,Álex Grimaldo,DF,es Spain,28,1995,1.3,102,90,12,1,0,0,16,5,6,3,2,0,88,0,0,Matches,ÁlDFes281995
155,Pascal Groß,MF,de Germany,32,1991,0.5,69,68,0,0,0,0,1,0,0,0,0,0,65,1,0,Matches,PaMFde321991
156,Kamil Grosicki,MF,pl Poland,35,1988,0.2,5,4,1,0,0,0,2,0,1,0,1,0,1,0,0,Matches,KaMFpl351988
157,Nemanja Gudelj,MF,rs Serbia,32,1991,1.0,64,60,4,4,0,1,0,0,0,0,0,0,61,0,0,Matches,NeMFrs321991
158,Marc Guéhi,DF,eng England,23,2000,6.3,448,437,11,10,0,2,0,1,0,0,0,0,419,0,1,Matches,MaDFen232000
159,Péter Gulácsi,GK,hu Hungary,33,1990,3.0,97,72,25,11,0,0,0,0,0,0,0,0,74,0,0,Matches,PaGulGKhu331990
160,Arda Güler,FW/MF,tr Türkiye,18,2005,3.8,197,171,26,2,1,1,26,1,17,11,4,0,162,0,1,Matches,ArFWtr182005
161,İlkay Gündoğan,MF,de Germany,33,1990,4.3,167,165,2,1,1,0,3,1,0,0,0,0,142,0,4,Matches,İlMFde331990
162,Angus Gunn,GK,sct Scotland,28,1996,3.0,117,79,38,16,0,0,0,0,0,0,0,0,72,0,0,Matches,AnGKsc281996
163,Mert Günok,GK,tr Türkiye,34,1989,4.0,129,81,47,17,0,1,0,0,0,0,0,0,83,1,0,Matches,MeGKtr341989
164,Joško Gvardiol,DF,hr Croatia,22,2002,3.0,158,140,18,2,1,1,0,16,0,0,0,0,144,0,1,Matches,JoDFhr222002
165,Giorgi Gwelesiani,DF,ge Georgia,32,1991,1.8,36,36,0,0,0,0,0,0,0,0,0,0,26,0,0,Matches,GiDFge321991
166,Norbert Gyömbér,DF,sk Slovakia,31,1992,0.4,36,36,0,0,0,0,1,0,0,0,0,0,35,0,0,Matches,NoDFsk311992
167,Ianis Hagi,MF,ro Romania,25,1998,2.1,67,63,4,1,1,1,8,1,2,0,1,0,41,0,4,Matches,IaMFro251998
168,Dávid Hancko,DF,sk Slovakia,26,1997,4.1,188,147,40,3,0,2,11,37,0,0,0,0,134,1,7,Matches,DáDFsk261997
169,Grant Hanley,DF,sct Scotland,32,1991,2.5,136,136,0,0,0,1,0,0,0,0,0,0,112,0,0,Matches,GrDFsc321991
170,Lukáš Haraslín,FW,sk Slovakia,27,1996,2.9,71,57,13,3,0,0,14,2,7,1,5,0,50,1,1,Matches,LuFWsk271996
171,Kai Havertz,FW/MF,de Germany,24,1999,4.3,116,110,6,0,1,0,1,0,0,0,0,0,95,0,4,Matches,KaFWde241999
172,Jack Hendry,DF,sct Scotland,28,1995,2.9,131,112,18,8,0,1,1,10,0,0,0,0,105,1,1,Matches,JaDFsc281995
173,Benjamin Henrichs,DF,de Germany,26,1997,0.1,5,4,1,0,0,0,0,1,0,0,0,0,4,0,0,Matches,BeDFde261997
174,Theo Hernández,DF,fr France,26,1997,6.3,394,361,33,6,0,0,11,27,0,0,0,0,354,0,7,Matches,ThDFfr261997
175,Morten Hjulmand,MF,dk Denmark,24,1999,2.7,217,212,4,4,0,2,2,0,0,0,0,0,192,1,2,Matches,MoMFdk241999
176,Adam Hložek,MF,cz Czechia,21,2002,1.2,16,15,1,0,0,0,0,0,0,0,0,0,15,0,0,Matches,AdMFcz212002
177,Tomáš Holeš,DF,cz Czechia,30,1993,3.0,121,116,5,4,0,0,5,1,0,0,0,0,92,0,2,Matches,ToDFcz301993
178,Arbër Hoxha,FW/MF,al Albania,25,1998,0.6,21,19,1,0,0,0,1,1,0,0,0,0,15,1,1,Matches,ArFWal251998
179,Robin Hranáč,DF,cz Czechia,24,2000,3.0,86,81,5,4,0,0,0,1,0,0,0,0,74,0,0,Matches,RoDFcz242000
180,Elseid Hysaj,DF,al Albania,29,1994,2.0,59,52,7,0,0,1,3,7,0,0,0,0,48,0,1,Matches,ElDFal291994
181,Pierre Højbjerg,MF,dk Denmark,28,1995,3.9,302,294,7,6,0,4,6,1,0,0,0,0,268,1,3,Matches,PiMFdk281995
182,Rasmus Højlund,FW,dk Denmark,20,2003,3.2,55,46,8,0,0,0,1,0,0,0,0,0,43,1,1,Matches,RaFWdk202003
183,Ivan Ilić,MF,rs Serbia,22,2001,2.2,149,141,8,6,0,1,4,1,1,1,0,0,139,0,0,Matches,IvMFrs222001
184,Josip Iličić,FW/MF,si Slovenia,36,1988,0.3,11,11,0,0,1,0,0,0,0,0,0,0,7,0,1,Matches,JoFWsi361988
185,Gonçalo Inácio,DF,pt Portugal,22,2001,1.3,150,148,2,1,0,0,1,1,0,0,0,0,134,0,3,Matches,GoDFpt222001
186,Luka Ivanušec,MF,hr Croatia,25,1998,0.2,11,11,0,0,0,0,0,0,0,0,0,0,7,0,1,Matches,LuMFhr251998
187,Erik Janža,DF,si Slovenia,30,1993,3.0,114,89,24,5,1,1,12,18,1,1,0,0,77,1,3,Matches,ErDFsi301993
188,Jorginho,MF,it Italy,32,1991,2.4,238,232,6,5,1,1,0,0,0,0,0,0,217,0,0,Matches,JoMFit321991
189,Joselu,FW,es Spain,33,1990,1.0,18,17,1,0,0,0,0,0,0,0,0,0,15,0,1,Matches,JoFWes331990
190,Diogo Jota,FW/MF,pt Portugal,27,1996,1.1,35,35,0,0,1,0,1,0,0,0,0,0,24,0,0,Matches,DiFWpt271996
191,Luka Jović,MF/FW,rs Serbia,26,1997,1.1,19,19,0,0,0,1,1,0,0,0,0,0,14,0,1,Matches,LuMFrs261997
192,Josip Juranović,DF,hr Croatia,28,1995,1.0,65,57,8,0,0,0,8,7,0,0,0,0,53,0,2,Matches,JoDFhr281995
193,David Jurásek,DF,cz Czechia,23,2000,1.8,75,64,11,1,0,0,15,9,1,0,1,0,45,0,4,Matches,DaDFcz232000
194,Matěj Jurásek,DF/MF,cz Czechia,20,2003,0.5,26,25,1,0,2,0,9,0,1,0,0,0,13,0,1,Matches,MaDFcz202003
195,Ferdi Kadioglu,DF/MF,tr Türkiye,24,1999,5.0,277,244,32,2,1,1,4,30,0,0,0,0,239,1,5,Matches,FeDFtr241999
196,İrfan Kahveci,FW,tr Türkiye,28,1995,0.1,0,0,0,0,0,0,0,0,0,0,0,0,0,0,0,Matches,İrFWtr281995
197,Otar Kakabadze,DF/MF,ge Georgia,28,1995,4.0,171,133,37,4,0,4,5,33,0,0,0,0,124,1,2,Matches,OtDFge281995
198,Harry Kane,FW,eng England,30,1993,6.7,104,96,7,1,0,5,4,2,0,0,0,0,71,1,6,Matches,HaFWen301993
199,N'Golo Kanté,MF,fr France,32,1991,5.7,325,323,1,1,1,1,3,0,0,0,0,0,289,1,6,Matches,N'MFfr321991
200,Žan Karničnik,DF,si Slovenia,29,1994,4.3,190,157,30,1,0,1,5,29,0,0,0,0,143,3,6,Matches,ŽaDFsi291994
201,Guram Kashia,DF,ge Georgia,36,1987,4.0,114,108,6,5,0,1,0,0,0,0,0,0,93,0,0,Matches,GuDFge361987
202,Milos Kerkez,DF,hu Hungary,20,2003,2.6,77,73,3,1,0,0,14,2,0,0,0,0,47,1,5,Matches,MiDFhu202003
203,Semih Kılıçsoy,FW,tr Türkiye,18,2005,0.0,1,1,0,0,0,0,0,0,0,0,0,0,1,0,0,Matches,SeFWtr182005
204,Joshua Kimmich,DF,de Germany,28,1995,5.3,409,369,38,4,2,0,24,34,0,0,0,0,363,2,4,Matches,JoDFde281995
205,Otar Kiteishvili,MF,ge Georgia,27,1996,1.4,53,50,3,3,0,0,0,0,0,0,0,0,45,0,0,Matches,OtMFge271996
206,Jakub Kiwior,DF,pl Poland,23,2000,3.0,153,124,29,5,0,0,2,24,0,0,0,0,127,0,7,Matches,JaDFpl232000
207,László Kleinheisler,MF,hu Hungary,29,1994,0.6,17,17,0,0,0,0,0,0,0,0,0,0,16,0,0,Matches,LáMFhu291994
208,Giorgi Kochorashvili,MF,ge Georgia,24,1999,4.0,176,171,5,5,0,1,1,0,0,0,0,0,159,0,1,Matches,GiMFge241999
209,Orkun Kökçü,MF,tr Türkiye,23,2000,2.5,123,119,3,3,1,2,3,0,0,0,0,0,94,1,2,Matches,OrMFtr232000
210,Randal Kolo Muani,FW,fr France,25,1998,2.2,38,36,2,0,0,1,0,0,0,0,0,0,27,0,2,Matches,RaFWfr251998
211,Yukhym Konoplia,DF,ua Ukraine,24,1999,0.8,42,36,6,0,0,1,2,6,0,0,0,0,32,0,2,Matches,YuDFua241999
212,Ezri Konsa,DF,eng England,26,1997,1.0,50,49,1,1,0,0,0,0,0,0,0,0,48,0,0,Matches,EzDFen261997
213,Filip Kostić,DF,rs Serbia,31,1992,0.5,15,11,4,0,0,0,3,4,0,0,0,0,8,0,0,Matches,FiDFrs311992
214,Jules Koundé,DF,fr France,25,1998,6.3,392,325,66,8,1,2,22,58,0,0,0,0,332,1,6,Matches,JuDFfr251998
215,Mateo Kovačić,MF,hr Croatia,29,1994,2.5,168,166,2,2,1,0,0,0,0,0,0,0,156,0,2,Matches,MaMFhr291994
216,Matej Kovar,GK,cz Czechia,23,2000,0.4,18,16,2,0,0,0,0,0,0,0,0,0,9,0,0,Matches,MaGKcz232000
217,Andrej Kramarić,FW,hr Croatia,32,1991,2.7,89,84,5,0,2,1,7,1,0,0,0,0,71,0,2,Matches,AnFWhr321991
218,Ladislav Krejčí,DF,cz Czechia,24,1999,3.0,143,128,15,6,0,2,2,6,0,0,0,0,122,0,0,Matches,LaDFcz241999
219,Toni Kroos,MF,de Germany,34,1990,5.2,551,480,69,36,2,7,35,0,33,10,15,3,498,2,2,Matches,ToMFde341990
220,Jan Kuchta,FW,cz Czechia,27,1997,1.1,15,14,1,0,0,0,0,0,0,0,0,0,11,0,0,Matches,JaFWcz271997
221,Juraj Kucka,MF,sk Slovakia,36,1987,3.9,123,123,0,0,1,0,3,0,0,0,0,0,93,0,2,Matches,JuMFsk361987
222,Jasmin Kurtić,FW,si Slovenia,35,1989,0.0,0,0,0,0,0,0,0,0,0,0,0,0,0,0,0,Matches,JaFWsi351989
223,Khvicha Kvaratskhelia,FW,ge Georgia,22,2001,3.8,86,69,17,4,0,0,15,2,8,8,0,0,68,0,0,Matches,KhFWge222001
224,Nika Kvekveskiri,MF,ge Georgia,31,1992,0.1,15,15,0,0,0,0,0,0,0,0,0,0,13,0,0,Matches,NiMFge311992
225,Giorgi Kvilitaia,FW,ge Georgia,30,1993,0.0,3,3,0,0,0,0,0,0,0,0,0,0,2,0,0,Matches,GiFWge301993
226,Saba Kvirkvelia,DF,ge Georgia,31,1992,2.0,61,58,3,3,0,3,0,0,0,0,0,0,52,0,1,Matches,SaDFge311992
227,Qazim Laçi,MF/FW,al Albania,28,1996,1.8,52,50,2,0,0,0,4,0,0,0,0,0,36,0,3,Matches,QaMFal281996
228,Konrad Laimer,MF/FW,at Austria,26,1997,3.0,126,119,6,2,0,0,2,1,0,0,0,0,107,1,6,Matches,KoMFat261997
229,Ádám Lang,DF,hu Hungary,31,1993,0.5,19,13,6,0,0,0,0,6,0,0,0,0,13,0,2,Matches,ÁdDFhu311993
230,Aymeric Laporte,DF,es Spain,29,1994,5.8,483,461,21,13,0,5,2,0,0,0,0,0,446,1,3,Matches,AyDFes291994
231,Robin Le Normand,DF,es Spain,27,1996,4.9,344,344,0,0,0,1,0,0,0,0,0,0,320,0,1,Matches,RoDFes271996
232,Rafael Leão,FW,pt Portugal,24,1999,3.2,112,111,1,0,0,0,15,1,0,0,0,0,85,0,6,Matches,RaFWpt241999
233,Robert Lewandowski,FW,pl Poland,35,1988,1.3,23,23,0,0,0,1,0,0,0,0,0,0,19,0,0,Matches,RoFWpl351988
234,Philipp Lienhart,DF,at Austria,27,1996,2.4,125,116,9,2,0,1,0,2,0,0,0,0,113,0,0,Matches,PhDFat271996
235,Ondřej Lingr,MF/FW,cz Czechia,25,1998,0.9,27,23,4,1,0,0,1,1,1,0,0,0,21,0,2,Matches,OnMFcz251998
236,Dominik Livaković,GK,hr Croatia,29,1995,3.0,93,71,22,5,0,0,0,0,0,0,0,0,69,0,0,Matches,DoGKhr291995
237,Stanislav Lobotka,MF,sk Slovakia,29,1994,4.3,243,240,2,2,0,1,0,0,0,0,0,0,228,1,0,Matches,StMFsk291994
238,Saba Lobzhanidze,FW,ge Georgia,29,1994,0.1,1,1,0,0,0,0,1,0,0,0,0,0,0,0,1,Matches,SaFWge291994
239,Luka Lochoshvili,DF/MF,ge Georgia,25,1998,1.9,57,45,12,2,0,0,4,10,0,0,0,0,41,0,1,Matches,LuDFge251998
240,Fermin López,MF,es Spain,20,2003,0.3,10,9,0,0,0,0,0,0,0,0,0,0,8,1,0,Matches,FeMFes202003
241,Romelu Lukaku,FW,be Belgium,30,1993,4.0,57,54,2,0,1,0,0,0,0,0,0,0,38,1,1,Matches,RoFWbe301993
242,Dodi Lukebakio,FW/DF,be Belgium,26,1997,0.7,30,27,3,1,0,0,1,1,1,1,0,0,24,0,1,Matches,DoFWbe261997
243,Saša Lukić,MF,rs Serbia,27,1996,2.3,150,146,4,4,0,0,1,0,0,0,0,0,142,0,0,Matches,SaMFrs271996
244,Andriy Lunin,GK,ua Ukraine,24,1999,1.0,24,20,4,0,0,0,0,0,0,0,0,0,23,0,0,Matches,AnGKua241999
245,Mike Maignan,GK,fr France,28,1995,6.3,167,131,34,9,0,0,0,0,0,0,0,0,136,2,0,Matches,MiGKfr281995
246,Kobbie Mainoo,MF,eng England,18,2005,4.1,203,194,7,1,2,0,3,0,0,0,0,0,183,2,3,Matches,KoMFen182005
247,Lovro Majer,FW/MF,hr Croatia,26,1998,1.6,101,97,4,2,0,1,4,1,1,0,0,0,92,0,4,Matches,LoFWhr261998
248,Donyell Malen,FW,nl Netherlands,25,1999,2.1,56,53,2,2,0,0,8,0,0,0,0,0,40,1,4,Matches,DoFWnl251999
249,Ruslan Malinovskyi,MF,ua Ukraine,30,1993,0.4,28,25,3,0,0,1,3,0,3,3,0,0,24,0,0,Matches,RuMFua301993
250,Giorgi Mamardashvili,GK,ge Georgia,23,2000,4.0,124,61,63,19,0,0,0,0,0,0,0,0,66,0,0,Matches,GiGKge232000
251,Dennis Man,MF,ro Romania,25,1998,3.0,83,76,7,0,1,1,8,0,7,2,0,0,51,0,7,Matches,DeMFro251998
252,Rey Manaj,FW,al Albania,26,1997,1.7,28,25,3,0,0,0,0,0,0,0,0,0,17,0,2,Matches,ReFWal261997
253,Gianluca Mancini,DF,it Italy,27,1996,1.0,66,65,1,0,0,0,0,0,0,0,0,0,60,0,0,Matches,GiDFit271996
254,Orel Mangala,MF,be Belgium,25,1998,1.5,70,69,1,1,0,0,0,0,0,0,0,0,68,0,1,Matches,OrMFbe251998
255,Marius Marin,MF,ro Romania,25,1998,3.4,99,99,0,0,0,0,1,0,0,0,0,0,80,0,0,Matches,MaMFro251998
256,Răzvan Marin,MF,ro Romania,27,1996,3.9,109,104,5,3,2,1,5,0,1,0,1,0,86,0,1,Matches,RăMFro271996
257,Ádám Martin,FW/DF,hu Hungary,29,1994,0.5,17,16,1,0,0,0,1,0,0,0,0,0,10,0,1,Matches,ÁdFWhu291994
258,Mykola Matviyenko,DF,ua Ukraine,27,1996,3.0,231,221,8,4,1,1,1,3,0,0,0,0,212,2,1,Matches,MyDFua271996
259,Kylian Mbappé,FW,fr France,25,1998,5.2,182,174,7,1,0,5,7,2,2,1,1,0,158,1,4,Matches,KyFWfr251998
260,John McGinn,MF/FW,sct Scotland,29,1994,2.6,45,44,1,0,0,0,4,0,0,0,0,0,28,0,4,Matches,JoMFsc291994
261,Callum McGregor,MF,sct Scotland,30,1993,2.7,119,115,4,2,0,0,1,0,0,0,0,0,108,0,3,Matches,CaMFsc301993
262,Scott McKenna,DF,sct Scotland,27,1996,1.5,93,80,12,1,0,1,1,8,0,0,0,0,75,1,3,Matches,ScDFsc271996
263,Kenny McLean,MF,sct Scotland,32,1992,0.5,26,25,1,1,0,0,0,0,0,0,0,0,19,0,0,Matches,KeMFsc321992
264,Scott McTominay,MF,sct Scotland,27,1996,3.0,62,52,10,4,1,0,9,1,5,4,1,0,42,0,2,Matches,ScMFsc271996
265,Anzor Mekvabishvili,MF,ge Georgia,22,2001,2.1,91,90,1,1,0,2,1,0,0,0,0,0,76,0,3,Matches,AnMFge222001
266,Memphis,FW/MF,nl Netherlands,29,1994,5.1,163,119,41,6,3,0,31,2,23,11,9,0,113,3,10,Matches,MeFWnl291994
267,Nuno Mendes,DF,pt Portugal,21,2002,4.7,365,324,41,12,0,4,12,29,0,0,0,0,322,0,4,Matches,NuDFpt212002
268,Mikel Merino,MF/FW,es Spain,27,1996,2.0,131,131,0,0,1,1,2,0,0,0,0,0,107,0,5,Matches,MiMFes271996
269,Valentin Mihaila,MF,ro Romania,23,2000,1.3,27,25,2,0,0,1,1,1,1,1,0,0,21,0,0,Matches,VaMFro232000
270,Srđan Mijailović,DF,rs Serbia,30,1993,0.8,25,20,5,0,0,0,3,5,0,0,0,0,14,0,0,Matches,SrDFrs301993
271,Georges Mikautadze,FW,ge Georgia,23,2000,3.8,70,60,10,2,0,2,4,0,0,0,0,0,55,0,4,Matches,GeFWge232000
272,Nikola Milenković,DF,rs Serbia,26,1997,3.0,227,224,3,3,0,0,0,0,0,0,0,0,212,0,0,Matches,NiDFrs261997
273,Sergej Milinković-Savić,MF,rs Serbia,28,1995,1.3,76,76,0,0,0,1,3,0,0,0,0,0,63,0,0,Matches,SeMFrs281995
274,Mario Mitaj,DF,al Albania,20,2003,3.0,147,115,32,7,0,0,2,25,0,0,0,0,127,0,3,Matches,MaDFal202003
275,Aleksandar Mitrović,FW,rs Serbia,29,1994,2.7,53,47,6,1,0,0,0,0,0,0,0,0,38,0,1,Matches,AlFWrs291994
276,Maximilian Mittelstädt,DF,de Germany,26,1997,3.4,217,197,18,2,0,0,24,16,0,0,0,0,182,2,2,Matches,MaDFde261997
277,Filip Mladenović,DF,rs Serbia,32,1991,1.2,61,45,16,1,0,0,8,14,1,0,1,0,44,0,2,Matches,FiDFrs321991
278,Jan Mlakar,MF,si Slovenia,25,1998,3.3,62,62,0,0,2,0,1,0,0,0,0,0,37,0,2,Matches,JaMFsi251998
279,Jakub Moder,MF,pl Poland,24,1999,2.0,119,112,6,5,0,0,3,0,0,0,0,0,94,1,2,Matches,JaMFpl241999
280,Luka Modrić,MF,hr Croatia,38,1985,2.6,221,206,15,9,1,1,9,1,4,3,0,0,190,0,5,Matches,LuMFhr381985
281,Vasile Mogos,DF,ro Romania,31,1992,0.4,6,3,3,0,0,0,0,3,0,0,0,0,6,0,0,Matches,VaDFro311992
282,Álvaro Morata,FW,es Spain,31,1992,5.0,110,102,8,0,0,0,2,0,0,0,0,0,78,0,5,Matches,ÁlFWes311992
283,Lewis Morgan,DF,sct Scotland,27,1996,0.0,2,2,0,0,0,0,0,0,0,0,0,0,1,0,1,Matches,LeDFsc271996
284,Ernest Muçi,FW,al Albania,22,2001,0.2,9,9,0,0,0,0,0,0,0,0,0,0,7,0,0,Matches,ErFWal222001
285,Mykhailo Mudryk,FW/MF,ua Ukraine,23,2001,1.9,52,46,6,2,2,0,10,0,4,3,0,0,36,0,2,Matches,MyFWua232001
286,Mert Müldür,DF/MF,tr Türkiye,24,1999,3.8,167,144,23,1,1,1,5,22,0,0,0,0,130,0,3,Matches,MeDFtr241999
287,Thomas Müller,MF/FW,de Germany,34,1989,0.6,32,28,3,0,0,0,5,2,0,0,0,0,20,1,0,Matches,ThMFde341989
288,Jamal Musiala,FW,de Germany,20,2003,4.7,168,168,0,0,1,0,3,0,0,0,0,0,148,0,3,Matches,JaFWde202003
289,Phillipp Mwene,DF,at Austria,30,1994,2.2,109,94,15,1,0,0,10,14,0,0,0,0,91,0,3,Matches,PhDFat301994
290,Vitaliy Mykolenko,DF,ua Ukraine,24,1999,0.6,19,18,1,0,0,0,3,1,0,0,0,0,14,0,1,Matches,ViDFua241999
291,Joakim Mæhle,DF/MF,dk Denmark,26,1997,3.1,157,137,19,0,0,0,10,19,0,0,0,0,129,1,2,Matches,JoDFdk261997
292,Nacho,DF,es Spain,34,1990,2.9,135,119,16,11,0,0,0,2,0,0,0,0,127,0,1,Matches,NaDFes341990
293,Ádám Nagy,MF,hu Hungary,28,1995,1.8,74,69,5,1,0,1,1,1,0,0,0,0,59,0,2,Matches,ÁdMFhu281995
294,Zsolt Nagy,DF,hu Hungary,30,1993,0.2,8,7,1,0,0,0,2,1,0,0,0,0,4,0,1,Matches,ZsDFhu301993
295,Jesús Navas,DF,es Spain,38,1985,1.7,71,56,15,2,0,1,9,13,0,0,0,0,56,0,2,Matches,JeDFes381985
296,Dan Ndoye,MF/DF,ch Switzerland,23,2000,4.5,108,100,8,1,3,0,6,7,0,0,0,0,84,0,4,Matches,DaMFch232000
297,Pedro Neto,DF/FW,pt Portugal,23,2000,1.3,89,85,4,1,1,0,11,2,1,1,0,0,70,0,2,Matches,PeDFpt232000
298,Manuel Neuer,GK,de Germany,37,1986,5.3,145,117,28,9,0,0,0,1,0,0,0,0,123,0,0,Matches,MaGKde371986
299,João Neves,MF,pt Portugal,19,2004,0.9,74,72,2,1,0,0,1,0,0,0,0,0,68,0,2,Matches,JoMFpt192004
300,Rúben Neves,MF,pt Portugal,26,1997,1.4,117,108,9,2,1,1,9,1,6,2,3,0,100,0,0,Matches,RúMFpt261997
301,Florin Niță,GK,ro Romania,36,1987,4.0,148,82,66,19,0,0,0,0,0,0,0,0,87,0,0,Matches,FlGKro361987
302,Matheus Nunes,MF,pt Portugal,25,1998,0.2,18,18,0,0,0,0,1,0,0,0,0,0,16,0,0,Matches,MaMFpt251998
303,Christian Nørgaard,MF,dk Denmark,29,1994,0.4,42,41,1,0,0,0,2,1,0,0,0,0,34,0,1,Matches,ChMFdk291994
304,Adam Obert,DF,sk Slovakia,21,2002,0.3,27,22,5,1,0,1,1,4,0,0,0,0,22,0,2,Matches,AdDFsk212002
305,Jan Oblak,GK,si Slovenia,31,1993,4.3,128,67,61,16,0,0,0,0,0,0,0,0,79,0,0,Matches,JaGKsi311993
306,Darius Olaru,MF,ro Romania,25,1998,0.3,17,14,3,1,0,0,1,1,0,0,0,0,14,0,0,Matches,DaMFro251998
307,Dani Olmo,MF/FW,es Spain,25,1998,4.8,186,181,2,2,3,1,4,0,0,0,0,0,151,3,4,Matches,DaMFes251998
308,Amadou Onana,MF,be Belgium,22,2001,4.0,240,233,6,6,1,0,0,0,0,0,0,0,216,1,1,Matches,AmMFbe222001
309,Loïs Openda,FW,be Belgium,23,2000,0.8,7,7,0,0,0,0,2,0,0,0,0,0,3,0,0,Matches,LoFWbe232000
310,Willi Orban,DF,hu Hungary,31,1992,3.0,138,134,3,2,0,0,0,1,0,0,0,0,118,1,3,Matches,WiDFhu311992
311,Mikel Oyarzabal,FW,es Spain,26,1997,2.2,63,59,4,1,0,0,2,0,0,0,0,0,58,0,0,Matches,MiFWes261997
312,Salih Özcan,MF,tr Türkiye,26,1998,1.7,71,69,2,2,0,0,0,0,0,0,0,0,57,0,1,Matches,SaMFtr261998
313,João Palhinha,MF,pt Portugal,28,1995,3.3,188,186,2,2,0,4,0,0,0,0,0,0,166,0,2,Matches,JoMFpt281995
314,Cole Palmer,MF/FW,eng England,21,2002,1.7,79,70,9,2,1,0,9,6,1,0,1,0,59,0,0,Matches,CoMFen212002
315,Mario Pašalić,FW/MF,hr Croatia,28,1995,1.3,40,40,0,0,1,0,1,0,0,0,0,0,34,0,2,Matches,MaFWhr281995
316,Strahinja Pavlović,DF,rs Serbia,22,2001,3.0,180,174,5,3,0,0,6,2,0,0,0,0,137,1,5,Matches,StDFrs222001
317,Pedri,MF,es Spain,21,2002,2.1,89,89,0,0,1,0,1,0,0,0,0,0,80,0,2,Matches,PeMFes212002
318,Peter Pekarík,DF,sk Slovakia,37,1986,4.2,121,95,26,0,0,0,5,26,0,0,0,0,107,0,3,Matches,PeDFsk371986
319,Lorenzo Pellegrini,FW/MF,it Italy,27,1996,2.4,107,101,6,2,1,0,6,0,4,1,2,0,91,0,2,Matches,LoFWit271996
320,Patrick Pentz,GK,at Austria,27,1997,4.0,148,125,23,8,0,0,0,0,0,0,0,0,120,0,0,Matches,PaGKat271997
321,Pepe,DF,pt Portugal,40,1983,4.5,405,392,11,7,0,3,0,0,0,0,0,0,379,2,0,Matches,PeDFpt401983
322,Danilo Pereira,DF,pt Portugal,32,1991,1.0,87,86,1,1,0,0,0,0,0,0,0,0,83,0,0,Matches,DaDFpt321991
323,Ayoze Pérez,FW,es Spain,30,1993,0.1,3,3,0,0,0,0,0,0,0,0,0,0,3,0,0,Matches,AyFWes301993
324,Ivan Perišić,DF/FW,hr Croatia,34,1989,1.5,63,56,7,0,0,0,14,7,0,0,0,0,44,0,2,Matches,IvDFhr341989
325,Bruno Petković,FW,hr Croatia,29,1994,1.0,20,18,2,0,0,0,0,0,0,0,0,0,16,0,0,Matches,BrFWhr291994
326,Krzysztof Piątek,FW,pl Poland,28,1995,0.7,10,10,0,0,0,0,1,0,0,0,0,0,6,0,0,Matches,KrFWpl281995
327,Jordan Pickford,GK,eng England,29,1994,7.7,307,241,66,15,0,0,0,0,0,0,0,0,229,0,0,Matches,JoGKen291994
328,Jakub Piotrowski,MF,pl Poland,26,1997,0.6,24,22,2,2,1,0,1,0,0,0,0,0,16,0,2,Matches,JaMFpl261997
329,Marin Pongračić,DF,hr Croatia,26,1997,2.0,124,118,6,6,0,0,0,0,0,0,0,0,113,0,0,Matches,MaDFhr261997
330,Ryan Porteous,DF,sct Scotland,24,1999,0.5,25,21,4,0,0,0,0,4,0,0,0,0,19,0,0,Matches,RyDFsc241999
331,Stefan Posch,DF,at Austria,26,1997,4.0,215,172,43,3,2,0,13,40,0,0,0,0,159,0,10,Matches,StDFat261997
332,Yussuf Poulsen,FW/MF,dk Denmark,29,1994,0.6,20,20,0,0,0,0,1,0,0,0,0,0,12,0,1,Matches,YuFWdk291994
333,Alexander Prass,DF,at Austria,22,2001,1.8,95,79,15,2,0,0,7,13,0,0,0,0,72,1,1,Matches,AlDFat222001
334,Lukáš Provod,MF,cz Czechia,27,1996,2.6,87,80,6,3,0,0,2,0,0,0,0,0,70,1,3,Matches,LuMFcz271996
335,George Pușcaș,FW,ro Romania,27,1996,0.4,13,13,0,0,0,0,0,0,0,0,0,0,4,0,1,Matches,GeFWro271996
336,Leopold Querfeld,DF,at Austria,20,2003,0.3,9,5,4,2,0,0,0,0,0,0,0,0,7,0,0,Matches,LeDFat202003
337,Adrien Rabiot,MF,fr France,28,1995,4.1,236,225,11,7,0,1,3,3,0,0,0,0,216,0,2,Matches,AdMFfr281995
338,Bogdan Racovitan,DF,ro Romania,23,2000,0.6,25,24,1,1,0,0,0,0,0,0,0,0,23,0,0,Matches,BoDFro232000
339,Predrag Rajković,GK,rs Serbia,28,1995,3.0,103,78,24,7,0,0,0,0,0,0,0,0,68,1,0,Matches,PrGKrs281995
340,Anthony Ralston,DF,sct Scotland,25,1998,2.9,95,85,10,1,0,1,9,9,0,0,0,0,67,0,5,Matches,AnDFsc251998
341,Ylber Ramadani,MF,al Albania,27,1996,2.9,103,101,2,2,0,0,2,0,0,0,0,0,94,0,0,Matches,YlMFal271996
342,Gonçalo Ramos,FW,pt Portugal,22,2001,0.3,1,1,0,0,0,0,0,0,0,0,0,0,1,0,0,Matches,GoFWpt222001
343,Giacomo Raspadori,FW,it Italy,23,2000,0.9,49,42,7,1,1,0,10,0,6,3,3,0,36,0,0,Matches,GiFWit232000
344,Andrei Ratiu,DF,ro Romania,25,1998,4.0,117,79,38,1,0,0,3,37,0,0,0,0,97,0,0,Matches,AnDFro251998
345,David Raum,DF,de Germany,25,1998,1.8,99,86,13,0,0,0,7,12,1,0,0,0,75,0,4,Matches,DaDFde251998
346,David Raya,GK,es Spain,28,1995,1.0,42,34,7,2,0,1,0,0,0,0,0,0,36,1,0,Matches,DaGKes281995
347,Tijjani Reijnders,MF,nl Netherlands,25,1998,5.5,265,261,3,2,3,1,1,0,0,0,0,0,246,1,3,Matches,TiMFnl251998
348,Mateo Retegui,FW,it Italy,24,1999,1.7,19,18,1,0,1,0,0,0,0,0,0,0,10,0,0,Matches,MaFWit241999
349,Declan Rice,MF,eng England,25,1999,7.7,530,516,12,11,1,5,7,1,0,0,0,0,484,2,5,Matches,DeMFen251999
350,Fabian Rieder,MF,ch Switzerland,21,2002,2.4,89,78,10,2,2,0,14,1,7,7,0,0,62,1,1,Matches,FaMFch212002
351,Andrew Robertson,DF,sct Scotland,29,1994,3.0,120,90,30,13,0,0,13,16,1,1,0,0,91,0,5,Matches,AnDFsc291994
352,Rodri,MF,es Spain,27,1996,5.8,439,430,7,6,0,4,0,1,0,0,0,0,408,2,1,Matches,RoMFes271996
353,Ricardo Rodríguez,DF,ch Switzerland,31,1992,5.3,250,229,20,5,1,2,10,14,1,0,1,0,214,1,1,Matches,RiDFch311992
354,Taras Romanchuk,MF,pl Poland,32,1991,0.6,14,14,0,0,0,0,0,0,0,0,0,0,11,0,0,Matches,TaMFpl321991
355,Cristiano Ronaldo,FW,pt Portugal,38,1985,5.4,104,94,10,0,0,0,4,4,0,0,0,0,86,0,6,Matches,CrFWpt381985
356,Antonio Rüdiger,DF,de Germany,30,1993,5.3,409,401,7,5,2,0,8,2,0,0,0,0,372,1,1,Matches,AnDFde301993
357,Fabián Ruiz Peña,MF,es Spain,27,1996,6.0,442,427,14,13,2,3,11,1,0,0,0,0,392,1,7,Matches,FaMFes271996
358,Adrian Rus,MF,ro Romania,27,1996,0.2,6,6,0,0,0,0,0,0,0,0,0,0,1,0,0,Matches,AdMFro271996
359,Marcel Sabitzer,FW/MF,at Austria,29,1994,4.0,170,149,21,4,1,0,29,2,13,6,7,0,110,0,6,Matches,MaFWat291994
360,Bukayo Saka,FW/DF,eng England,22,2001,7.0,265,252,13,2,0,0,20,9,0,0,0,0,222,0,4,Matches,BuFWen222001
361,Bartosz Salamon,DF,pl Poland,32,1991,0.9,33,23,10,0,0,0,0,0,0,0,0,0,28,0,0,Matches,BaDFpl321991
362,William Saliba,DF,fr France,22,2001,6.3,360,345,15,4,0,0,0,1,0,0,0,0,346,0,0,Matches,WiDFfr222001
363,Roland Sallai,MF,hu Hungary,26,1997,3.0,79,76,3,0,1,0,7,2,0,0,0,0,61,0,2,Matches,RoMFhu261997
364,Lazar Samardzic,MF,rs Serbia,21,2002,0.6,21,18,3,0,0,2,4,0,3,2,1,0,16,0,0,Matches,LaMFrs212002
365,Leroy Sané,FW,de Germany,28,1996,2.3,68,66,1,0,1,0,3,0,0,0,0,0,57,1,2,Matches,LeFWde281996
366,Leo Sauer,FW,sk Slovakia,18,2005,0.1,1,1,0,0,0,0,1,0,0,0,0,0,0,0,0,Matches,LeFWsk182005
367,Gianluca Scamacca,FW,it Italy,25,1999,2.8,51,46,5,1,3,0,0,0,0,0,0,0,32,0,2,Matches,GiFWit251999
368,András Schäfer,MF,hu Hungary,24,1999,3.0,135,125,10,4,0,0,2,1,0,0,0,0,117,0,2,Matches,AnMFhu241999
369,Fabian Schär,DF,ch Switzerland,32,1991,5.3,255,238,16,14,0,9,6,2,0,0,0,0,211,1,5,Matches,FaDFch321991
370,Patrik Schick,FW,cz Czechia,28,1996,1.4,33,33,0,0,0,0,2,0,0,0,0,0,21,0,2,Matches,PaFWcz281996
371,Nico Schlotterbeck,DF,de Germany,24,1999,1.3,87,82,5,2,0,0,0,0,0,0,0,0,79,0,1,Matches,NiDFde241999
372,Kasper Schmeichel,GK,dk Denmark,37,1986,4.0,112,85,27,6,0,0,0,0,0,0,0,0,90,0,0,Matches,KaGKdk371986
373,Romano Schmid,FW/MF,at Austria,24,2000,1.6,73,67,6,2,1,0,7,0,4,1,2,0,56,0,2,Matches,RoFWat242000
374,Jerdy Schouten,MF,nl Netherlands,27,1997,5.6,328,321,7,7,0,1,1,0,0,0,0,0,302,0,1,Matches,JeMFnl271997
375,Ivan Schranz,FW,sk Slovakia,30,1993,3.7,86,82,1,0,0,0,4,1,0,0,0,0,62,3,3,Matches,IvFWsk301993
376,Taulant Seferi,FW,al Albania,27,1996,1.0,26,25,1,0,0,0,1,1,0,0,0,0,17,0,1,Matches,TaFWal271996
377,Nicolas Seiwald,MF,at Austria,22,2001,4.0,235,232,3,2,2,0,1,1,0,0,0,0,205,0,4,Matches,NiMFat222001
378,Nélson Semedo,DF,pt Portugal,30,1993,1.1,56,48,7,1,0,0,3,6,0,0,0,0,50,1,1,Matches,NéDFpt301993
379,Benjamin Šeško,FW,si Slovenia,20,2003,4.0,71,70,0,0,0,0,1,0,0,0,0,0,43,1,3,Matches,BeFWsi202003
380,Petr Ševčík,MF,cz Czechia,29,1994,0.2,26,26,0,0,0,0,0,0,0,0,0,0,20,0,1,Matches,PeMFcz291994
381,Stephan El Shaarawy,FW,it Italy,31,1992,0.5,10,10,0,0,0,0,0,0,0,0,0,0,8,0,0,Matches,StFWit311992
382,Lawrence Shankland,FW,sct Scotland,28,1995,0.3,11,11,0,0,0,0,1,0,0,0,0,0,5,0,0,Matches,LaFWsc281995
383,Mykola Shaparenko,MF,ua Ukraine,25,1998,2.4,129,126,2,2,2,1,3,0,0,0,0,0,111,1,2,Matches,MyMFua251998
384,Xherdan Shaqiri,MF/FW,ch Switzerland,32,1991,0.8,38,27,10,1,0,0,6,0,7,5,0,0,26,1,0,Matches,XhMFch321991
385,Luke Shaw,DF,eng England,28,1995,2.0,87,72,15,4,0,1,7,11,0,0,0,0,76,0,1,Matches,LuDFen281995
386,Vincent Sierro,MF,ch Switzerland,28,1995,0.4,25,24,1,0,0,0,1,0,1,0,1,0,15,0,1,Matches,ViMFch281995
387,António Silva,DF,pt Portugal,20,2003,0.8,66,64,2,0,0,0,0,2,0,0,0,0,59,0,0,Matches,AnDFpt202003
388,Bernardo Silva,FW/MF,pt Portugal,29,1994,4.7,267,247,18,4,0,1,11,6,8,2,0,0,239,2,5,Matches,BeFWpt291994
389,Unai Simón,GK,es Spain,26,1997,6.3,245,199,45,10,0,0,0,0,0,0,0,0,191,1,1,Matches,UnGKes261997
390,Xavi Simons,MF/FW,nl Netherlands,20,2003,5.0,184,177,4,1,0,1,8,0,2,1,1,0,152,3,4,Matches,XaMFnl202003
391,Michał Skóraś,DF,pl Poland,23,2000,0.3,9,9,0,0,0,0,0,0,0,0,0,0,6,0,1,Matches,MiDFpl232000
392,Łukasz Skorupski,GK,pl Poland,32,1991,1.0,29,14,15,2,0,0,0,0,0,0,0,0,24,0,0,Matches,ŁuGKpl321991
393,Andreas Skov Olsen,MF/FW,dk Denmark,24,1999,1.4,38,36,2,0,0,0,3,1,1,1,0,0,30,0,2,Matches,AnMFdk241999
394,Milan Škriniar,DF,sk Slovakia,28,1995,4.3,282,263,18,14,0,3,0,0,0,0,0,0,257,1,0,Matches,MiDFsk281995
395,Bartosz Slisz,MF,pl Poland,24,1999,1.2,43,43,0,0,0,0,0,0,0,0,0,0,35,0,0,Matches,BaMFpl241999
396,Yann Sommer,GK,ch Switzerland,35,1988,5.3,167,142,24,6,0,0,0,0,0,0,0,0,138,1,0,Matches,YaGKch351988
397,Deian Sorescu,MF/DF,ro Romania,26,1997,0.4,16,11,5,1,0,0,1,4,0,0,0,0,12,0,0,Matches,DeMFro261997
398,Borna Sosa,DF,hr Croatia,26,1998,0.1,2,2,0,0,0,0,1,0,0,0,0,0,1,0,0,Matches,BoDFhr261998
399,Tomáš Souček,MF,cz Czechia,28,1995,3.0,94,92,2,2,0,1,2,0,0,0,0,0,74,0,1,Matches,ToMFcz281995
400,Andraž Šporar,FW,si Slovenia,29,1994,3.8,69,63,6,0,0,0,5,0,0,0,0,0,46,0,3,Matches,AnFWsi291994
401,Nicolae Stanciu,MF/FW,ro Romania,30,1993,3.9,113,100,13,5,0,3,8,0,5,1,0,0,83,0,5,Matches,NiMFro301993
402,Jindřich Staněk,GK,cz Czechia,27,1996,2.6,75,43,32,8,0,0,0,0,0,0,0,0,48,0,0,Matches,JiGKcz271996
403,Josip Stanišić,DF,hr Croatia,23,2000,2.0,133,119,14,0,0,2,4,14,0,0,0,0,109,0,3,Matches,JosDFhr232000
404,Renato Steffen,DF,ch Switzerland,32,1991,0.0,2,2,0,0,0,0,0,0,0,0,0,0,2,0,0,Matches,ReDFch321991
405,Taras Stepanenko,MF,ua Ukraine,34,1989,0.9,74,73,1,1,0,0,1,0,0,0,0,0,63,0,0,Matches,TaMFua341989
406,Leonidas Stergiou,DF,ch Switzerland,21,2002,0.5,11,8,3,0,0,0,0,3,0,0,0,0,6,0,1,Matches,LeDFch212002
407,Petar Stojanović,MF,si Slovenia,28,1995,3.5,107,99,7,2,0,1,1,5,0,0,0,0,78,1,5,Matches,PeMFsi281995
408,John Stones,DF,eng England,29,1994,7.7,559,548,11,10,0,8,0,0,0,0,0,0,525,0,2,Matches,JoDFen291994
409,Thomas Strakosha,GK,al Albania,28,1995,3.0,93,57,35,5,0,0,0,0,0,0,0,0,65,1,0,Matches,ThGKal281995
410,Dávid Strelec,FW,sk Slovakia,22,2001,2.0,42,38,4,0,2,0,0,0,0,0,0,0,27,0,1,Matches,DáFWsk222001
411,Callum Styles,MF,hu Hungary,23,2000,0.7,27,25,2,2,1,0,0,0,0,0,0,0,21,0,0,Matches,CaMFhu232000
412,Luka Sučić,FW/MF,hr Croatia,21,2002,1.6,84,81,3,3,1,2,2,0,0,0,0,0,77,0,1,Matches,LuFWhr212002
413,Heorhiy Sudakov,MF,ua Ukraine,21,2002,2.9,120,115,5,1,0,1,5,1,2,0,1,0,100,0,3,Matches,HeMFua212002
414,Pavel Šulc,MF,cz Czechia,23,2000,0.9,16,16,0,0,0,0,0,0,0,0,0,0,12,0,2,Matches,PaMFcz232000
415,Tomáš Suslov,FW/MF,sk Slovakia,21,2002,1.4,54,47,7,1,0,1,12,3,2,1,1,0,38,0,5,Matches,ToFWsk212002
416,Josip Šutalo,DF,hr Croatia,23,2000,3.0,199,194,5,4,0,0,0,1,0,0,0,0,191,0,0,Matches,JoDFhr232000
417,Oleksandr Svatok,DF,ua Ukraine,29,1994,0.9,25,22,3,0,0,0,0,0,0,0,0,0,24,0,0,Matches,OlDFua291994
418,Karol Świderski,FW,pl Poland,27,1997,1.0,16,13,3,0,0,0,3,0,1,0,1,0,11,0,0,Matches,KaFWpl271997
419,Serhiy Sydorchuk,MF,ua Ukraine,32,1991,0.1,2,2,0,0,0,0,0,0,0,0,0,0,1,0,0,Matches,SeMFua321991
420,Attila Szalai,DF,hu Hungary,26,1998,1.1,59,55,3,1,0,0,1,2,0,0,0,0,48,1,0,Matches,AtDFhu261998
421,Wojciech Szczęsny,GK,pl Poland,33,1990,2.0,66,49,17,4,0,0,0,0,0,0,0,0,42,0,0,Matches,WoGKpl331990
422,Dominik Szoboszlai,MF,hu Hungary,23,2000,3.0,149,107,39,13,0,5,16,10,15,6,5,0,110,3,3,Matches,DoMFhu232000
423,Sebastian Szymański,MF,pl Poland,24,1999,1.2,37,34,3,0,0,0,3,0,2,0,2,0,30,0,1,Matches,SeMFpl241999
424,Dušan Tadić,MF,rs Serbia,35,1988,1.7,87,77,9,1,1,0,14,0,8,5,2,0,65,1,0,Matches,DuMFrs351988
425,Jonathan Tah,DF,de Germany,27,1996,3.5,282,275,7,6,0,0,0,1,0,0,0,0,266,0,0,Matches,JoDFde271996
426,Maksym Talovierov,MF,ua Ukraine,23,2000,0.0,1,1,0,0,0,0,0,0,0,0,0,0,1,0,0,Matches,MaMFua232000
427,Aurélien Tchouaméni,MF,fr France,24,2000,5.2,381,373,8,8,0,9,6,0,0,0,0,0,355,0,3,Matches,AuMFfr242000
428,Arthur Theate,DF,be Belgium,23,2000,2.8,197,168,29,5,0,2,2,24,0,0,0,0,169,0,2,Matches,ArDFbe232000
429,Marcus Thuram,FW,fr France,26,1997,2.9,53,50,3,0,1,0,0,0,0,0,0,0,45,0,1,Matches,MaFWfr261997
430,Youri Tielemans,MF,be Belgium,26,1997,1.6,112,108,4,2,0,1,3,1,0,0,0,0,96,0,3,Matches,YoMFbe261997
431,Kieran Tierney,DF,sct Scotland,26,1997,1.5,92,80,12,4,0,0,2,6,0,0,0,0,69,0,5,Matches,KiDFsc261997
432,Ivan Toney,FW/MF,eng England,27,1996,0.5,15,15,0,0,0,0,0,0,0,0,0,0,8,0,0,Matches,IvFWen271996
433,Ferrán Torres,FW/MF,es Spain,23,2000,1.7,46,40,6,1,1,1,8,1,4,1,1,0,34,0,2,Matches,FeFWes232000
434,Cenk Tosun,FW,tr Türkiye,32,1991,0.3,4,4,0,0,0,0,0,0,0,0,0,0,2,0,0,Matches,CeFWtr321991
435,Gernot Trauner,DF,at Austria,31,1992,1.0,78,74,4,1,0,0,0,1,0,0,0,0,74,0,1,Matches,GeDFat311992
436,Kieran Trippier,DF,eng England,33,1990,5.0,357,310,46,11,0,4,13,25,10,3,4,0,313,1,4,Matches,KiDFen331990
437,Leandro Trossard,FW,be Belgium,29,1994,1.9,70,68,2,2,0,1,3,0,0,0,0,0,55,0,2,Matches,LeFWbe291994
438,Anatolii Trubin,GK,ua Ukraine,22,2001,2.0,70,52,17,3,0,0,0,0,0,0,0,0,55,1,0,Matches,AnGKua222001
439,Heorhii Tsitaishvili,DF/MF,ge Georgia,23,2000,2.1,68,59,9,1,0,0,11,7,1,1,0,0,47,0,3,Matches,HeDFge232000
440,Viktor Tsyhankov,FW,ua Ukraine,26,1997,0.7,32,29,3,0,0,0,5,0,3,2,0,0,25,0,2,Matches,ViFWua261997
441,Ľubomír Tupta,MF,sk Slovakia,25,1998,0.1,4,4,0,0,0,0,0,0,0,0,0,0,4,0,0,Matches,ĽuMFsk251998
442,Oleksandr Tymchyk,DF,ua Ukraine,27,1997,2.2,83,59,23,1,0,0,8,22,0,0,0,0,66,1,3,Matches,OlDFua271997
443,Deniz Undav,MF,de Germany,27,1996,0.1,2,2,0,0,1,0,0,0,0,0,0,0,1,0,0,Matches,DeMFde271996
444,Dayot Upamecano,DF,fr France,25,1998,6.3,371,357,14,13,0,8,1,1,0,0,0,0,339,0,2,Matches,DaDFfr251998
445,Kacper Urbanski,FW/MF,pl Poland,19,2004,1.6,49,49,0,0,1,0,1,0,0,0,0,0,41,0,0,Matches,KaFWpl192004
446,Virgil van Dijk,DF,nl Netherlands,32,1991,6.0,394,364,29,11,0,0,0,0,0,0,0,0,356,1,0,Matches,ViDFnl321991
447,Vladyslav Vanat,FW,ua Ukraine,22,2002,0.2,2,2,0,0,0,0,0,0,0,0,0,0,1,0,1,Matches,VlFWua222002
448,Barnabás Varga,FW,hu Hungary,30,1994,2.8,54,52,1,0,0,0,0,0,0,0,0,0,27,1,1,Matches,BaFWhu301994
449,Ruben Vargas,MF/FW,ch Switzerland,25,1998,3.4,118,104,14,4,0,0,15,2,7,4,0,0,88,0,5,Matches,RuMFch251998
450,Denis Vavro,DF,sk Slovakia,27,1996,4.3,264,250,14,6,0,7,3,2,0,0,0,0,213,0,3,Matches,DeDFsk271996
451,Joey Veerman,MF,nl Netherlands,25,1998,2.3,167,153,14,4,0,0,13,2,8,2,5,0,131,0,4,Matches,JoMFnl251998
452,Miloš Veljković,DF,rs Serbia,28,1995,3.0,226,225,1,0,0,2,2,1,0,0,0,0,206,0,0,Matches,MiDFrs281995
453,Micky van de Ven,DF,nl Netherlands,22,2001,0.8,43,35,8,1,0,0,1,7,0,0,0,0,33,0,1,Matches,MiDFnl222001
454,Benjamin Verbič,MF,si Slovenia,30,1993,0.8,14,14,0,0,1,0,1,0,0,0,0,0,6,0,1,Matches,BeMFsi301993
455,Bart Verbruggen,GK,nl Netherlands,21,2002,6.0,209,181,28,6,0,0,0,0,0,0,0,0,177,0,0,Matches,BaGKnl212002
456,Jan Vertonghen,DF,be Belgium,36,1987,3.0,209,207,2,1,0,0,0,0,0,0,0,0,196,0,0,Matches,JaDFbe361987
457,Jannik Vestergaard,DF,dk Denmark,31,1992,4.0,268,255,11,4,0,2,0,0,0,0,0,0,250,2,0,Matches,JaDFdk311992
458,Žan Vipotnik,FW,si Slovenia,21,2002,0.2,2,2,0,0,0,0,0,0,0,0,0,0,0,0,0,Matches,ŽaFWsi212002
459,Vitinha,MF,pt Portugal,23,2000,4.0,323,306,16,3,2,1,15,2,11,3,4,0,294,1,7,Matches,ViMFpt232000
460,Daniel Vivian,DF,es Spain,24,1999,1.4,109,107,2,2,0,3,0,0,0,0,0,0,101,0,1,Matches,DaDFes241999
461,Dušan Vlahović,MF/FW,rs Serbia,24,2000,2.0,27,26,1,0,0,1,0,1,0,0,0,0,15,0,1,Matches,DuMFrs242000
462,Stefan de Vrij,DF,nl Netherlands,31,1992,6.0,416,406,10,9,1,2,1,1,0,0,0,0,381,0,2,Matches,StDFnl311992
463,Kyle Walker,DF,eng England,33,1990,7.7,554,487,66,12,0,7,4,54,0,0,0,0,490,1,9,Matches,KyDFen331990
464,Ollie Watkins,FW,eng England,28,1995,0.7,5,4,1,0,0,0,0,0,0,0,0,0,4,0,0,Matches,OlFWen281995
465,Wout Weghorst,FW,nl Netherlands,31,1992,1.5,31,30,1,0,0,0,1,0,0,0,0,0,22,0,2,Matches,WoFWnl311992
466,Andreas Weimann,FW,at Austria,32,1991,0.0,1,1,0,0,0,0,0,0,0,0,0,0,0,0,0,Matches,AnFWat321991
467,Silvan Widmer,DF,ch Switzerland,30,1993,3.3,127,89,38,0,0,0,4,38,0,0,0,0,96,0,5,Matches,SiDFch301993
468,Georginio Wijnaldum,MF,nl Netherlands,33,1990,0.8,16,16,0,0,0,0,0,0,0,0,0,0,10,0,3,Matches,GeMFnl331990
469,Nico Williams,FW,es Spain,21,2002,5.5,220,196,24,3,1,2,33,0,21,14,1,0,179,0,5,Matches,NiFWes212002
470,Patrick Wimmer,FW/MF,at Austria,22,2001,1.5,48,42,5,1,0,0,8,0,4,2,2,0,32,1,2,Matches,PaFWat222001
471,Jonas Wind,FW,dk Denmark,24,1999,2.1,77,77,0,0,0,0,1,0,0,0,0,0,62,0,0,Matches,JoFWdk241999
472,Florian Wirtz,FW/MF,de Germany,20,2003,3.1,190,178,11,2,2,1,5,6,2,0,0,0,168,1,2,Matches,FlFWde202003
473,Maximilian Wöber,DF,at Austria,25,1998,1.9,118,117,1,1,0,0,3,0,0,0,0,0,101,0,1,Matches,MaDFat251998
474,Granit Xhaka,MF,ch Switzerland,31,1992,5.3,407,393,13,11,3,1,1,1,0,0,0,0,369,1,2,Matches,GrMFch311992
475,Lamine Yamal,FW,es Spain,16,2007,5.6,205,188,16,2,2,0,24,2,12,7,0,0,158,1,9,Matches,LaFWes162007
476,Roman Yaremchuk,FW,ua Ukraine,28,1995,1.3,30,29,1,0,0,1,0,0,0,0,0,0,23,0,1,Matches,RoFWua281995
477,Andriy Yarmolenko,FW/MF,ua Ukraine,34,1989,1.2,49,46,3,2,1,0,5,1,0,0,0,0,34,0,1,Matches,AnFWua341989
478,Yusuf Yazıcı,MF/FW,tr Türkiye,27,1997,0.6,20,19,1,0,0,0,0,0,0,0,0,0,16,0,0,Matches,YuMFtr271997
479,Kenan Yıldız,FW/MF,tr Türkiye,18,2005,3.8,110,109,1,0,1,0,2,1,0,0,0,0,92,0,3,Matches,KeFWtr182005
480,Okay Yokuşlu,MF/DF,tr Türkiye,29,1994,0.6,28,28,0,0,0,0,0,0,0,0,0,0,26,0,0,Matches,OkMFtr291994
481,İsmail Yüksek,MF,tr Türkiye,25,1999,1.7,99,99,0,0,0,1,0,0,0,0,0,0,91,0,0,Matches,İsMFtr251999
482,Illia Zabarnyi,DF,ua Ukraine,21,2002,3.0,200,192,7,6,0,1,0,0,0,0,0,0,172,1,1,Matches,IlDFua212002
483,Mattia Zaccagni,MF/FW,it Italy,28,1995,0.9,38,34,4,0,0,0,5,2,2,2,0,0,30,0,0,Matches,MaMFit281995
484,Denis Zakaria,MF,ch Switzerland,27,1996,0.3,7,7,0,0,0,0,0,0,0,0,0,0,7,0,0,Matches,DeMFch271996
485,Nicola Zalewski,DF,pl Poland,22,2002,2.7,100,89,11,2,0,0,10,9,0,0,0,0,73,0,8,Matches,NiDFpl222002
486,Piotr Zieliński,MF,pl Poland,29,1994,2.8,150,136,14,5,1,0,11,0,6,2,4,0,123,0,3,Matches,PiMFpl291994
487,Oleksandr Zinchenko,DF,ua Ukraine,27,1996,2.4,161,146,14,4,0,3,4,7,3,0,1,0,137,1,1,Matches,OlDFua271996
488,Joshua Zirkzee,FW/DF,nl Netherlands,22,2001,0.1,2,2,0,0,0,0,0,0,0,0,0,0,2,0,0,Matches,JoFWnl222001
489,Andrija Živković,DF,rs Serbia,27,1996,2.7,142,122,20,0,0,2,13,20,0,0,0,0,115,0,6,Matches,AnDFrs271996
490,Budu Zivzivadze,FW/MF,ge Georgia,29,1994,0.2,3,3,0,0,0,0,0,0,0,0,0,0,3,0,0,Matches,BuFWge291994
491,Steven Zuber,MF,ch Switzerland,32,1991,0.9,35,35,0,0,0,1,1,0,0,0,0,0,32,0,2,Matches,StMFch321991
492,Martín Zubimendi,MF,es Spain,24,1999,1.6,117,116,1,1,0,1,1,0,0,0,0,0,108,0,1,Matches,MaMFes241999
493,Oleksandr Zubkov,FW,ua Ukraine,27,1996,0.3,10,8,1,0,0,0,0,1,0,0,0,0,6,1,1,Matches,OlFWua271996
