Rk,Player,Pos,Squad,Age,Born,90s,TotalCmp,TotalAtt,TotalCmp%,TotalTotDist,TotalPrgDist,ShortCmp,ShortAtt,ShortCmp%,MediumCmp,MediumAtt,MediumCmp%,LongCmp,LongAtt,LongCmp%,Ast,xAG,xA,A-xAG,KP,1/3,PPA,CrsPA,PrgP,Matches,ID
1,Che Adams,FW,sct Scotland,27,1996,2.3,27,31,87.1,386,44,15,17,88.2,8,8,100.0,1,3,33.3,0,0.1,0.2,-0.1,2,2,0,0,2,Matches,ChFWsc271996
2,Michel Aebischer,DF,ch Switzerland,27,1997,5.3,221,252,87.7,3316,1014,131,140,93.6,75,88,85.2,10,16,62.5,2,1.2,1.0,0.8,6,17,7,0,28,Matches,MiDFch271997
3,Arlind Ajeti,DF,al Albania,30,1993,3.0,93,112,83.0,1654,533,35,37,94.6,48,53,90.6,8,17,47.1,0,0.0,0.0,0.0,0,4,0,0,5,Matches,ArDFal301993
4,Manuel Akanji,DF,ch Switzerland,28,1995,5.3,304,331,91.8,5658,2036,113,119,95.0,158,168,94.0,31,39,79.5,0,0.0,0.1,0.0,1,21,0,0,25,Matches,MaDFch281995
5,Samet Akaydın,DF,tr Türkiye,29,1994,3.7,185,206,89.8,3262,1350,79,80,98.8,91,103,88.3,13,21,61.9,0,0.0,0.1,0.0,0,18,0,0,15,Matches,SaDFtr291994
6,Nathan Aké,DF,nl Netherlands,28,1995,5.2,239,274,87.2,3493,1239,138,145,95.2,89,103,86.4,8,14,57.1,1,0.4,0.4,0.6,5,23,1,0,21,Matches,NaDFnl281995
7,Yunus Akgün,FW,tr Türkiye,23,2000,0.8,14,17,82.4,239,92,5,5,100.0,9,9,100.0,0,2,0.0,0,0.1,0.1,-0.1,2,1,1,0,3,Matches,YuFWtr232000
8,Kerem Aktürkoğlu,FW/MF,tr Türkiye,25,1998,1.2,22,38,57.9,352,78,11,12,91.7,10,18,55.6,1,5,20.0,0,0.1,0.0,-0.1,3,3,0,0,3,Matches,KeFWtr251998
9,Trent Alexander-Arnold,MF/DF,eng England,25,1998,1.5,84,101,83.2,1618,556,42,46,91.3,22,25,88.0,16,23,69.6,0,0.1,0.2,-0.1,3,8,2,0,12,Matches,TrMFen251998
10,Denis Alibec,FW,ro Romania,33,1991,0.3,4,4,100.0,41,3,1,1,100.0,1,1,100.0,0,0,,0,0.0,0.0,0.0,0,0,0,0,0,Matches,DeFWro331991
11,Barış Alper Yılmaz,FW,tr Türkiye,23,2000,5.0,80,105,76.2,1096,289,48,57,84.2,22,33,66.7,3,7,42.9,0,0.8,0.9,-0.8,5,5,2,0,15,Matches,BaFWtr232000
12,Sandro Altunashvili,MF,ge Georgia,26,1997,0.6,13,16,81.3,139,25,11,11,100.0,1,2,50.0,0,2,0.0,0,0.0,0.0,0.0,0,1,0,0,1,Matches,SaMFge261997
13,Zeki Amdouni,MF/FW,ch Switzerland,23,2000,0.6,9,14,64.3,116,11,4,5,80.0,2,5,40.0,1,1,100.0,0,0.0,0.0,0.0,0,3,0,0,1,Matches,ZeMFch232000
14,Joachim Andersen,DF,dk Denmark,27,1996,4.0,249,298,83.6,4231,1453,124,130,95.4,98,113,86.7,24,44,54.5,0,0.2,0.4,-0.2,2,23,2,1,24,Matches,JoDFdk271996
15,Robert Andrich,MF,de Germany,29,1994,3.5,208,232,89.7,3008,901,114,120,95.0,77,85,90.6,10,16,62.5,0,0.1,0.3,-0.1,3,26,3,0,21,Matches,RoMFde291994
16,Waldemar Anton,DF,de Germany,27,1996,0.4,20,24,83.3,303,151,12,13,92.3,7,8,87.5,1,3,33.3,0,0.1,0.0,-0.1,1,1,0,0,2,Matches,WaDFde271996
17,Stuart Armstrong,MF,sct Scotland,31,1992,0.2,7,10,70.0,182,73,1,2,50.0,3,4,75.0,3,3,100.0,0,0.0,0.1,0.0,0,1,0,0,1,Matches,StMFsc311992
18,Marko Arnautović,FW,at Austria,34,1989,3.1,39,54,72.2,498,93,27,29,93.1,5,12,41.7,3,4,75.0,0,0.0,0.1,0.0,0,0,0,0,3,Matches,MaFWat341989
19,Jasir Asani,FW,al Albania,28,1995,2.3,31,38,81.6,478,176,14,16,87.5,15,16,93.8,1,4,25.0,1,0.4,0.3,0.6,3,3,3,2,4,Matches,JaFWal281995
20,Kristjan Asllani,MF,al Albania,21,2002,3.0,155,189,82.0,3066,822,61,65,93.8,70,74,94.6,21,42,50.0,0,0.6,0.3,-0.6,8,10,3,1,10,Matches,KrMFal212002
21,Kaan Ayhan,MF/DF,tr Türkiye,29,1994,4.0,156,179,87.2,2944,826,64,65,98.5,72,85,84.7,18,23,78.3,1,0.3,0.1,0.7,5,15,2,0,16,Matches,KaMFtr291994
22,Alex Baena,MF/FW,es Spain,22,2001,0.3,11,12,91.7,143,64,6,7,85.7,4,4,100.0,0,0,,0,0.1,0.0,-0.1,1,0,2,0,2,Matches,AlMFes222001
23,Alexander Bah,DF/MF,dk Denmark,26,1997,3.1,127,164,77.4,2004,730,71,80,88.8,44,59,74.6,9,16,56.3,0,0.1,0.2,-0.1,2,9,4,1,20,Matches,AlDFdk261997
24,Nedim Bajrami,FW/MF,al Albania,24,1999,2.7,61,80,76.3,942,116,32,37,86.5,26,31,83.9,2,8,25.0,0,0.0,0.1,0.0,0,4,1,0,5,Matches,NeFWal241999
25,Johan Bakayoko,FW/DF,be Belgium,20,2003,0.5,18,21,85.7,265,65,12,14,85.7,3,4,75.0,2,2,100.0,0,0.1,0.1,-0.1,2,0,1,0,1,Matches,JoFWbe202003
26,Jure Balkovec,DF,si Slovenia,29,1994,1.3,24,37,64.9,418,190,12,12,100.0,10,15,66.7,2,10,20.0,0,0.0,0.0,0.0,1,2,0,0,5,Matches,JuDFsi291994
27,Iván Balliu,DF,al Albania,32,1992,1.0,33,43,76.7,480,190,17,20,85.0,15,18,83.3,0,2,0.0,0,0.0,0.0,0.0,0,2,0,0,2,Matches,IvDFal321992
28,Nicușor Bancu,DF,ro Romania,31,1992,3.0,103,139,74.1,1534,687,54,62,87.1,44,57,77.2,2,9,22.2,0,0.1,0.1,-0.1,2,4,2,0,12,Matches,NiDFro311992
29,Antonín Barák,MF,cz Czechia,29,1994,0.5,20,24,83.3,269,36,13,13,100.0,7,8,87.5,0,1,0.0,0,0.0,0.2,0.0,1,0,1,0,2,Matches,AnMFcz291994
30,Bradley Barcola,FW/MF,fr France,21,2002,1.1,27,32,84.4,399,152,18,22,81.8,7,7,100.0,1,1,100.0,0,0.5,0.1,-0.5,5,4,2,1,7,Matches,BrFWfr212002
31,Abdülkerim Bardakcı,DF,tr Türkiye,29,1994,4.0,182,211,86.3,3077,1299,92,97,94.8,78,85,91.8,9,24,37.5,0,0.3,0.2,-0.3,2,14,3,1,13,Matches,AbDFtr291994
32,Nicolò Barella,MF,it Italy,26,1997,3.7,239,261,91.6,3795,785,132,141,93.6,88,92,95.7,17,22,77.3,0,0.3,0.7,-0.3,4,25,6,0,21,Matches,NiMFit261997
33,Alessandro Bastoni,DF,it Italy,24,1999,4.0,306,333,91.9,5340,1760,143,145,98.6,129,137,94.2,29,42,69.0,0,0.0,0.1,0.0,1,30,1,0,21,Matches,AlDFit241999
34,Martin Baturina,FW,hr Croatia,20,2003,0.1,2,4,50.0,24,4,2,3,66.7,0,0,,0,1,0.0,0,0.0,0.0,0.0,0,0,0,0,0,Matches,MaFWhr202003
35,Christoph Baumgartner,MF/FW,at Austria,24,1999,3.2,72,105,68.6,1007,291,48,55,87.3,15,30,50.0,5,7,71.4,1,0.6,0.4,0.4,6,6,5,0,9,Matches,ChMFat241999
36,Altay Bayındır,GK,tr Türkiye,25,1998,1.0,29,35,82.9,684,458,6,6,100.0,14,15,93.3,9,14,64.3,0,0.0,0.0,0.0,0,0,0,0,0,Matches,AlGKtr251998
37,Jan Bednarek,DF,pl Poland,27,1996,3.0,89,101,88.1,1417,609,45,48,93.8,38,40,95.0,5,10,50.0,0,0.0,0.0,0.0,0,1,1,0,2,Matches,JaDFpl271996
38,Maximilian Beier,FW,de Germany,21,2002,0.3,3,7,42.9,14,0,1,2,50.0,0,1,0.0,0,0,,0,0.0,0.0,0.0,0,0,0,0,0,Matches,MaFWde212002
39,Jude Bellingham,MF/FW,eng England,20,2003,7.4,311,363,85.7,4780,998,179,194,92.3,106,124,85.5,20,24,83.3,1,0.4,0.8,0.6,6,28,5,0,36,Matches,JuMFen202003
40,László Bénes,MF,sk Slovakia,26,1997,0.8,41,52,78.8,574,74,28,29,96.6,9,13,69.2,1,5,20.0,0,0.7,0.6,-0.7,4,1,0,0,0,Matches,LáMFsk261997
41,Bartosz Bereszyński,DF,pl Poland,31,1992,0.1,1,2,50.0,6,0,1,1,100.0,0,0,,0,0,,0,0.0,0.0,0.0,0,0,0,0,0,Matches,BaDFpl311992
42,Steven Bergwijn,FW,nl Netherlands,26,1997,1.0,40,49,81.6,522,88,22,25,88.0,16,19,84.2,0,1,0.0,0,0.0,0.1,0.0,0,3,1,0,7,Matches,StFWnl261997
43,Medon Berisha,MF,al Albania,20,2003,0.2,7,10,70.0,96,50,6,8,75.0,1,1,100.0,0,0,,0,0.0,0.0,0.0,0,1,0,0,1,Matches,MeMFal202003
44,Victor Bernth Kristiansen,DF/MF,dk Denmark,21,2002,1.7,72,92,78.3,979,252,46,51,90.2,21,28,75.0,3,8,37.5,1,0.3,0.6,0.7,2,3,0,0,1,Matches,ViDFdk212002
45,Matúš Bero,MF/DF,sk Slovakia,28,1995,0.5,17,24,70.8,216,56,9,12,75.0,5,6,83.3,1,3,33.3,0,0.0,0.0,0.0,0,0,0,0,3,Matches,MaMFsk281995
46,Jaka Bijol,DF,si Slovenia,24,1999,4.3,107,130,82.3,2394,910,27,29,93.1,58,63,92.1,21,36,58.3,0,0.0,0.3,0.0,1,4,1,0,3,Matches,JaDFsi241999
47,Veljko Birmančević,DF,rs Serbia,25,1998,0.3,10,16,62.5,174,98,4,5,80.0,3,5,60.0,2,4,50.0,0,0.0,0.0,0.0,0,2,1,0,3,Matches,VeDFrs251998
48,Daley Blind,FW,nl Netherlands,33,1990,0.0,0,0,,0,0,0,0,,0,0,,0,0,,0,0.0,0.0,0.0,0,0,0,0,0,Matches,DaFWnl331990
49,Bendegúz Bolla,DF,hu Hungary,24,1999,2.3,45,63,71.4,804,233,15,18,83.3,28,37,75.7,1,6,16.7,0,0.2,0.2,-0.2,2,1,2,1,3,Matches,BeDFhu241999
50,Endre Botka,DF,hu Hungary,29,1994,1.0,37,45,82.2,637,205,17,18,94.4,15,20,75.0,4,4,100.0,0,0.0,0.0,0.0,0,1,0,0,3,Matches,EnDFhu291994
51,Jarrod Bowen,FW,eng England,27,1996,0.4,10,14,71.4,138,41,6,7,85.7,4,6,66.7,0,1,0.0,0,0.2,0.4,-0.2,1,0,1,1,0,Matches,JaFWen271996
52,Róbert Boženík,FW,sk Slovakia,24,1999,2.3,25,38,65.8,317,24,19,22,86.4,4,9,44.4,1,2,50.0,0,0.0,0.0,0.0,1,0,0,0,1,Matches,RóFWsk241999
53,Volodymyr Brazhko,MF,ua Ukraine,22,2002,2.0,71,81,87.7,1192,285,27,29,93.1,42,45,93.3,2,6,33.3,0,0.0,0.0,0.0,1,2,0,0,3,Matches,VoMFua222002
54,David Brekalo,MF,si Slovenia,25,1998,0.0,1,1,100.0,22,11,0,0,,1,1,100.0,0,0,,0,0.0,0.0,0.0,0,0,0,0,0,Matches,DaMFsi251998
55,Brian Brobbey,FW,nl Netherlands,21,2002,0.0,0,0,,0,0,0,0,,0,0,,0,0,,0,0.0,0.0,0.0,0,0,0,0,0,Matches,BrFWnl212002
56,Armando Broja,FW,al Albania,22,2001,1.2,9,15,60.0,107,19,6,9,66.7,3,3,100.0,0,0,,0,0.1,0.0,-0.1,2,1,1,0,1,Matches,ArFWal222001
57,Marcelo Brozović,MF,hr Croatia,31,1992,2.5,170,188,90.4,3008,654,70,75,93.3,89,99,89.9,10,11,90.9,0,0.1,0.1,-0.1,2,22,2,2,13,Matches,MaMFhr311992
58,Jacob Bruun Larsen,FW,dk Denmark,25,1998,0.1,3,6,50.0,83,11,0,0,,2,4,50.0,1,1,100.0,0,0.0,0.0,0.0,0,0,1,0,1,Matches,JaFWdk251998
59,Ante Budimir,FW,hr Croatia,32,1991,1.4,8,16,50.0,93,26,6,11,54.5,2,4,50.0,0,0,,1,1.2,0.6,-0.2,3,0,2,0,2,Matches,AnteFWhr321991
60,Adam Buksa,FW,pl Poland,27,1996,1.7,11,13,84.6,174,25,8,9,88.9,2,3,66.7,1,1,100.0,0,0.2,0.0,-0.2,2,0,0,0,1,Matches,AdFWpl271996
61,Andrei Burcă,DF,ro Romania,30,1993,4.0,113,141,80.1,2416,882,36,41,87.8,58,67,86.6,18,31,58.1,0,0.0,0.0,0.0,0,6,0,0,6,Matches,AnDFro301993
62,Riccardo Calafiori,DF,it Italy,21,2002,3.0,215,232,92.7,3358,1068,103,109,94.5,93,99,93.9,12,15,80.0,1,0.2,0.3,0.8,4,12,2,1,11,Matches,RiDFit212002
63,Hakan Çalhanoğlu,MF,tr Türkiye,29,1994,3.9,232,261,88.9,4021,918,108,112,96.4,93,101,92.1,24,40,60.0,0,0.2,0.4,-0.2,3,20,1,0,18,Matches,HaMFtr291994
64,Eduardo Camavinga,MF,fr France,21,2002,1.9,74,86,86.0,1219,391,30,33,90.9,39,41,95.1,3,7,42.9,0,0.1,0.2,-0.1,2,15,2,0,12,Matches,EdMFfr212002
65,Andrea Cambiaso,FW/DF,it Italy,23,2000,0.8,38,48,79.2,556,91,24,25,96.0,13,17,76.5,1,3,33.3,0,0.0,0.1,0.0,0,0,1,1,1,Matches,AnFWit232000
66,Emre Can,MF,de Germany,30,1994,1.1,65,70,92.9,1086,221,33,35,94.3,23,24,95.8,8,8,100.0,0,0.0,0.1,0.0,1,4,0,0,4,Matches,EmMFde301994
67,João Cancelo,DF/MF,pt Portugal,29,1994,3.8,224,259,86.5,3679,899,118,126,93.7,91,101,90.1,14,25,56.0,0,0.4,0.9,-0.4,4,19,9,1,36,Matches,JoDFpt291994
68,Yannick Carrasco,DF/FW,be Belgium,30,1993,2.4,84,98,85.7,1295,390,47,49,95.9,35,43,81.4,1,5,20.0,0,0.0,0.4,0.0,0,3,2,0,10,Matches,YaDFbe301993
69,Dani Carvajal,DF,es Spain,32,1992,5.2,291,325,89.5,4606,1155,161,168,95.8,109,121,90.1,17,25,68.0,0,0.5,0.3,-0.5,5,21,2,1,23,Matches,DaDFes321992
70,Timothy Castagne,DF,be Belgium,28,1995,4.0,187,221,84.6,2965,940,111,117,94.9,60,76,78.9,15,22,68.2,0,0.0,0.1,0.0,0,10,1,0,11,Matches,TiDFbe281995
71,Koen Casteels,GK,be Belgium,31,1992,4.0,119,143,83.2,2621,1453,32,32,100.0,69,69,100.0,18,41,43.9,0,0.0,0.0,0.0,0,1,1,0,0,Matches,KoGKbe311992
72,Žan Celar,FW/MF,si Slovenia,24,1999,0.7,15,18,83.3,163,20,10,11,90.9,3,4,75.0,0,0,,0,0.0,0.0,0.0,0,0,0,0,1,Matches,ŽaFWsi241999
73,Zeki Çelik,DF/MF,tr Türkiye,26,1997,1.2,44,55,80.0,633,255,27,28,96.4,15,20,75.0,2,2,100.0,0,0.5,0.3,-0.5,3,3,3,2,3,Matches,ZeDFtr261997
74,Václav Černý,MF,cz Czechia,26,1997,0.6,26,33,78.8,313,125,20,23,87.0,2,2,100.0,2,6,33.3,0,0.1,0.8,-0.1,1,4,2,1,1,Matches,VáMFcz261997
75,Giorgi Chakvetadze,MF/FW,ge Georgia,24,1999,2.7,79,93,84.9,992,305,55,59,93.2,15,18,83.3,4,8,50.0,0,0.3,0.1,-0.3,4,6,2,0,11,Matches,GicMFge241999
76,Federico Chiesa,FW/MF,it Italy,26,1997,2.9,69,104,66.3,958,168,47,52,90.4,14,26,53.8,5,11,45.5,0,0.3,0.6,-0.3,2,1,7,3,5,Matches,FeFWit261997
77,Tomáš Chorý,MF,cz Czechia,29,1995,0.4,2,6,33.3,27,2,1,4,25.0,1,1,100.0,0,0,,0,0.0,0.1,0.0,0,0,0,0,0,Matches,ToMFcz291995
78,Andreas Christensen,DF,dk Denmark,27,1996,3.9,218,231,94.4,3357,1163,116,121,95.9,86,89,96.6,10,14,71.4,0,0.0,0.0,0.0,0,9,1,0,9,Matches,AnDFdk271996
79,Ryan Christie,MF/FW,sct Scotland,28,1995,1.1,15,20,75.0,211,64,9,10,90.0,3,4,75.0,1,1,100.0,0,0.0,0.1,0.0,0,0,1,1,0,Matches,RyMFsc281995
80,Mojmir Chytil,FW,cz Czechia,24,1999,1.2,6,15,40.0,68,1,4,5,80.0,1,3,33.3,0,3,0.0,0,0.1,0.2,-0.1,1,0,0,0,1,Matches,MoFWcz241999
81,Alexandru Cicâldău,MF,ro Romania,26,1997,0.2,2,5,40.0,39,0,1,1,100.0,0,1,0.0,1,3,33.3,0,0.0,0.0,0.0,0,0,0,0,0,Matches,AlMFro261997
82,Florinel Coman,MF,ro Romania,25,1998,1.3,20,28,71.4,197,46,15,18,83.3,3,4,75.0,0,1,0.0,0,0.1,0.0,-0.1,2,0,0,0,1,Matches,FlMFro251998
83,Kingsley Coman,MF,fr France,27,1996,0.2,9,10,90.0,130,9,6,6,100.0,3,3,100.0,0,1,0.0,0,0.0,0.0,0.0,0,0,1,0,1,Matches,KiMFfr271996
84,Francisco Conceição,FW/MF,pt Portugal,21,2002,2.0,101,129,78.3,1498,221,64,69,92.8,36,47,76.6,1,5,20.0,0,1.6,1.2,-1.6,6,1,5,2,9,Matches,FrFWpt212002
85,Diogo Costa,GK,pt Portugal,24,1999,5.7,140,155,90.3,3306,2105,15,15,100.0,100,100,100.0,25,40,62.5,0,0.0,0.0,0.0,0,1,0,0,0,Matches,DiGKpt241999
86,Vladimír Coufal,DF/FW,cz Czechia,31,1992,3.0,103,149,69.1,1765,840,58,62,93.5,28,42,66.7,16,38,42.1,1,0.6,0.6,0.4,8,12,3,3,11,Matches,VlDFcz311992
87,Bryan Cristante,MF,it Italy,28,1995,1.5,101,114,88.6,1553,373,50,53,94.3,43,49,87.8,3,5,60.0,0,0.2,0.4,-0.2,2,8,1,0,5,Matches,BrMFit281995
88,Kevin Csoboth,DF,hu Hungary,23,2000,0.1,6,8,75.0,102,37,3,3,100.0,2,3,66.7,1,2,50.0,0,0.0,0.0,0.0,0,2,0,0,2,Matches,KeDFhu232000
89,Marc Cucurella,DF,es Spain,25,1998,6.1,330,367,89.9,4727,1298,193,203,95.1,117,129,90.7,10,16,62.5,1,1.1,0.9,-0.1,7,18,3,1,29,Matches,MaDFes251998
90,Mirlind Daku,FW,al Albania,26,1998,0.1,4,5,80.0,62,22,3,3,100.0,0,0,,1,1,100.0,0,0.1,0.0,-0.1,2,1,0,0,1,Matches,MiFWal261998
91,Diogo Dalot,DF/MF,pt Portugal,24,1999,1.7,91,100,91.0,1349,290,56,58,96.6,32,36,88.9,3,3,100.0,0,0.0,0.1,0.0,2,16,0,0,11,Matches,DiDFpt241999
92,Mikkel Damsgaard,FW,dk Denmark,23,2000,0.4,10,14,71.4,133,31,5,7,71.4,4,4,100.0,0,1,0.0,0,0.0,0.1,0.0,0,0,1,1,0,Matches,MiFWdk232000
93,Kevin Danso,DF,at Austria,25,1998,2.4,147,169,87.0,2882,921,47,54,87.0,83,87,95.4,16,25,64.0,0,0.0,0.1,0.0,0,19,0,0,22,Matches,KeDFat251998
94,Márton Dárdai,DF,hu Hungary,21,2002,1.9,66,95,69.5,1417,733,18,21,85.7,37,46,80.4,10,25,40.0,0,0.0,0.1,0.0,0,4,2,0,5,Matches,MáDFhu212002
95,Matteo Darmian,DF,it Italy,34,1989,1.8,97,107,90.7,1513,403,50,53,94.3,39,43,90.7,5,5,100.0,0,0.0,0.0,0.0,0,2,1,0,6,Matches,MaDFit341989
96,Zuriko Davitashvili,FW/MF,ge Georgia,22,2001,1.3,33,37,89.2,447,64,12,14,85.7,13,14,92.9,1,2,50.0,0,0.0,0.0,0.0,0,0,0,0,3,Matches,ZuFWge222001
97,Paweł Dawidowicz,DF,pl Poland,28,1995,2.0,74,79,93.7,1240,443,29,29,100.0,43,45,95.6,0,2,0.0,0,0.0,0.0,0.0,0,2,0,0,0,Matches,PaDFpl281995
98,Kevin De Bruyne,MF,be Belgium,32,1991,4.0,164,227,72.2,2849,940,75,96,78.1,62,76,81.6,18,34,52.9,0,1.6,0.9,-1.6,12,21,6,0,28,Matches,KeMFbe321991
99,Charles De Ketelaere,FW,be Belgium,22,2001,0.0,0,0,,0,0,0,0,,0,0,,0,0,,0,0.0,0.0,0.0,0,0,0,0,0,Matches,ChFWbe222001
100,Zeno Debast,DF,be Belgium,20,2003,1.2,97,109,89.0,1903,719,27,30,90.0,59,61,96.7,10,14,71.4,0,0.1,0.1,-0.1,1,7,0,0,3,Matches,ZeDFbe202003
101,Thomas Delaney,MF,dk Denmark,32,1991,0.9,22,35,62.9,299,116,16,20,80.0,5,9,55.6,1,4,25.0,0,0.2,0.2,-0.2,1,2,1,0,4,Matches,ThMFdk321991
102,Ousmane Dembélé,FW/MF,fr France,26,1997,4.0,119,176,67.6,2066,465,69,83,83.1,33,49,67.3,16,32,50.0,0,1.2,0.9,-1.2,14,6,8,2,14,Matches,OuFWfr261997
103,Merih Demiral,DF,tr Türkiye,25,1998,2.3,82,94,87.2,1446,423,33,34,97.1,44,47,93.6,4,11,36.4,0,0.0,0.0,0.0,1,4,1,0,4,Matches,MeDFtr251998
104,Giovanni Di Lorenzo,DF/FW,it Italy,30,1993,4.0,285,323,88.2,4136,1190,162,170,95.3,108,123,87.8,7,18,38.9,0,0.0,0.2,0.0,0,20,1,0,23,Matches,GiDFit301993
105,Rúben Dias,DF,pt Portugal,26,1997,4.7,382,411,92.9,6567,2032,177,181,97.8,186,202,92.1,17,24,70.8,0,0.1,0.2,-0.1,1,28,1,1,22,Matches,RúDFpt261997
106,Federico Dimarco,DF/FW,it Italy,26,1997,2.5,99,125,79.2,1437,396,52,56,92.9,38,46,82.6,4,9,44.4,0,0.3,0.3,-0.3,3,3,2,2,5,Matches,FeDFit261997
107,Berat Djimsiti,DF,al Albania,30,1993,3.0,127,144,88.2,2147,696,64,67,95.5,56,62,90.3,6,10,60.0,0,0.0,0.0,0.0,1,3,0,0,6,Matches,BeDFal301993
108,Jeremy Doku,FW/MF,be Belgium,21,2002,3.6,89,113,78.8,1212,292,61,68,89.7,25,34,73.5,2,5,40.0,0,0.6,1.2,-0.6,8,3,4,0,10,Matches,JeFWbe212002
109,Kasper Dolberg,FW,dk Denmark,26,1997,0.4,7,10,70.0,122,11,5,8,62.5,0,0,,1,1,100.0,0,0.0,0.0,0.0,0,0,0,0,0,Matches,KaFWdk261997
110,Gianluigi Donnarumma,GK,it Italy,24,1999,4.0,87,102,85.3,1944,1212,23,23,100.0,44,44,100.0,19,34,55.9,0,0.0,0.0,0.0,0,1,0,0,0,Matches,GiGKit241999
111,David Doudera,FW,cz Czechia,25,1998,1.0,18,24,75.0,268,126,10,10,100.0,7,9,77.8,0,4,0.0,0,0.0,0.0,0.0,0,2,0,0,2,Matches,DaFWcz251998
112,Artem Dovbyk,FW,ua Ukraine,26,1997,2.7,27,34,79.4,345,32,20,23,87.0,6,7,85.7,1,1,100.0,0,0.6,0.3,-0.6,6,0,2,0,2,Matches,ArFWua261997
113,Denis Drăguș,FW,ro Romania,24,1999,3.2,35,54,64.8,428,57,21,33,63.6,9,13,69.2,1,1,100.0,0,0.1,0.0,-0.1,2,0,2,1,3,Matches,DeFWro241999
114,Radu Drăgușin,DF,ro Romania,21,2002,4.0,90,106,84.9,1718,407,33,35,94.3,44,49,89.8,13,22,59.1,0,0.0,0.0,0.0,0,2,0,0,3,Matches,RaDFro212002
115,Vanja Drkušič,DF,si Slovenia,24,1999,4.3,84,109,77.1,1790,677,20,24,83.3,50,59,84.7,13,24,54.2,0,0.1,0.1,-0.1,1,4,1,1,3,Matches,VaDFsi241999
116,Kwadwo Duah,FW,ch Switzerland,26,1997,1.2,13,25,52.0,154,56,9,10,90.0,3,10,30.0,0,1,0.0,0,0.0,0.0,0.0,0,0,0,0,1,Matches,KwFWch261997
117,Martin Dúbravka,GK,sk Slovakia,35,1989,4.3,108,162,66.7,2735,1977,28,29,96.6,57,60,95.0,23,72,31.9,0,0.0,0.0,0.0,0,2,0,0,0,Matches,MaGKsk351989
118,Ondrej Duda,MF,sk Slovakia,29,1994,3.5,138,170,81.2,2185,357,65,73,89.0,55,66,83.3,8,17,47.1,0,0.1,0.2,-0.1,3,10,0,0,9,Matches,OnMFsk291994
119,Denzel Dumfries,DF,nl Netherlands,27,1996,5.0,220,271,81.2,3585,921,104,117,88.9,102,120,85.0,10,24,41.7,0,0.7,0.5,-0.7,5,14,4,3,19,Matches,DeDFnl271996
120,Dávid Ďuriš,FW/MF,sk Slovakia,24,1999,0.3,1,2,50.0,23,11,0,0,,1,1,100.0,0,0,,0,0.0,0.0,0.0,0,0,0,0,1,Matches,DáFWsk241999
121,Lasha Dvali,DF,ge Georgia,28,1995,4.0,115,132,87.1,1896,787,53,57,93.0,51,57,89.5,7,11,63.6,0,0.0,0.0,0.0,0,6,0,0,8,Matches,LaDFge281995
122,Timi Elšnik,MF,si Slovenia,25,1998,4.0,87,117,74.4,1603,527,36,43,83.7,41,54,75.9,10,17,58.8,1,0.5,0.4,0.5,3,17,2,1,11,Matches,TiMFsi251998
123,Breel Embolo,FW,ch Switzerland,26,1997,3.3,39,46,84.8,539,121,24,28,85.7,11,13,84.6,2,2,100.0,0,0.2,0.3,-0.2,2,2,2,0,6,Matches,BrFWch261997
124,Christian Eriksen,MF/FW,dk Denmark,31,1992,3.9,159,215,74.0,2480,763,90,103,87.4,43,59,72.9,16,33,48.5,0,0.8,1.1,-0.8,16,10,2,0,17,Matches,ChMFdk311992
125,Eberechi Eze,DF/MF,eng England,25,1998,1.1,30,40,75.0,518,84,13,18,72.2,13,15,86.7,3,5,60.0,0,0.0,0.0,0.0,0,1,0,0,1,Matches,EbDFen251998
126,Wout Faes,DF,be Belgium,25,1998,4.0,255,290,87.9,4410,1350,108,116,93.1,129,137,94.2,15,29,51.7,0,0.0,0.1,0.0,0,14,2,0,9,Matches,WoDFbe251998
127,Nicolò Fagioli,MF,it Italy,22,2001,1.1,87,104,83.7,1406,244,36,40,90.0,42,49,85.7,6,11,54.5,0,0.0,0.1,0.0,1,8,1,0,6,Matches,NiMFit222001
128,João Félix,MF/FW,pt Portugal,24,1999,1.2,67,77,87.0,1020,232,42,45,93.3,20,22,90.9,4,8,50.0,0,0.4,0.3,-0.4,4,3,3,1,6,Matches,JoMFpt241999
129,Bruno Fernandes,MF,pt Portugal,29,1994,4.2,221,297,74.4,4021,1096,94,111,84.7,102,123,82.9,24,53,45.3,0,0.8,1.1,-0.8,8,27,9,3,39,Matches,BrMFpt291994
130,Attila Fiola,DF,hu Hungary,33,1990,2.0,57,73,78.1,1074,521,22,28,78.6,28,33,84.8,7,12,58.3,0,0.0,0.0,0.0,1,4,0,0,3,Matches,AtDFhu331990
131,Phil Foden,FW/MF,eng England,23,2000,6.9,310,368,84.2,4338,539,196,209,93.8,82,98,83.7,17,37,45.9,0,0.5,0.4,-0.5,6,21,5,1,22,Matches,PhFWen232000
132,Youssouf Fofana,MF,fr France,25,1999,0.5,25,29,86.2,448,111,11,13,84.6,12,13,92.3,2,2,100.0,0,0.0,0.1,0.0,0,0,1,0,2,Matches,YoMFfr251999
133,Michael Folorunsho,FW,it Italy,25,1998,0.0,0,2,0.0,0,0,0,0,,0,2,0.0,0,0,,0,0.0,0.0,0.0,0,0,0,0,0,Matches,MiFWit251998
134,Przemysław Frankowski,DF,pl Poland,28,1995,3.0,92,125,73.6,1415,695,60,65,92.3,25,34,73.5,7,17,41.2,0,0.4,0.3,-0.4,4,6,2,2,11,Matches,PrDFpl281995
135,Davide Frattesi,MF,it Italy,24,1999,2.1,44,60,73.3,519,107,29,34,85.3,9,11,81.8,1,2,50.0,0,0.0,0.0,0.0,0,2,1,1,4,Matches,DaMFit241999
136,Remo Freuler,MF,ch Switzerland,31,1992,5.1,204,233,87.6,2692,691,135,147,91.8,63,73,86.3,2,2,100.0,2,0.6,0.8,1.4,3,23,2,0,22,Matches,ReMFch311992
137,Jeremie Frimpong,FW,nl Netherlands,23,2000,1.0,21,25,84.0,307,29,12,13,92.3,9,10,90.0,0,1,0.0,0,0.1,0.0,-0.1,1,0,2,0,2,Matches,JeFWnl232000
138,Chris Führich,FW,de Germany,26,1998,0.2,13,14,92.9,200,48,7,8,87.5,6,6,100.0,0,0,,0,0.0,0.1,0.0,0,1,1,0,2,Matches,ChFWde261998
139,Niclas Füllkrug,FW,de Germany,30,1993,1.8,25,37,67.6,266,70,20,26,76.9,4,8,50.0,0,0,,0,0.6,0.6,-0.6,7,2,1,0,4,Matches,NiFWde301993
140,Mijat Gaćinović,DF,rs Serbia,28,1995,0.5,16,24,66.7,346,41,5,6,83.3,6,10,60.0,5,8,62.5,0,0.0,0.0,0.0,0,1,0,0,0,Matches,MijDFrs281995
141,Cody Gakpo,FW,nl Netherlands,24,1999,5.8,93,133,69.9,1379,418,46,61,75.4,36,45,80.0,5,14,35.7,1,2.0,1.9,-1.0,12,3,9,4,11,Matches,CoFWnl241999
142,Conor Gallagher,MF,eng England,23,2000,1.3,45,51,88.2,559,85,34,38,89.5,10,11,90.9,0,0,,0,0.0,0.0,0.0,0,3,0,0,1,Matches,CoMFen232000
143,Dániel Gazdag,MF,hu Hungary,27,1996,0.0,3,3,100.0,31,8,3,3,100.0,0,0,,0,0,,0,0.0,0.2,0.0,0,0,0,0,0,Matches,DáMFhu271996
144,Lutsharel Geertruida,DF,nl Netherlands,23,2000,1.2,74,81,91.4,1229,354,36,38,94.7,34,37,91.9,2,3,66.7,0,0.1,0.1,-0.1,1,3,1,1,5,Matches,LuDFnl232000
145,Billy Gilmour,MF,sct Scotland,22,2001,2.0,95,113,84.1,1403,288,51,57,89.5,35,40,87.5,4,6,66.7,0,0.0,0.0,0.0,0,5,0,0,7,Matches,BiMFsc222001
146,Olivier Giroud,FW,fr France,37,1986,0.7,8,13,61.5,69,8,7,10,70.0,0,1,0.0,0,0,,0,0.0,0.1,0.0,2,0,0,0,0,Matches,OlFWfr371986
147,Klaus Gjasula,MF,al Albania,34,1989,0.2,7,11,63.6,98,53,4,6,66.7,3,4,75.0,0,0,,0,0.0,0.0,0.0,0,0,1,0,3,Matches,KlMFal341989
148,Adam Gnezda Čerin,MF,si Slovenia,24,1999,4.3,127,164,77.4,2135,610,57,63,90.5,59,73,80.8,10,24,41.7,0,0.0,0.1,0.0,2,6,0,0,11,Matches,AdMFsi241999
149,Anthony Gordon,FW,eng England,22,2001,0.0,3,3,100.0,47,19,1,1,100.0,2,2,100.0,0,0,,0,0.0,0.0,0.0,1,1,0,0,1,Matches,AnFWen222001
150,Jon Gorenc Stanković,MF,si Slovenia,28,1996,1.0,16,23,69.6,259,106,6,6,100.0,8,11,72.7,1,3,33.3,0,0.0,0.0,0.0,0,5,1,0,5,Matches,JoMFsi281996
151,Michael Gregoritsch,FW,at Austria,29,1994,1.4,23,32,71.9,303,73,16,23,69.6,5,6,83.3,2,2,100.0,0,0.0,0.1,0.0,0,3,1,1,3,Matches,MiFWat291994
152,Antoine Griezmann,MF/FW,fr France,32,1991,4.4,151,194,77.8,2490,638,76,84,90.5,52,70,74.3,16,27,59.3,0,0.3,0.6,-0.3,9,18,9,2,24,Matches,AnMFfr321991
153,Florian Grillitsch,MF,at Austria,28,1995,2.2,135,162,83.3,2457,519,60,68,88.2,61,67,91.0,13,19,68.4,1,0.1,0.2,0.9,1,22,2,0,22,Matches,FlMFat281995
154,Álex Grimaldo,DF,es Spain,28,1995,1.3,88,102,86.3,1205,312,57,59,96.6,23,29,79.3,5,11,45.5,0,0.6,0.5,-0.6,7,3,7,5,6,Matches,ÁlDFes281995
155,Pascal Groß,MF,de Germany,32,1991,0.5,65,69,94.2,1012,231,35,35,100.0,27,28,96.4,2,4,50.0,0,0.0,0.1,0.0,0,8,1,0,5,Matches,PaMFde321991
156,Kamil Grosicki,MF,pl Poland,35,1988,0.2,1,5,20.0,24,0,0,2,0.0,1,2,50.0,0,1,0.0,0,0.0,0.0,0.0,0,0,0,0,0,Matches,KaMFpl351988
157,Nemanja Gudelj,MF,rs Serbia,32,1991,1.0,61,64,95.3,990,275,28,30,93.3,25,25,100.0,6,7,85.7,0,0.0,0.0,0.0,0,2,0,0,7,Matches,NeMFrs321991
158,Marc Guéhi,DF,eng England,23,2000,6.3,419,448,93.5,7252,2148,165,173,95.4,232,241,96.3,17,27,63.0,1,0.1,0.4,0.9,1,18,0,0,18,Matches,MaDFen232000
159,Péter Gulácsi,GK,hu Hungary,33,1990,3.0,74,97,76.3,1948,1186,14,14,100.0,40,42,95.2,20,41,48.8,0,0.0,0.0,0.0,0,1,0,0,0,Matches,PaGulGKhu331990
160,Arda Güler,FW/MF,tr Türkiye,18,2005,3.8,162,197,82.2,2656,563,84,88,95.5,59,70,84.3,14,31,45.2,2,1.4,1.2,0.6,8,12,4,2,20,Matches,ArFWtr182005
161,İlkay Gündoğan,MF,de Germany,33,1990,4.3,142,167,85.0,2113,493,78,87,89.7,48,57,84.2,10,12,83.3,1,0.2,0.9,0.8,2,9,2,0,21,Matches,İlMFde331990
162,Angus Gunn,GK,sct Scotland,28,1996,3.0,72,117,61.5,2396,2074,20,20,100.0,21,21,100.0,31,76,40.8,0,0.0,0.0,0.0,0,3,0,0,0,Matches,AnGKsc281996
163,Mert Günok,GK,tr Türkiye,34,1989,4.0,83,129,64.3,2579,1794,7,7,100.0,47,47,100.0,29,74,39.2,0,0.0,0.0,0.0,0,2,0,0,0,Matches,MeGKtr341989
164,Joško Gvardiol,DF,hr Croatia,22,2002,3.0,144,158,91.1,2267,468,78,82,95.1,53,57,93.0,11,15,73.3,0,0.0,0.2,0.0,0,17,3,0,15,Matches,JoDFhr222002
165,Giorgi Gwelesiani,DF,ge Georgia,32,1991,1.8,26,36,72.2,387,147,16,17,94.1,6,10,60.0,3,8,37.5,0,0.0,0.0,0.0,0,1,0,0,1,Matches,GiDFge321991
166,Norbert Gyömbér,DF,sk Slovakia,31,1992,0.4,35,36,97.2,639,273,13,13,100.0,20,20,100.0,1,2,50.0,0,0.1,0.2,-0.1,1,7,1,1,4,Matches,NoDFsk311992
167,Ianis Hagi,MF,ro Romania,25,1998,2.1,41,67,61.2,522,89,33,38,86.8,7,14,50.0,1,11,9.1,0,0.1,0.1,-0.1,2,4,1,0,3,Matches,IaMFro251998
168,Dávid Hancko,DF,sk Slovakia,26,1997,4.1,134,188,71.3,1982,891,67,78,85.9,54,75,72.0,5,17,29.4,0,0.0,0.1,0.0,1,11,3,1,20,Matches,DáDFsk261997
169,Grant Hanley,DF,sct Scotland,32,1991,2.5,112,136,82.4,1785,659,52,57,91.2,52,63,82.5,5,12,41.7,0,0.1,0.1,-0.1,1,2,0,0,4,Matches,GrDFsc321991
170,Lukáš Haraslín,FW,sk Slovakia,27,1996,2.9,50,71,70.4,654,226,31,33,93.9,13,21,61.9,3,9,33.3,1,0.6,0.7,0.4,7,0,2,1,2,Matches,LuFWsk271996
171,Kai Havertz,FW/MF,de Germany,24,1999,4.3,95,116,81.9,1150,213,59,67,88.1,26,31,83.9,1,1,100.0,1,0.3,0.5,0.7,2,1,4,0,11,Matches,KaFWde241999
172,Jack Hendry,DF,sct Scotland,28,1995,2.9,105,131,80.2,1968,738,39,45,86.7,55,66,83.3,10,16,62.5,0,0.0,0.0,0.0,0,9,0,0,6,Matches,JaDFsc281995
173,Benjamin Henrichs,DF,de Germany,26,1997,0.1,4,5,80.0,93,83,1,2,50.0,2,2,100.0,1,1,100.0,0,0.0,0.0,0.0,0,0,0,0,2,Matches,BeDFde261997
174,Theo Hernández,DF,fr France,26,1997,6.3,354,394,89.8,4830,1490,227,236,96.2,115,125,92.0,6,17,35.3,0,1.0,0.9,-1.0,6,29,3,1,38,Matches,ThDFfr261997
175,Morten Hjulmand,MF,dk Denmark,24,1999,2.7,192,217,88.5,2595,552,125,137,91.2,51,55,92.7,6,9,66.7,0,0.1,0.2,-0.1,4,11,0,0,18,Matches,MoMFdk241999
176,Adam Hložek,MF,cz Czechia,21,2002,1.2,15,16,93.8,205,56,10,11,90.9,4,4,100.0,1,1,100.0,0,0.0,0.1,0.0,0,1,0,0,1,Matches,AdMFcz212002
177,Tomáš Holeš,DF,cz Czechia,30,1993,3.0,92,121,76.0,1900,750,28,30,93.3,53,61,86.9,10,26,38.5,0,0.0,0.1,0.0,1,12,2,2,8,Matches,ToDFcz301993
178,Arbër Hoxha,FW/MF,al Albania,25,1998,0.6,15,21,71.4,182,46,13,16,81.3,1,1,100.0,1,1,100.0,0,0.0,0.1,0.0,1,0,1,0,1,Matches,ArFWal251998
179,Robin Hranáč,DF,cz Czechia,24,2000,3.0,74,86,86.0,1491,625,20,21,95.2,46,52,88.5,8,13,61.5,1,0.5,0.0,0.5,2,13,0,0,8,Matches,RoDFcz242000
180,Elseid Hysaj,DF,al Albania,29,1994,2.0,48,59,81.4,846,315,23,25,92.0,17,21,81.0,8,12,66.7,0,0.1,0.2,-0.1,2,3,0,0,5,Matches,ElDFal291994
181,Pierre Højbjerg,MF,dk Denmark,28,1995,3.9,268,302,88.7,4206,1212,145,157,92.4,93,101,92.1,21,31,67.7,0,0.3,0.4,-0.3,4,27,6,1,33,Matches,PiMFdk281995
182,Rasmus Højlund,FW,dk Denmark,20,2003,3.2,43,55,78.2,452,47,26,30,86.7,8,10,80.0,0,1,0.0,0,0.1,0.1,-0.1,4,0,2,0,3,Matches,RaFWdk202003
183,Ivan Ilić,MF,rs Serbia,22,2001,2.2,139,149,93.3,2344,577,63,70,90.0,61,63,96.8,11,12,91.7,1,0.3,0.3,0.7,3,13,1,1,13,Matches,IvMFrs222001
184,Josip Iličić,FW/MF,si Slovenia,36,1988,0.3,7,11,63.6,109,29,4,6,66.7,3,4,75.0,0,0,,0,0.0,0.0,0.0,0,1,0,0,0,Matches,JoFWsi361988
185,Gonçalo Inácio,DF,pt Portugal,22,2001,1.3,134,150,89.3,2012,716,74,80,92.5,58,63,92.1,2,5,40.0,0,0.0,0.1,0.0,0,35,0,0,25,Matches,GoDFpt222001
186,Luka Ivanušec,MF,hr Croatia,25,1998,0.2,7,11,63.6,81,29,4,5,80.0,2,3,66.7,0,1,0.0,0,0.0,0.0,0.0,0,0,0,0,0,Matches,LuMFhr251998
187,Erik Janža,DF,si Slovenia,30,1993,3.0,77,114,67.5,1537,607,25,32,78.1,41,50,82.0,10,27,37.0,0,0.6,0.9,-0.6,3,6,1,0,11,Matches,ErDFsi301993
188,Jorginho,MF,it Italy,32,1991,2.4,217,238,91.2,3165,754,121,131,92.4,72,77,93.5,15,21,71.4,0,0.0,0.2,0.0,1,12,7,0,18,Matches,JoMFit321991
189,Joselu,FW,es Spain,33,1990,1.0,15,18,83.3,208,3,7,9,77.8,4,5,80.0,2,2,100.0,0,0.0,0.0,0.0,0,0,0,0,0,Matches,JoFWes331990
190,Diogo Jota,FW/MF,pt Portugal,27,1996,1.1,24,35,68.6,350,78,15,20,75.0,8,11,72.7,1,3,33.3,0,0.3,0.2,-0.3,3,1,2,0,2,Matches,DiFWpt271996
191,Luka Jović,MF/FW,rs Serbia,26,1997,1.1,14,19,73.7,233,10,5,7,71.4,8,8,100.0,0,2,0.0,0,0.0,0.0,0.0,1,1,0,0,1,Matches,LuMFrs261997
192,Josip Juranović,DF,hr Croatia,28,1995,1.0,53,65,81.5,860,247,32,37,86.5,16,20,80.0,5,6,83.3,0,0.2,0.4,-0.2,2,3,4,3,3,Matches,JoDFhr281995
193,David Jurásek,DF,cz Czechia,23,2000,1.8,45,75,60.0,813,269,25,29,86.2,14,23,60.9,6,19,31.6,0,0.4,0.2,-0.4,3,3,4,3,2,Matches,DaDFcz232000
194,Matěj Jurásek,DF/MF,cz Czechia,20,2003,0.5,13,26,50.0,201,89,7,8,87.5,4,10,40.0,1,6,16.7,0,0.0,0.1,0.0,1,0,2,0,2,Matches,MaDFcz202003
195,Ferdi Kadioglu,DF/MF,tr Türkiye,24,1999,5.0,239,277,86.3,3681,989,126,137,92.0,93,109,85.3,15,20,75.0,0,0.9,0.4,-0.9,12,17,6,2,24,Matches,FeDFtr241999
196,İrfan Kahveci,FW,tr Türkiye,28,1995,0.1,0,0,,0,0,0,0,,0,0,,0,0,,0,0.0,0.0,0.0,0,0,0,0,0,Matches,İrFWtr281995
197,Otar Kakabadze,DF/MF,ge Georgia,28,1995,4.0,124,171,72.5,2058,903,65,81,80.2,37,50,74.0,13,22,59.1,0,0.6,0.3,-0.6,2,4,4,1,12,Matches,OtDFge281995
198,Harry Kane,FW,eng England,30,1993,6.7,71,104,68.3,1483,418,27,37,73.0,28,36,77.8,12,17,70.6,0,0.3,0.2,-0.3,5,6,7,1,18,Matches,HaFWen301993
199,N'Golo Kanté,MF,fr France,32,1991,5.7,289,325,88.9,4395,1268,154,167,92.2,116,123,94.3,12,16,75.0,0,1.4,1.2,-1.4,10,41,8,1,44,Matches,N'MFfr321991
200,Žan Karničnik,DF,si Slovenia,29,1994,4.3,143,190,75.3,2416,974,65,77,84.4,60,68,88.2,14,31,45.2,0,0.0,0.0,0.0,0,9,1,0,7,Matches,ŽaDFsi291994
201,Guram Kashia,DF,ge Georgia,36,1987,4.0,93,114,81.6,1862,792,23,27,85.2,64,72,88.9,5,14,35.7,0,0.0,0.0,0.0,0,2,1,0,2,Matches,GuDFge361987
202,Milos Kerkez,DF,hu Hungary,20,2003,2.6,47,77,61.0,715,166,26,37,70.3,18,26,69.2,3,9,33.3,0,0.1,0.0,-0.1,1,2,1,1,5,Matches,MiDFhu202003
203,Semih Kılıçsoy,FW,tr Türkiye,18,2005,0.0,1,1,100.0,22,16,0,0,,1,1,100.0,0,0,,0,0.0,0.0,0.0,0,0,0,0,0,Matches,SeFWtr182005
204,Joshua Kimmich,DF,de Germany,28,1995,5.3,363,409,88.8,5675,1565,202,212,95.3,141,160,88.1,15,26,57.7,2,1.4,1.5,0.6,15,28,16,6,39,Matches,JoDFde281995
205,Otar Kiteishvili,MF,ge Georgia,27,1996,1.4,45,53,84.9,632,245,22,26,84.6,18,21,85.7,2,3,66.7,0,0.0,0.0,0.0,1,2,1,0,2,Matches,OtMFge271996
206,Jakub Kiwior,DF,pl Poland,23,2000,3.0,127,153,83.0,1993,970,67,74,90.5,51,59,86.4,5,11,45.5,0,0.2,0.2,-0.2,3,7,0,0,4,Matches,JaDFpl232000
207,László Kleinheisler,MF,hu Hungary,29,1994,0.6,16,17,94.1,258,18,7,8,87.5,7,7,100.0,1,1,100.0,0,0.0,0.0,0.0,0,0,0,0,2,Matches,LáMFhu291994
208,Giorgi Kochorashvili,MF,ge Georgia,24,1999,4.0,159,176,90.3,2711,997,73,79,92.4,59,65,90.8,18,20,90.0,1,0.4,0.3,0.6,2,11,2,0,18,Matches,GiMFge241999
209,Orkun Kökçü,MF,tr Türkiye,23,2000,2.5,94,123,76.4,1316,371,56,65,86.2,31,42,73.8,3,9,33.3,2,1.1,0.1,0.9,4,11,2,1,11,Matches,OrMFtr232000
210,Randal Kolo Muani,FW,fr France,25,1998,2.2,27,38,71.1,393,89,19,26,73.1,4,5,80.0,2,2,100.0,0,0.0,0.1,0.0,1,2,0,0,2,Matches,RaFWfr251998
211,Yukhym Konoplia,DF,ua Ukraine,24,1999,0.8,32,42,76.2,544,137,14,17,82.4,17,21,81.0,1,4,25.0,0,0.0,0.0,0.0,0,2,0,0,3,Matches,YuDFua241999
212,Ezri Konsa,DF,eng England,26,1997,1.0,48,50,96.0,769,131,21,21,100.0,24,25,96.0,3,4,75.0,0,0.0,0.0,0.0,0,1,0,0,2,Matches,EzDFen261997
213,Filip Kostić,DF,rs Serbia,31,1992,0.5,8,15,53.3,129,13,2,3,66.7,4,7,57.1,1,4,25.0,0,0.0,0.0,0.0,0,0,0,0,0,Matches,FiDFrs311992
214,Jules Koundé,DF,fr France,25,1998,6.3,332,392,84.7,5255,1737,187,207,90.3,128,147,87.1,14,25,56.0,0,0.9,0.9,-0.9,11,25,9,3,36,Matches,JuDFfr251998
215,Mateo Kovačić,MF,hr Croatia,29,1994,2.5,156,168,92.9,2341,505,88,91,96.7,60,63,95.2,5,9,55.6,0,0.1,0.7,-0.1,4,19,2,0,11,Matches,MaMFhr291994
216,Matej Kovar,GK,cz Czechia,23,2000,0.4,9,18,50.0,405,342,0,0,,2,2,100.0,7,16,43.8,0,0.0,0.0,0.0,0,2,0,0,0,Matches,MaGKcz232000
217,Andrej Kramarić,FW,hr Croatia,32,1991,2.7,71,89,79.8,998,114,50,55,90.9,17,24,70.8,3,7,42.9,0,0.2,0.2,-0.2,6,1,3,1,7,Matches,AnFWhr321991
218,Ladislav Krejčí,DF,cz Czechia,24,1999,3.0,122,143,85.3,2356,698,40,45,88.9,71,79,89.9,11,19,57.9,0,0.0,0.1,0.0,2,14,2,0,19,Matches,LaDFcz241999
219,Toni Kroos,MF,de Germany,34,1990,5.2,498,551,90.4,8494,3543,243,249,97.6,189,202,93.6,52,82,63.4,0,0.8,1.2,-0.8,15,74,6,1,67,Matches,ToMFde341990
220,Jan Kuchta,FW,cz Czechia,27,1997,1.1,11,15,73.3,172,53,5,8,62.5,6,7,85.7,0,0,,0,0.0,0.0,0.0,0,1,0,0,3,Matches,JaFWcz271997
221,Juraj Kucka,MF,sk Slovakia,36,1987,3.9,93,123,75.6,1168,262,63,70,90.0,21,28,75.0,3,12,25.0,1,0.5,0.3,0.5,4,6,4,2,6,Matches,JuMFsk361987
222,Jasmin Kurtić,FW,si Slovenia,35,1989,0.0,0,0,,0,0,0,0,,0,0,,0,0,,0,0.0,0.0,0.0,0,0,0,0,0,Matches,JaFWsi351989
223,Khvicha Kvaratskhelia,FW,ge Georgia,22,2001,3.8,68,86,79.1,903,221,44,47,93.6,19,20,95.0,2,14,14.3,0,0.6,0.5,-0.6,8,3,5,1,10,Matches,KhFWge222001
224,Nika Kvekveskiri,MF,ge Georgia,31,1992,0.1,13,15,86.7,165,52,9,10,90.0,4,5,80.0,0,0,,0,0.0,0.0,0.0,0,0,0,0,0,Matches,NiMFge311992
225,Giorgi Kvilitaia,FW,ge Georgia,30,1993,0.0,2,3,66.7,10,0,1,2,50.0,0,0,,0,0,,0,0.0,0.0,0.0,0,0,0,0,0,Matches,GiFWge301993
226,Saba Kvirkvelia,DF,ge Georgia,31,1992,2.0,52,61,85.2,962,375,21,23,91.3,27,29,93.1,4,8,50.0,0,0.0,0.0,0.0,0,3,0,0,5,Matches,SaDFge311992
227,Qazim Laçi,MF/FW,al Albania,28,1996,1.8,36,52,69.2,557,93,20,26,76.9,8,10,80.0,6,11,54.5,0,0.1,0.0,-0.1,3,2,2,1,4,Matches,QaMFal281996
228,Konrad Laimer,MF/FW,at Austria,26,1997,3.0,107,126,84.9,1690,502,52,57,91.2,48,53,90.6,3,3,100.0,0,0.0,0.1,0.0,1,14,1,0,17,Matches,KoMFat261997
229,Ádám Lang,DF,hu Hungary,31,1993,0.5,13,19,68.4,208,121,7,9,77.8,5,8,62.5,1,2,50.0,0,0.0,0.0,0.0,0,1,0,0,2,Matches,ÁdDFhu311993
230,Aymeric Laporte,DF,es Spain,29,1994,5.8,446,483,92.3,7994,2383,182,188,96.8,230,243,94.7,32,45,71.1,0,0.1,0.2,-0.1,2,56,3,1,46,Matches,AyDFes291994
231,Robin Le Normand,DF,es Spain,27,1996,4.9,320,344,93.0,5848,1705,102,107,95.3,203,210,96.7,14,25,56.0,0,0.0,0.1,0.0,1,31,0,0,19,Matches,RoDFes271996
232,Rafael Leão,FW,pt Portugal,24,1999,3.2,85,112,75.9,1257,312,52,63,82.5,31,40,77.5,2,4,50.0,0,0.5,0.4,-0.5,5,9,6,3,13,Matches,RaFWpt241999
233,Robert Lewandowski,FW,pl Poland,35,1988,1.3,19,23,82.6,276,46,12,12,100.0,4,6,66.7,2,4,50.0,0,0.1,0.1,-0.1,1,0,1,0,2,Matches,RoFWpl351988
234,Philipp Lienhart,DF,at Austria,27,1996,2.4,113,125,90.4,2347,693,28,32,87.5,59,62,95.2,20,23,87.0,0,0.0,0.0,0.0,0,14,0,0,8,Matches,PhDFat271996
235,Ondřej Lingr,MF/FW,cz Czechia,25,1998,0.9,21,27,77.8,265,62,13,13,100.0,6,8,75.0,0,2,0.0,0,0.0,0.0,0.0,0,0,0,0,2,Matches,OnMFcz251998
236,Dominik Livaković,GK,hr Croatia,29,1995,3.0,69,93,74.2,1660,1191,24,24,100.0,30,30,100.0,15,39,38.5,0,0.0,0.0,0.0,0,0,0,0,0,Matches,DoGKhr291995
237,Stanislav Lobotka,MF,sk Slovakia,29,1994,4.3,228,243,93.8,3561,1007,132,140,94.3,77,82,93.9,15,16,93.8,0,0.1,0.1,-0.1,4,22,1,0,17,Matches,StMFsk291994
238,Saba Lobzhanidze,FW,ge Georgia,29,1994,0.1,0,1,0.0,0,0,0,1,0.0,0,0,,0,0,,0,0.0,0.0,0.0,0,0,0,0,0,Matches,SaFWge291994
239,Luka Lochoshvili,DF/MF,ge Georgia,25,1998,1.9,41,57,71.9,604,203,23,26,88.5,15,20,75.0,1,6,16.7,0,0.0,0.0,0.0,0,2,0,0,1,Matches,LuDFge251998
240,Fermin López,MF,es Spain,20,2003,0.3,8,10,80.0,148,61,5,6,83.3,1,1,100.0,2,2,100.0,0,0.0,0.0,0.0,0,0,0,0,1,Matches,FeMFes202003
241,Romelu Lukaku,FW,be Belgium,30,1993,4.0,38,57,66.7,425,88,27,36,75.0,4,8,50.0,3,5,60.0,1,0.2,0.3,0.8,5,0,2,0,3,Matches,RoFWbe301993
242,Dodi Lukebakio,FW/DF,be Belgium,26,1997,0.7,24,30,80.0,329,48,15,18,83.3,8,9,88.9,0,1,0.0,0,0.1,0.1,-0.1,2,0,0,0,1,Matches,DoFWbe261997
243,Saša Lukić,MF,rs Serbia,27,1996,2.3,142,150,94.7,2326,438,63,65,96.9,70,73,95.9,6,9,66.7,0,0.0,0.1,0.0,0,7,1,0,5,Matches,SaMFrs271996
244,Andriy Lunin,GK,ua Ukraine,24,1999,1.0,23,24,95.8,402,311,8,8,100.0,14,15,93.3,1,1,100.0,0,0.0,0.0,0.0,0,0,0,0,0,Matches,AnGKua241999
245,Mike Maignan,GK,fr France,28,1995,6.3,136,167,81.4,3153,1905,22,22,100.0,87,87,100.0,27,56,48.2,0,0.0,0.0,0.0,0,1,0,0,0,Matches,MiGKfr281995
246,Kobbie Mainoo,MF,eng England,18,2005,4.1,183,203,90.1,2624,412,112,116,96.6,52,61,85.2,9,11,81.8,0,0.0,0.5,0.0,3,15,4,0,13,Matches,KoMFen182005
247,Lovro Majer,FW/MF,hr Croatia,26,1998,1.6,92,101,91.1,1338,288,57,59,96.6,25,27,92.6,6,6,100.0,0,0.3,0.4,-0.3,3,4,4,1,11,Matches,LoFWhr261998
248,Donyell Malen,FW,nl Netherlands,25,1999,2.1,40,56,71.4,540,115,24,28,85.7,9,14,64.3,3,4,75.0,0,0.2,0.2,-0.2,4,3,3,1,7,Matches,DoFWnl251999
249,Ruslan Malinovskyi,MF,ua Ukraine,30,1993,0.4,24,28,85.7,491,155,10,11,90.9,10,10,100.0,4,7,57.1,0,0.3,0.1,-0.3,2,2,0,0,4,Matches,RuMFua301993
250,Giorgi Mamardashvili,GK,ge Georgia,23,2000,4.0,66,124,53.2,2102,1566,13,13,100.0,26,26,100.0,27,85,31.8,0,0.0,0.0,0.0,0,1,0,0,0,Matches,GiGKge232000
251,Dennis Man,MF,ro Romania,25,1998,3.0,51,83,61.4,744,195,36,47,76.6,12,20,60.0,3,8,37.5,2,1.0,0.7,1.0,4,2,3,1,5,Matches,DeMFro251998
252,Rey Manaj,FW,al Albania,26,1997,1.7,17,28,60.7,220,9,12,19,63.2,4,5,80.0,1,1,100.0,0,0.0,0.0,0.0,0,0,0,0,0,Matches,ReFWal261997
253,Gianluca Mancini,DF,it Italy,27,1996,1.0,60,66,90.9,904,270,32,33,97.0,25,28,89.3,2,4,50.0,0,0.0,0.0,0.0,0,5,0,0,0,Matches,GiDFit271996
254,Orel Mangala,MF,be Belgium,25,1998,1.5,68,70,97.1,973,193,41,41,100.0,24,25,96.0,1,1,100.0,0,0.2,0.1,-0.2,2,3,2,0,6,Matches,OrMFbe251998
255,Marius Marin,MF,ro Romania,25,1998,3.4,80,99,80.8,1310,415,37,44,84.1,35,38,92.1,5,13,38.5,0,0.2,0.3,-0.2,1,8,1,1,6,Matches,MaMFro251998
256,Răzvan Marin,MF,ro Romania,27,1996,3.9,86,109,78.9,1480,497,40,46,87.0,36,41,87.8,7,17,41.2,0,0.1,0.4,-0.1,2,10,1,0,11,Matches,RăMFro271996
257,Ádám Martin,FW/DF,hu Hungary,29,1994,0.5,10,17,58.8,123,8,7,9,77.8,3,7,42.9,0,0,,0,0.1,0.0,-0.1,1,0,0,0,0,Matches,ÁdFWhu291994
258,Mykola Matviyenko,DF,ua Ukraine,27,1996,3.0,212,231,91.8,4139,1466,70,73,95.9,120,121,99.2,22,32,68.8,0,0.2,0.3,-0.2,4,18,0,0,11,Matches,MyDFua271996
259,Kylian Mbappé,FW,fr France,25,1998,5.2,158,182,86.8,2456,531,96,104,92.3,45,52,86.5,14,15,93.3,1,0.7,1.0,0.3,3,13,10,1,27,Matches,KyFWfr251998
260,John McGinn,MF/FW,sct Scotland,29,1994,2.6,28,45,62.2,354,68,14,17,82.4,10,15,66.7,0,5,0.0,0,0.0,0.1,0.0,0,1,1,0,4,Matches,JoMFsc291994
261,Callum McGregor,MF,sct Scotland,30,1993,2.7,108,119,90.8,1698,233,49,55,89.1,51,53,96.2,3,3,100.0,1,0.1,0.1,0.9,2,5,1,0,5,Matches,CaMFsc301993
262,Scott McKenna,DF,sct Scotland,27,1996,1.5,75,93,80.6,1261,290,36,40,90.0,36,42,85.7,2,6,33.3,0,0.0,0.1,0.0,0,2,0,0,1,Matches,ScDFsc271996
263,Kenny McLean,MF,sct Scotland,32,1992,0.5,19,26,73.1,325,84,7,10,70.0,9,12,75.0,2,3,66.7,0,0.0,0.0,0.0,0,1,1,0,2,Matches,KeMFsc321992
264,Scott McTominay,MF,sct Scotland,27,1996,3.0,42,62,67.7,747,243,21,31,67.7,16,20,80.0,5,8,62.5,0,0.1,0.4,-0.1,2,2,1,0,4,Matches,ScMFsc271996
265,Anzor Mekvabishvili,MF,ge Georgia,22,2001,2.1,76,91,83.5,1298,425,36,41,87.8,32,34,94.1,5,9,55.6,0,0.0,0.1,0.0,0,6,0,0,8,Matches,AnMFge222001
266,Memphis,FW/MF,nl Netherlands,29,1994,5.1,113,163,69.3,1811,572,58,67,86.6,33,44,75.0,16,32,50.0,1,1.2,1.2,-0.2,11,12,5,1,13,Matches,MeFWnl291994
267,Nuno Mendes,DF,pt Portugal,21,2002,4.7,322,365,88.2,5173,1597,173,187,92.5,133,144,92.4,16,31,51.6,0,0.0,0.1,0.0,3,36,2,1,31,Matches,NuDFpt212002
268,Mikel Merino,MF/FW,es Spain,27,1996,2.0,107,131,81.7,1473,396,67,76,88.2,34,38,89.5,3,6,50.0,0,0.4,0.4,-0.4,4,13,2,0,17,Matches,MiMFes271996
269,Valentin Mihaila,MF,ro Romania,23,2000,1.3,21,27,77.8,337,85,14,17,82.4,3,5,60.0,4,5,80.0,0,0.0,0.0,0.0,0,2,1,0,2,Matches,VaMFro232000
270,Srđan Mijailović,DF,rs Serbia,30,1993,0.8,14,25,56.0,291,48,4,6,66.7,8,13,61.5,2,5,40.0,0,0.0,0.0,0.0,0,0,1,1,0,Matches,SrDFrs301993
271,Georges Mikautadze,FW,ge Georgia,23,2000,3.8,55,70,78.6,821,198,33,36,91.7,11,14,78.6,6,10,60.0,1,0.5,0.1,0.5,5,6,2,1,7,Matches,GeFWge232000
272,Nikola Milenković,DF,rs Serbia,26,1997,3.0,212,227,93.4,3843,1318,79,82,96.3,117,121,96.7,15,23,65.2,0,0.0,0.0,0.0,1,5,0,0,9,Matches,NiDFrs261997
273,Sergej Milinković-Savić,MF,rs Serbia,28,1995,1.3,63,76,82.9,1111,251,26,32,81.3,24,28,85.7,10,11,90.9,0,0.1,0.2,-0.1,2,6,3,2,7,Matches,SeMFrs281995
274,Mario Mitaj,DF,al Albania,20,2003,3.0,127,147,86.4,1744,851,76,84,90.5,46,51,90.2,4,7,57.1,0,0.0,0.0,0.0,0,3,1,0,6,Matches,MaDFal202003
275,Aleksandar Mitrović,FW,rs Serbia,29,1994,2.7,38,53,71.7,471,40,26,32,81.3,9,13,69.2,1,2,50.0,0,0.0,0.0,0.0,0,3,1,0,2,Matches,AlFWrs291994
276,Maximilian Mittelstädt,DF,de Germany,26,1997,3.4,182,217,83.9,2757,686,110,118,93.2,56,67,83.6,12,21,57.1,1,0.4,0.7,0.6,4,9,8,6,10,Matches,MaDFde261997
277,Filip Mladenović,DF,rs Serbia,32,1991,1.2,44,61,72.1,551,115,27,29,93.1,12,18,66.7,1,5,20.0,0,0.0,0.0,0.0,1,1,0,0,2,Matches,FiDFrs321991
278,Jan Mlakar,MF,si Slovenia,25,1998,3.3,37,62,59.7,572,139,22,30,73.3,14,23,60.9,1,7,14.3,0,0.0,0.1,0.0,1,1,2,1,6,Matches,JaMFsi251998
279,Jakub Moder,MF,pl Poland,24,1999,2.0,94,119,79.0,1306,433,55,60,91.7,35,45,77.8,2,7,28.6,0,0.0,0.1,0.0,0,5,1,0,8,Matches,JaMFpl241999
280,Luka Modrić,MF,hr Croatia,38,1985,2.6,190,221,86.0,2855,812,109,113,96.5,69,80,86.3,7,17,41.2,0,0.6,0.4,-0.6,3,34,3,0,21,Matches,LuMFhr381985
281,Vasile Mogos,DF,ro Romania,31,1992,0.4,6,6,100.0,79,50,4,4,100.0,2,2,100.0,0,0,,0,0.0,0.0,0.0,0,1,0,0,1,Matches,VaDFro311992
282,Álvaro Morata,FW,es Spain,31,1992,5.0,78,110,70.9,1027,172,54,71,76.1,16,22,72.7,3,5,60.0,1,0.5,0.5,0.5,5,7,3,1,6,Matches,ÁlFWes311992
283,Lewis Morgan,DF,sct Scotland,27,1996,0.0,1,2,50.0,9,0,1,1,100.0,0,0,,0,0,,0,0.0,0.0,0.0,0,0,0,0,0,Matches,LeDFsc271996
284,Ernest Muçi,FW,al Albania,22,2001,0.2,7,9,77.8,96,14,3,5,60.0,3,3,100.0,0,0,,0,0.0,0.0,0.0,0,0,0,0,0,Matches,ErFWal222001
285,Mykhailo Mudryk,FW/MF,ua Ukraine,23,2001,1.9,36,52,69.2,623,274,19,24,79.2,10,19,52.6,7,8,87.5,0,0.4,0.9,-0.4,5,1,4,1,7,Matches,MyFWua232001
286,Mert Müldür,DF/MF,tr Türkiye,24,1999,3.8,130,167,77.8,1853,598,75,87,86.2,46,59,78.0,4,12,33.3,0,0.0,0.1,0.0,1,11,4,0,12,Matches,MeDFtr241999
287,Thomas Müller,MF/FW,de Germany,34,1989,0.6,20,32,62.5,328,86,10,15,66.7,6,10,60.0,2,4,50.0,1,0.3,0.3,0.7,3,0,2,1,3,Matches,ThMFde341989
288,Jamal Musiala,FW,de Germany,20,2003,4.7,148,168,88.1,1790,389,104,116,89.7,32,34,94.1,3,5,60.0,0,0.2,0.6,-0.2,5,11,8,0,22,Matches,JaFWde202003
289,Phillipp Mwene,DF,at Austria,30,1994,2.2,91,109,83.5,1422,400,44,45,97.8,42,47,89.4,3,12,25.0,1,0.1,0.4,0.9,2,5,3,2,7,Matches,PhDFat301994
290,Vitaliy Mykolenko,DF,ua Ukraine,24,1999,0.6,14,19,73.7,268,98,7,7,100.0,5,6,83.3,2,4,50.0,0,0.1,0.1,-0.1,2,2,2,2,1,Matches,ViDFua241999
291,Joakim Mæhle,DF/MF,dk Denmark,26,1997,3.1,129,157,82.2,1807,530,83,89,93.3,37,48,77.1,6,13,46.2,0,0.4,0.2,-0.4,3,5,3,1,10,Matches,JoDFdk261997
292,Nacho,DF,es Spain,34,1990,2.9,127,135,94.1,2088,905,61,63,96.8,61,65,93.8,4,5,80.0,0,0.0,0.0,0.0,1,9,0,0,6,Matches,NaDFes341990
293,Ádám Nagy,MF,hu Hungary,28,1995,1.8,59,74,79.7,930,381,35,41,85.4,16,20,80.0,6,9,66.7,0,0.0,0.0,0.0,0,4,0,0,8,Matches,ÁdMFhu281995
294,Zsolt Nagy,DF,hu Hungary,30,1993,0.2,4,8,50.0,59,32,2,2,100.0,1,2,50.0,0,2,0.0,0,0.0,0.0,0.0,0,0,0,0,1,Matches,ZsDFhu301993
295,Jesús Navas,DF,es Spain,38,1985,1.7,56,71,78.9,967,137,22,25,88.0,24,28,85.7,6,11,54.5,0,0.2,0.3,-0.2,2,2,1,1,0,Matches,JeDFes381985
296,Dan Ndoye,MF/DF,ch Switzerland,23,2000,4.5,84,108,77.8,1228,198,48,54,88.9,31,39,79.5,2,6,33.3,0,0.1,0.2,-0.1,3,1,3,0,9,Matches,DaMFch232000
297,Pedro Neto,DF/FW,pt Portugal,23,2000,1.3,70,89,78.7,1024,201,46,55,83.6,20,26,76.9,4,8,50.0,0,0.0,0.1,0.0,1,4,3,2,5,Matches,PeDFpt232000
298,Manuel Neuer,GK,de Germany,37,1986,5.3,123,145,84.8,2900,1815,34,34,100.0,59,61,96.7,30,50,60.0,0,0.0,0.0,0.0,0,1,0,0,0,Matches,MaGKde371986
299,João Neves,MF,pt Portugal,19,2004,0.9,68,74,91.9,1004,216,42,45,93.3,20,21,95.2,3,3,100.0,0,0.0,0.1,0.0,0,8,0,0,8,Matches,JoMFpt192004
300,Rúben Neves,MF,pt Portugal,26,1997,1.4,100,117,85.5,1769,534,44,47,93.6,47,54,87.0,9,16,56.3,0,0.1,0.4,-0.1,1,16,1,0,12,Matches,RúMFpt261997
301,Florin Niță,GK,ro Romania,36,1987,4.0,87,148,58.8,2948,2293,13,14,92.9,28,28,100.0,46,106,43.4,0,0.0,0.0,0.0,0,1,0,0,0,Matches,FlGKro361987
302,Matheus Nunes,MF,pt Portugal,25,1998,0.2,16,18,88.9,241,32,11,11,100.0,4,4,100.0,1,3,33.3,0,0.0,0.0,0.0,1,1,1,0,1,Matches,MaMFpt251998
303,Christian Nørgaard,MF,dk Denmark,29,1994,0.4,34,42,81.0,475,124,23,27,85.2,11,12,91.7,0,2,0.0,0,0.0,0.1,0.0,1,5,1,0,3,Matches,ChMFdk291994
304,Adam Obert,DF,sk Slovakia,21,2002,0.3,22,27,81.5,337,131,10,12,83.3,12,12,100.0,0,2,0.0,0,0.0,0.0,0.0,0,0,1,0,5,Matches,AdDFsk212002
305,Jan Oblak,GK,si Slovenia,31,1993,4.3,79,128,61.7,2772,2182,14,14,100.0,23,23,100.0,42,91,46.2,0,0.0,0.0,0.0,0,4,0,0,0,Matches,JaGKsi311993
306,Darius Olaru,MF,ro Romania,25,1998,0.3,14,17,82.4,206,64,10,11,90.9,3,5,60.0,1,1,100.0,0,0.0,0.0,0.0,0,1,1,0,3,Matches,DaMFro251998
307,Dani Olmo,MF/FW,es Spain,25,1998,4.8,151,186,81.2,2323,536,80,93,86.0,51,61,83.6,12,17,70.6,2,1.3,1.3,0.7,11,13,9,2,21,Matches,DaMFes251998
308,Amadou Onana,MF,be Belgium,22,2001,4.0,216,240,90.0,3428,640,103,111,92.8,96,103,93.2,10,15,66.7,0,0.0,0.1,0.0,1,16,3,0,17,Matches,AmMFbe222001
309,Loïs Openda,FW,be Belgium,23,2000,0.8,3,7,42.9,50,10,1,4,25.0,0,1,0.0,1,1,100.0,0,0.0,0.0,0.0,1,0,1,0,1,Matches,LoFWbe232000
310,Willi Orban,DF,hu Hungary,31,1992,3.0,118,138,85.5,2475,948,24,29,82.8,81,84,96.4,12,20,60.0,0,0.1,0.1,-0.1,2,2,1,0,7,Matches,WiDFhu311992
311,Mikel Oyarzabal,FW,es Spain,26,1997,2.2,58,63,92.1,748,175,34,36,94.4,16,18,88.9,2,3,66.7,1,0.6,0.1,0.4,4,2,1,0,9,Matches,MiFWes261997
312,Salih Özcan,MF,tr Türkiye,26,1998,1.7,57,71,80.3,871,182,27,32,84.4,22,26,84.6,4,6,66.7,0,0.0,0.0,0.0,0,5,0,0,3,Matches,SaMFtr261998
313,João Palhinha,MF,pt Portugal,28,1995,3.3,166,188,88.3,3180,903,75,85,88.2,70,76,92.1,21,25,84.0,0,0.1,0.1,-0.1,1,17,2,0,23,Matches,JoMFpt281995
314,Cole Palmer,MF/FW,eng England,21,2002,1.7,59,79,74.7,972,296,29,33,87.9,26,36,72.2,3,7,42.9,1,0.1,0.4,0.9,2,6,7,0,16,Matches,CoMFen212002
315,Mario Pašalić,FW/MF,hr Croatia,28,1995,1.3,34,40,85.0,426,86,22,24,91.7,9,10,90.0,1,2,50.0,0,0.0,0.1,0.0,0,1,1,0,5,Matches,MaFWhr281995
316,Strahinja Pavlović,DF,rs Serbia,22,2001,3.0,137,180,76.1,1963,553,74,82,90.2,50,62,80.6,5,18,27.8,0,0.1,0.1,-0.1,1,11,2,1,13,Matches,StDFrs222001
317,Pedri,MF,es Spain,21,2002,2.1,80,89,89.9,1089,248,51,56,91.1,19,20,95.0,5,6,83.3,1,0.8,0.5,0.2,10,9,2,0,10,Matches,PeMFes212002
318,Peter Pekarík,DF,sk Slovakia,37,1986,4.2,107,121,88.4,1611,389,64,68,94.1,38,40,95.0,4,7,57.1,0,0.2,0.2,-0.2,3,9,2,1,10,Matches,PeDFsk371986
319,Lorenzo Pellegrini,FW/MF,it Italy,27,1996,2.4,91,107,85.0,1345,243,46,51,90.2,35,40,87.5,4,7,57.1,1,0.5,0.3,0.5,5,9,3,1,8,Matches,LoFWit271996
320,Patrick Pentz,GK,at Austria,27,1997,4.0,120,148,81.1,2934,2031,31,31,100.0,55,56,98.2,33,60,55.0,0,0.0,0.0,0.0,0,1,0,0,1,Matches,PaGKat271997
321,Pepe,DF,pt Portugal,40,1983,4.5,379,405,93.6,6791,2285,145,151,96.0,210,222,94.6,23,29,79.3,0,0.0,0.1,0.0,1,12,0,0,17,Matches,PeDFpt401983
322,Danilo Pereira,DF,pt Portugal,32,1991,1.0,83,87,95.4,1602,642,21,24,87.5,57,58,98.3,5,5,100.0,0,0.0,0.0,0.0,0,11,0,0,5,Matches,DaDFpt321991
323,Ayoze Pérez,FW,es Spain,30,1993,0.1,3,3,100.0,47,15,0,0,,3,3,100.0,0,0,,0,0.0,0.0,0.0,0,1,0,0,1,Matches,AyFWes301993
324,Ivan Perišić,DF/FW,hr Croatia,34,1989,1.5,44,63,69.8,688,254,29,32,90.6,12,19,63.2,3,10,30.0,0,0.4,1.2,-0.4,3,1,6,4,4,Matches,IvDFhr341989
325,Bruno Petković,FW,hr Croatia,29,1994,1.0,16,20,80.0,230,34,9,11,81.8,3,4,75.0,2,2,100.0,0,0.1,0.1,-0.1,2,1,1,0,4,Matches,BrFWhr291994
326,Krzysztof Piątek,FW,pl Poland,28,1995,0.7,6,10,60.0,74,1,4,6,66.7,1,3,33.3,0,0,,0,0.0,0.0,0.0,0,0,0,0,0,Matches,KrFWpl281995
327,Jordan Pickford,GK,eng England,29,1994,7.7,229,307,74.6,6273,4446,51,51,100.0,109,109,100.0,68,146,46.6,0,0.0,0.1,0.0,0,7,1,0,1,Matches,JoGKen291994
328,Jakub Piotrowski,MF,pl Poland,26,1997,0.6,16,24,66.7,242,49,9,13,69.2,6,7,85.7,0,0,,0,0.2,0.4,-0.2,1,0,0,0,1,Matches,JaMFpl261997
329,Marin Pongračić,DF,hr Croatia,26,1997,2.0,113,124,91.1,2226,715,34,40,85.0,66,68,97.1,10,13,76.9,0,0.0,0.0,0.0,0,3,0,0,3,Matches,MaDFhr261997
330,Ryan Porteous,DF,sct Scotland,24,1999,0.5,19,25,76.0,356,184,5,6,83.3,11,14,78.6,2,4,50.0,0,0.0,0.0,0.0,0,1,0,0,0,Matches,RyDFsc241999
331,Stefan Posch,DF,at Austria,26,1997,4.0,159,215,74.0,2719,1010,70,83,84.3,72,79,91.1,14,36,38.9,1,1.8,1.2,-0.8,7,7,11,5,18,Matches,StDFat261997
332,Yussuf Poulsen,FW/MF,dk Denmark,29,1994,0.6,12,20,60.0,128,3,7,9,77.8,4,8,50.0,0,1,0.0,0,0.0,0.0,0.0,1,0,0,0,1,Matches,YuFWdk291994
333,Alexander Prass,DF,at Austria,22,2001,1.8,72,95,75.8,1295,470,34,39,87.2,28,36,77.8,8,14,57.1,1,0.4,0.2,0.6,2,7,4,3,7,Matches,AlDFat222001
334,Lukáš Provod,MF,cz Czechia,27,1996,2.6,70,87,80.5,1099,267,35,41,85.4,33,38,86.8,1,2,50.0,0,0.3,0.1,-0.3,2,8,1,0,3,Matches,LuMFcz271996
335,George Pușcaș,FW,ro Romania,27,1996,0.4,4,13,30.8,45,0,3,6,50.0,1,3,33.3,0,0,,0,0.0,0.0,0.0,0,0,0,0,0,Matches,GeFWro271996
336,Leopold Querfeld,DF,at Austria,20,2003,0.3,7,9,77.8,131,47,2,2,100.0,3,4,75.0,1,2,50.0,0,0.0,0.0,0.0,0,1,0,0,0,Matches,LeDFat202003
337,Adrien Rabiot,MF,fr France,28,1995,4.1,216,236,91.5,3031,826,138,146,94.5,63,66,95.5,9,14,64.3,0,0.4,0.7,-0.4,9,29,2,1,28,Matches,AdMFfr281995
338,Bogdan Racovitan,DF,ro Romania,23,2000,0.6,23,25,92.0,397,160,13,13,100.0,8,8,100.0,2,4,50.0,0,0.0,0.0,0.0,0,2,0,0,1,Matches,BoDFro232000
339,Predrag Rajković,GK,rs Serbia,28,1995,3.0,68,103,66.0,1742,1155,20,20,100.0,31,31,100.0,17,51,33.3,0,0.0,0.0,0.0,0,1,0,0,0,Matches,PrGKrs281995
340,Anthony Ralston,DF,sct Scotland,25,1998,2.9,67,95,70.5,1128,273,37,41,90.2,20,29,69.0,8,12,66.7,0,0.1,0.1,-0.1,2,2,2,2,4,Matches,AnDFsc251998
341,Ylber Ramadani,MF,al Albania,27,1996,2.9,94,103,91.3,1570,362,43,47,91.5,42,44,95.5,6,9,66.7,0,0.0,0.0,0.0,1,4,0,0,4,Matches,YlMFal271996
342,Gonçalo Ramos,FW,pt Portugal,22,2001,0.3,1,1,100.0,7,0,1,1,100.0,0,0,,0,0,,0,0.0,0.0,0.0,0,0,0,0,0,Matches,GoFWpt222001
343,Giacomo Raspadori,FW,it Italy,23,2000,0.9,36,49,73.5,629,227,17,17,100.0,11,16,68.8,7,13,53.8,0,0.4,0.4,-0.4,4,4,2,0,9,Matches,GiFWit232000
344,Andrei Ratiu,DF,ro Romania,25,1998,4.0,97,117,82.9,1441,567,56,68,82.4,34,38,89.5,6,9,66.7,0,0.0,0.1,0.0,2,5,1,0,8,Matches,AnDFro251998
345,David Raum,DF,de Germany,25,1998,1.8,75,99,75.8,1098,370,47,53,88.7,22,29,75.9,4,9,44.4,1,1.1,0.7,-0.1,4,6,3,3,8,Matches,DaDFde251998
346,David Raya,GK,es Spain,28,1995,1.0,36,42,85.7,789,519,14,14,100.0,15,15,100.0,7,12,58.3,0,0.0,0.0,0.0,0,0,0,0,0,Matches,DaGKes281995
347,Tijjani Reijnders,MF,nl Netherlands,25,1998,5.5,246,265,92.8,3916,984,127,133,95.5,98,102,96.1,15,19,78.9,0,0.6,0.8,-0.6,2,28,8,0,32,Matches,TiMFnl251998
348,Mateo Retegui,FW,it Italy,24,1999,1.7,10,19,52.6,127,16,6,12,50.0,4,5,80.0,0,0,,0,0.0,0.0,0.0,0,0,1,0,1,Matches,MaFWit241999
349,Declan Rice,MF,eng England,25,1999,7.7,484,530,91.3,8074,1922,228,243,93.8,203,217,93.5,38,44,86.4,1,0.1,0.5,0.9,4,48,5,3,39,Matches,DeMFen251999
350,Fabian Rieder,MF,ch Switzerland,21,2002,2.4,62,89,69.7,993,359,33,40,82.5,24,36,66.7,4,10,40.0,0,0.3,0.4,-0.3,3,7,2,0,10,Matches,FaMFch212002
351,Andrew Robertson,DF,sct Scotland,29,1994,3.0,91,120,75.8,1469,446,44,47,93.6,40,50,80.0,4,14,28.6,0,0.3,0.5,-0.3,4,4,2,1,8,Matches,AnDFsc291994
352,Rodri,MF,es Spain,27,1996,5.8,408,439,92.9,7062,1630,177,192,92.2,192,199,96.5,31,35,88.6,0,0.3,0.5,-0.3,6,38,2,0,40,Matches,RoMFes271996
353,Ricardo Rodríguez,DF,ch Switzerland,31,1992,5.3,214,250,85.6,3443,1081,124,128,96.9,63,75,84.0,22,38,57.9,0,0.2,0.3,-0.2,2,26,4,2,17,Matches,RiDFch311992
354,Taras Romanchuk,MF,pl Poland,32,1991,0.6,11,14,78.6,128,12,8,8,100.0,3,4,75.0,0,0,,0,0.0,0.0,0.0,0,0,0,0,0,Matches,TaMFpl321991
355,Cristiano Ronaldo,FW,pt Portugal,38,1985,5.4,86,104,82.7,1084,129,64,72,88.9,16,18,88.9,2,5,40.0,1,1.2,0.5,-0.2,6,4,3,1,5,Matches,CrFWpt381985
356,Antonio Rüdiger,DF,de Germany,30,1993,5.3,372,409,91.0,6532,2422,166,169,98.2,174,181,96.1,29,51,56.9,0,0.6,1.1,-0.6,4,43,9,3,35,Matches,AnDFde301993
357,Fabián Ruiz Peña,MF,es Spain,27,1996,6.0,392,442,88.7,6404,1503,197,214,92.1,154,167,92.2,30,39,76.9,2,1.0,1.0,1.0,10,46,7,0,48,Matches,FaMFes271996
358,Adrian Rus,MF,ro Romania,27,1996,0.2,1,6,16.7,15,8,1,4,25.0,0,2,0.0,0,0,,0,0.0,0.0,0.0,0,1,0,0,1,Matches,AdMFro271996
359,Marcel Sabitzer,FW/MF,at Austria,29,1994,4.0,110,170,64.7,1563,433,66,77,85.7,29,50,58.0,9,29,31.0,0,0.8,0.9,-0.8,6,6,1,0,12,Matches,MaFWat291994
360,Bukayo Saka,FW/DF,eng England,22,2001,7.0,222,265,83.8,3144,693,137,147,93.2,70,81,86.4,10,20,50.0,0,0.4,0.8,-0.4,8,10,14,4,25,Matches,BuFWen222001
361,Bartosz Salamon,DF,pl Poland,32,1991,0.9,28,33,84.8,430,106,14,15,93.3,13,14,92.9,0,3,0.0,0,0.0,0.0,0.0,0,0,0,0,0,Matches,BaDFpl321991
362,William Saliba,DF,fr France,22,2001,6.3,346,360,96.1,5962,2052,147,154,95.5,170,174,97.7,24,27,88.9,0,0.0,0.1,0.0,1,10,0,0,15,Matches,WiDFfr222001
363,Roland Sallai,MF,hu Hungary,26,1997,3.0,61,79,77.2,901,259,32,36,88.9,19,28,67.9,5,7,71.4,1,1.0,0.5,0.0,4,5,3,2,5,Matches,RoMFhu261997
364,Lazar Samardzic,MF,rs Serbia,21,2002,0.6,16,21,76.2,320,52,10,10,100.0,2,5,40.0,4,6,66.7,0,0.0,0.0,0.0,0,1,0,0,1,Matches,LaMFrs212002
365,Leroy Sané,FW,de Germany,28,1996,2.3,57,68,83.8,674,80,41,47,87.2,11,12,91.7,1,1,100.0,0,0.1,0.2,-0.1,2,0,5,0,7,Matches,LeFWde281996
366,Leo Sauer,FW,sk Slovakia,18,2005,0.1,0,1,0.0,0,0,0,0,,0,1,0.0,0,0,,0,0.0,0.0,0.0,0,0,0,0,0,Matches,LeFWsk182005
367,Gianluca Scamacca,FW,it Italy,25,1999,2.8,32,51,62.7,449,60,21,27,77.8,8,19,42.1,2,2,100.0,0,0.2,0.1,-0.2,3,1,0,0,3,Matches,GiFWit251999
368,András Schäfer,MF,hu Hungary,24,1999,3.0,117,135,86.7,1732,486,64,70,91.4,47,55,85.5,3,6,50.0,0,0.0,0.0,0.0,0,7,1,0,14,Matches,AnMFhu241999
369,Fabian Schär,DF,ch Switzerland,32,1991,5.3,211,255,82.7,4460,1828,92,97,94.8,82,91,90.1,37,60,61.7,0,0.1,0.1,-0.1,3,20,4,2,12,Matches,FaDFch321991
370,Patrik Schick,FW,cz Czechia,28,1996,1.4,21,33,63.6,262,61,14,19,73.7,4,6,66.7,1,2,50.0,0,0.1,0.1,-0.1,2,1,0,0,1,Matches,PaFWcz281996
371,Nico Schlotterbeck,DF,de Germany,24,1999,1.3,79,87,90.8,1286,649,37,40,92.5,35,36,97.2,5,8,62.5,1,0.4,0.0,0.6,2,8,0,0,1,Matches,NiDFde241999
372,Kasper Schmeichel,GK,dk Denmark,37,1986,4.0,90,112,80.4,2476,1765,18,18,100.0,45,45,100.0,26,48,54.2,0,0.0,0.0,0.0,0,2,0,0,0,Matches,KaGKdk371986
373,Romano Schmid,FW/MF,at Austria,24,2000,1.6,56,73,76.7,825,169,34,35,97.1,15,23,65.2,4,8,50.0,0,0.7,0.8,-0.7,3,1,3,0,5,Matches,RoFWat242000
374,Jerdy Schouten,MF,nl Netherlands,27,1997,5.6,302,328,92.1,4830,1359,144,156,92.3,137,145,94.5,14,16,87.5,0,0.1,0.6,-0.1,3,33,2,1,39,Matches,JeMFnl271997
375,Ivan Schranz,FW,sk Slovakia,30,1993,3.7,62,86,72.1,809,275,43,49,87.8,12,20,60.0,3,7,42.9,0,0.3,0.3,-0.3,3,6,2,0,6,Matches,IvFWsk301993
376,Taulant Seferi,FW,al Albania,27,1996,1.0,17,26,65.4,227,68,8,14,57.1,8,10,80.0,0,1,0.0,0,0.1,0.1,-0.1,1,0,0,0,3,Matches,TaFWal271996
377,Nicolas Seiwald,MF,at Austria,22,2001,4.0,205,235,87.2,3411,1082,95,103,92.2,94,103,91.3,13,20,65.0,0,0.6,0.6,-0.6,7,27,3,0,23,Matches,NiMFat222001
378,Nélson Semedo,DF,pt Portugal,30,1993,1.1,50,56,89.3,698,120,32,33,97.0,17,20,85.0,1,1,100.0,0,0.0,0.0,0.0,0,3,0,0,4,Matches,NéDFpt301993
379,Benjamin Šeško,FW,si Slovenia,20,2003,4.0,43,71,60.6,566,116,25,39,64.1,16,20,80.0,0,1,0.0,0,0.1,0.0,-0.1,2,9,0,0,7,Matches,BeFWsi202003
380,Petr Ševčík,MF,cz Czechia,29,1994,0.2,20,26,76.9,281,47,12,14,85.7,7,9,77.8,0,1,0.0,0,0.0,0.1,0.0,0,5,0,0,3,Matches,PeMFcz291994
381,Stephan El Shaarawy,FW,it Italy,31,1992,0.5,8,10,80.0,86,0,5,6,83.3,2,2,100.0,0,1,0.0,0,0.0,0.0,0.0,0,0,0,0,0,Matches,StFWit311992
382,Lawrence Shankland,FW,sct Scotland,28,1995,0.3,5,11,45.5,110,45,2,6,33.3,2,2,100.0,1,1,100.0,0,0.0,0.1,0.0,1,0,2,1,2,Matches,LaFWsc281995
383,Mykola Shaparenko,MF,ua Ukraine,25,1998,2.4,111,129,86.0,1991,496,44,48,91.7,58,63,92.1,8,13,61.5,1,0.2,0.4,0.8,2,15,2,0,18,Matches,MyMFua251998
384,Xherdan Shaqiri,MF/FW,ch Switzerland,32,1991,0.8,26,38,68.4,401,111,15,18,83.3,10,11,90.9,1,8,12.5,0,0.0,0.0,0.0,1,0,0,0,3,Matches,XhMFch321991
385,Luke Shaw,DF,eng England,28,1995,2.0,76,87,87.4,1283,298,39,41,95.1,30,33,90.9,6,10,60.0,0,0.1,0.2,-0.1,1,6,1,1,7,Matches,LuDFen281995
386,Vincent Sierro,MF,ch Switzerland,28,1995,0.4,15,25,60.0,182,39,9,12,75.0,4,9,44.4,0,2,0.0,0,0.0,0.0,0.0,0,1,0,0,2,Matches,ViMFch281995
387,António Silva,DF,pt Portugal,20,2003,0.8,59,66,89.4,970,318,26,28,92.9,33,38,86.8,0,0,,0,0.1,0.1,-0.1,1,14,0,0,10,Matches,AnDFpt202003
388,Bernardo Silva,FW/MF,pt Portugal,29,1994,4.7,239,267,89.5,3439,695,160,170,94.1,67,73,91.8,10,17,58.8,0,0.6,0.7,-0.6,10,9,7,1,28,Matches,BeFWpt291994
389,Unai Simón,GK,es Spain,26,1997,6.3,191,245,78.0,4925,3639,34,34,100.0,102,104,98.1,54,104,51.9,0,0.0,0.0,0.0,0,1,0,0,0,Matches,UnGKes261997
390,Xavi Simons,MF/FW,nl Netherlands,20,2003,5.0,152,184,82.6,2248,510,84,97,86.6,52,59,88.1,7,12,58.3,3,1.0,0.4,2.0,12,18,7,0,28,Matches,XaMFnl202003
391,Michał Skóraś,DF,pl Poland,23,2000,0.3,6,9,66.7,98,45,2,4,50.0,4,4,100.0,0,0,,0,0.0,0.0,0.0,0,1,0,0,1,Matches,MiDFpl232000
392,Łukasz Skorupski,GK,pl Poland,32,1991,1.0,24,29,82.8,578,463,9,9,100.0,9,9,100.0,6,11,54.5,0,0.0,0.0,0.0,0,0,0,0,0,Matches,ŁuGKpl321991
393,Andreas Skov Olsen,MF/FW,dk Denmark,24,1999,1.4,30,38,78.9,444,80,16,19,84.2,11,12,91.7,2,4,50.0,0,0.4,0.2,-0.4,1,1,0,0,3,Matches,AnMFdk241999
394,Milan Škriniar,DF,sk Slovakia,28,1995,4.3,257,282,91.1,4543,1583,111,113,98.2,123,130,94.6,16,30,53.3,0,0.1,0.1,-0.1,2,13,0,0,21,Matches,MiDFsk281995
395,Bartosz Slisz,MF,pl Poland,24,1999,1.2,35,43,81.4,490,113,19,24,79.2,16,18,88.9,0,1,0.0,0,0.1,0.0,-0.1,2,6,0,0,5,Matches,BaMFpl241999
396,Yann Sommer,GK,ch Switzerland,35,1988,5.3,138,167,82.6,2997,1816,35,35,100.0,76,76,100.0,27,55,49.1,0,0.0,0.0,0.0,0,0,0,0,0,Matches,YaGKch351988
397,Deian Sorescu,MF/DF,ro Romania,26,1997,0.4,12,16,75.0,162,74,8,8,100.0,4,8,50.0,0,0,,0,0.0,0.0,0.0,0,0,0,0,0,Matches,DeMFro261997
398,Borna Sosa,DF,hr Croatia,26,1998,0.1,1,2,50.0,8,6,1,1,100.0,0,0,,0,1,0.0,0,0.0,0.0,0.0,0,0,0,0,0,Matches,BoDFhr261998
399,Tomáš Souček,MF,cz Czechia,28,1995,3.0,74,94,78.7,1257,299,41,50,82.0,25,33,75.8,8,11,72.7,0,1.0,0.4,-1.0,6,12,1,0,11,Matches,ToMFcz281995
400,Andraž Šporar,FW,si Slovenia,29,1994,3.8,46,69,66.7,650,97,27,36,75.0,16,23,69.6,2,3,66.7,0,0.8,0.2,-0.8,8,5,1,1,3,Matches,AnFWsi291994
401,Nicolae Stanciu,MF/FW,ro Romania,30,1993,3.9,83,113,73.5,1416,405,46,54,85.2,26,32,81.3,9,19,47.4,0,0.3,0.4,-0.3,5,9,4,3,10,Matches,NiMFro301993
402,Jindřich Staněk,GK,cz Czechia,27,1996,2.6,48,75,64.0,1547,1240,13,13,100.0,14,14,100.0,21,48,43.8,0,0.0,0.0,0.0,0,0,0,0,0,Matches,JiGKcz271996
403,Josip Stanišić,DF,hr Croatia,23,2000,2.0,109,133,82.0,1621,334,61,66,92.4,39,45,86.7,6,14,42.9,0,0.0,0.1,0.0,1,4,2,1,8,Matches,JosDFhr232000
404,Renato Steffen,DF,ch Switzerland,32,1991,0.0,2,2,100.0,31,0,1,1,100.0,1,1,100.0,0,0,,0,0.0,0.0,0.0,0,0,0,0,0,Matches,ReDFch321991
405,Taras Stepanenko,MF,ua Ukraine,34,1989,0.9,63,74,85.1,991,189,31,35,88.6,29,35,82.9,2,3,66.7,0,0.0,0.0,0.0,0,2,0,0,5,Matches,TaMFua341989
406,Leonidas Stergiou,DF,ch Switzerland,21,2002,0.5,6,11,54.5,99,62,2,3,66.7,4,5,80.0,0,0,,0,0.0,0.0,0.0,0,0,0,0,0,Matches,LeDFch212002
407,Petar Stojanović,MF,si Slovenia,28,1995,3.5,78,107,72.9,1318,341,41,50,82.0,28,35,80.0,8,15,53.3,0,0.2,0.2,-0.2,3,7,2,1,11,Matches,PeMFsi281995
408,John Stones,DF,eng England,29,1994,7.7,525,559,93.9,9789,2804,200,210,95.2,261,266,98.1,57,73,78.1,0,0.0,0.1,0.0,1,30,0,0,21,Matches,JoDFen291994
409,Thomas Strakosha,GK,al Albania,28,1995,3.0,65,93,69.9,2217,1760,11,11,100.0,25,26,96.2,29,55,52.7,0,0.0,0.0,0.0,0,0,0,0,0,Matches,ThGKal281995
410,Dávid Strelec,FW,sk Slovakia,22,2001,2.0,27,42,64.3,302,61,16,25,64.0,7,11,63.6,0,0,,1,0.8,0.7,0.2,3,2,1,0,2,Matches,DáFWsk222001
411,Callum Styles,MF,hu Hungary,23,2000,0.7,21,27,77.8,379,193,9,9,100.0,9,11,81.8,2,5,40.0,0,0.0,0.0,0.0,1,1,0,0,2,Matches,CaMFhu232000
412,Luka Sučić,FW/MF,hr Croatia,21,2002,1.6,77,84,91.7,1257,238,39,41,95.1,32,35,91.4,5,5,100.0,0,0.4,0.2,-0.4,3,7,3,1,7,Matches,LuFWhr212002
413,Heorhiy Sudakov,MF,ua Ukraine,21,2002,2.9,100,120,83.3,1833,549,45,50,90.0,43,51,84.3,11,15,73.3,0,0.2,0.2,-0.2,4,12,3,0,15,Matches,HeMFua212002
414,Pavel Šulc,MF,cz Czechia,23,2000,0.9,12,16,75.0,136,30,6,6,100.0,4,4,100.0,0,0,,0,0.0,0.0,0.0,0,1,0,0,0,Matches,PaMFcz232000
415,Tomáš Suslov,FW/MF,sk Slovakia,21,2002,1.4,38,54,70.4,621,153,21,26,80.8,11,11,100.0,4,9,44.4,0,0.1,0.3,-0.1,3,3,4,3,6,Matches,ToFWsk212002
416,Josip Šutalo,DF,hr Croatia,23,2000,3.0,191,199,96.0,3221,938,82,85,96.5,97,101,96.0,11,12,91.7,0,0.0,0.0,0.0,0,7,0,0,10,Matches,JoDFhr232000
417,Oleksandr Svatok,DF,ua Ukraine,29,1994,0.9,24,25,96.0,356,116,15,16,93.8,9,9,100.0,0,0,,0,0.0,0.0,0.0,0,2,0,0,3,Matches,OlDFua291994
418,Karol Świderski,FW,pl Poland,27,1997,1.0,11,16,68.8,172,49,4,6,66.7,6,9,66.7,1,1,100.0,0,0.6,0.3,-0.6,2,0,1,1,0,Matches,KaFWpl271997
419,Serhiy Sydorchuk,MF,ua Ukraine,32,1991,0.1,1,2,50.0,18,19,0,0,,1,1,100.0,0,1,0.0,0,0.0,0.0,0.0,0,0,0,0,0,Matches,SeMFua321991
420,Attila Szalai,DF,hu Hungary,26,1998,1.1,48,59,81.4,883,371,23,24,95.8,14,18,77.8,9,14,64.3,0,0.0,0.0,0.0,0,3,0,0,8,Matches,AtDFhu261998
421,Wojciech Szczęsny,GK,pl Poland,33,1990,2.0,42,66,63.6,1064,724,7,7,100.0,24,25,96.0,11,34,32.4,0,0.0,0.0,0.0,0,1,0,0,0,Matches,WoGKpl331990
422,Dominik Szoboszlai,MF,hu Hungary,23,2000,3.0,110,149,73.8,2076,574,60,66,90.9,32,40,80.0,16,33,48.5,1,1.2,0.8,-0.2,7,6,3,1,8,Matches,DoMFhu232000
423,Sebastian Szymański,MF,pl Poland,24,1999,1.2,30,37,81.1,414,136,16,18,88.9,10,13,76.9,2,3,66.7,0,0.0,0.0,0.0,1,4,0,0,8,Matches,SeMFpl241999
424,Dušan Tadić,MF,rs Serbia,35,1988,1.7,65,87,74.7,943,269,43,48,89.6,11,13,84.6,6,16,37.5,0,0.6,0.7,-0.6,4,4,4,2,4,Matches,DuMFrs351988
425,Jonathan Tah,DF,de Germany,27,1996,3.5,266,282,94.3,4312,1437,121,124,97.6,138,146,94.5,5,9,55.6,0,0.1,0.1,-0.1,2,23,0,0,15,Matches,JoDFde271996
426,Maksym Talovierov,MF,ua Ukraine,23,2000,0.0,1,1,100.0,6,0,1,1,100.0,0,0,,0,0,,0,0.0,0.0,0.0,0,0,0,0,0,Matches,MaMFua232000
427,Aurélien Tchouaméni,MF,fr France,24,2000,5.2,355,381,93.2,6679,2154,159,166,95.8,150,157,95.5,44,51,86.3,0,0.2,0.3,-0.2,6,70,3,3,56,Matches,AuMFfr242000
428,Arthur Theate,DF,be Belgium,23,2000,2.8,169,197,85.8,2910,925,71,76,93.4,85,94,90.4,11,23,47.8,0,0.0,0.1,0.0,2,17,0,0,9,Matches,ArDFbe232000
429,Marcus Thuram,FW,fr France,26,1997,2.9,45,53,84.9,514,97,33,39,84.6,10,10,100.0,0,0,,0,0.1,0.4,-0.1,1,3,3,0,6,Matches,MaFWfr261997
430,Youri Tielemans,MF,be Belgium,26,1997,1.6,96,112,85.7,1829,540,43,43,100.0,41,50,82.0,11,14,78.6,0,0.0,0.1,0.0,1,10,1,0,15,Matches,YoMFbe261997
431,Kieran Tierney,DF,sct Scotland,26,1997,1.5,69,92,75.0,1267,500,28,29,96.6,31,36,86.1,8,18,44.4,0,0.0,0.0,0.0,0,3,0,0,3,Matches,KiDFsc261997
432,Ivan Toney,FW/MF,eng England,27,1996,0.5,8,15,53.3,105,21,5,10,50.0,3,4,75.0,0,0,,1,0.2,0.1,0.8,1,0,0,0,0,Matches,IvFWen271996
433,Ferrán Torres,FW/MF,es Spain,23,2000,1.7,34,46,73.9,559,86,22,23,95.7,6,10,60.0,5,9,55.6,0,0.1,0.8,-0.1,1,0,3,1,2,Matches,FeFWes232000
434,Cenk Tosun,FW,tr Türkiye,32,1991,0.3,2,4,50.0,17,0,1,2,50.0,0,0,,0,1,0.0,0,0.0,0.0,0.0,0,0,0,0,0,Matches,CeFWtr321991
435,Gernot Trauner,DF,at Austria,31,1992,1.0,74,78,94.9,1281,451,33,34,97.1,34,34,100.0,5,6,83.3,0,0.0,0.0,0.0,0,10,0,0,8,Matches,GeDFat311992
436,Kieran Trippier,DF,eng England,33,1990,5.0,313,357,87.7,4856,1439,156,166,94.0,124,136,91.2,20,34,58.8,0,0.8,0.5,-0.8,9,22,8,3,29,Matches,KiDFen331990
437,Leandro Trossard,FW,be Belgium,29,1994,1.9,55,70,78.6,926,181,29,34,85.3,19,22,86.4,5,6,83.3,0,0.1,0.5,-0.1,3,6,2,1,5,Matches,LeFWbe291994
438,Anatolii Trubin,GK,ua Ukraine,22,2001,2.0,55,70,78.6,1334,986,6,6,100.0,38,38,100.0,11,25,44.0,0,0.0,0.0,0.0,0,0,0,0,0,Matches,AnGKua222001
439,Heorhii Tsitaishvili,DF/MF,ge Georgia,23,2000,2.1,47,68,69.1,693,117,22,28,78.6,18,24,75.0,2,10,20.0,0,0.1,0.1,-0.1,1,0,1,0,3,Matches,HeDFge232000
440,Viktor Tsyhankov,FW,ua Ukraine,26,1997,0.7,25,32,78.1,341,43,15,16,93.8,9,12,75.0,1,3,33.3,0,0.0,0.0,0.0,0,1,0,0,1,Matches,ViFWua261997
441,Ľubomír Tupta,MF,sk Slovakia,25,1998,0.1,4,4,100.0,38,0,3,3,100.0,1,1,100.0,0,0,,0,0.0,0.0,0.0,0,0,0,0,0,Matches,ĽuMFsk251998
442,Oleksandr Tymchyk,DF,ua Ukraine,27,1997,2.2,66,83,79.5,1179,302,30,33,90.9,30,37,81.1,5,9,55.6,0,0.0,0.1,0.0,1,4,1,1,7,Matches,OlDFua271997
443,Deniz Undav,MF,de Germany,27,1996,0.1,1,2,50.0,16,0,0,0,,1,1,100.0,0,1,0.0,0,0.0,0.0,0.0,0,0,0,0,0,Matches,DeMFde271996
444,Dayot Upamecano,DF,fr France,25,1998,6.3,339,371,91.4,6523,2010,113,119,95.0,188,196,95.9,34,48,70.8,0,0.1,0.1,-0.1,3,28,0,0,28,Matches,DaDFfr251998
445,Kacper Urbanski,FW/MF,pl Poland,19,2004,1.6,41,49,83.7,528,114,28,30,93.3,8,12,66.7,2,2,100.0,0,0.1,0.2,-0.1,2,6,1,0,3,Matches,KaFWpl192004
446,Virgil van Dijk,DF,nl Netherlands,32,1991,6.0,356,394,90.4,6467,2661,154,162,95.1,162,175,92.6,37,52,71.2,0,0.1,0.1,-0.1,3,19,2,0,20,Matches,ViDFnl321991
447,Vladyslav Vanat,FW,ua Ukraine,22,2002,0.2,1,2,50.0,11,0,1,2,50.0,0,0,,0,0,,0,0.0,0.0,0.0,0,0,0,0,0,Matches,VlFWua222002
448,Barnabás Varga,FW,hu Hungary,30,1994,2.8,27,54,50.0,371,119,19,36,52.8,5,10,50.0,2,3,66.7,0,0.1,0.0,-0.1,1,4,1,0,7,Matches,BaFWhu301994
449,Ruben Vargas,MF/FW,ch Switzerland,25,1998,3.4,88,118,74.6,1309,309,51,57,89.5,30,39,76.9,4,12,33.3,1,1.1,0.6,-0.1,7,5,4,0,12,Matches,RuMFch251998
450,Denis Vavro,DF,sk Slovakia,27,1996,4.3,213,264,80.7,4366,1412,70,78,89.7,116,128,90.6,26,53,49.1,0,0.0,0.1,0.0,0,11,1,0,15,Matches,DeDFsk271996
451,Joey Veerman,MF,nl Netherlands,25,1998,2.3,131,167,78.4,2327,676,53,63,84.1,62,67,92.5,14,30,46.7,0,0.3,0.4,-0.3,6,17,3,1,17,Matches,JoMFnl251998
452,Miloš Veljković,DF,rs Serbia,28,1995,3.0,206,226,91.2,3799,1169,83,85,97.6,103,113,91.2,18,26,69.2,0,0.0,0.1,0.0,0,23,2,0,27,Matches,MiDFrs281995
453,Micky van de Ven,DF,nl Netherlands,22,2001,0.8,33,43,76.7,541,158,17,19,89.5,14,20,70.0,1,1,100.0,0,0.0,0.0,0.0,0,5,0,0,2,Matches,MiDFnl222001
454,Benjamin Verbič,MF,si Slovenia,30,1993,0.8,6,14,42.9,96,28,3,8,37.5,3,4,75.0,0,1,0.0,0,0.1,0.1,-0.1,1,1,1,0,1,Matches,BeMFsi301993
455,Bart Verbruggen,GK,nl Netherlands,21,2002,6.0,177,209,84.7,4194,2949,51,51,100.0,85,85,100.0,41,73,56.2,0,0.0,0.0,0.0,0,4,0,0,0,Matches,BaGKnl212002
456,Jan Vertonghen,DF,be Belgium,36,1987,3.0,196,209,93.8,3823,1341,64,66,97.0,112,116,96.6,19,25,76.0,0,0.0,0.0,0.0,0,4,0,0,3,Matches,JaDFbe361987
457,Jannik Vestergaard,DF,dk Denmark,31,1992,4.0,250,268,93.3,3838,1512,136,137,99.3,102,109,93.6,9,17,52.9,0,0.0,0.0,0.0,0,14,0,0,15,Matches,JaDFdk311992
458,Žan Vipotnik,FW,si Slovenia,21,2002,0.2,0,2,0.0,0,0,0,1,0.0,0,1,0.0,0,0,,0,0.0,0.0,0.0,0,0,0,0,0,Matches,ŽaFWsi212002
459,Vitinha,MF,pt Portugal,23,2000,4.0,294,323,91.0,4987,1098,142,147,96.6,133,139,95.7,17,29,58.6,0,0.1,0.3,-0.1,3,32,3,1,28,Matches,ViMFpt232000
460,Daniel Vivian,DF,es Spain,24,1999,1.4,101,109,92.7,1955,728,32,32,100.0,60,63,95.2,9,13,69.2,0,0.0,0.0,0.0,0,11,0,0,10,Matches,DaDFes241999
461,Dušan Vlahović,MF/FW,rs Serbia,24,2000,2.0,15,27,55.6,257,37,8,14,57.1,4,6,66.7,3,4,75.0,0,0.0,0.0,0.0,0,0,0,0,2,Matches,DuMFrs242000
462,Stefan de Vrij,DF,nl Netherlands,31,1992,6.0,381,416,91.6,6948,2287,129,138,93.5,224,239,93.7,24,33,72.7,0,0.0,0.2,0.0,0,35,2,0,26,Matches,StDFnl311992
463,Kyle Walker,DF,eng England,33,1990,7.7,490,554,88.4,8466,2435,221,234,94.4,214,239,89.5,47,60,78.3,0,0.1,0.2,-0.1,1,50,0,0,50,Matches,KyDFen331990
464,Ollie Watkins,FW,eng England,28,1995,0.7,4,5,80.0,51,1,3,4,75.0,1,1,100.0,0,0,,0,0.0,0.0,0.0,0,0,0,0,0,Matches,OlFWen281995
465,Wout Weghorst,FW,nl Netherlands,31,1992,1.5,22,31,71.0,226,52,17,18,94.4,2,7,28.6,1,1,100.0,1,0.3,0.2,0.7,2,0,0,0,0,Matches,WoFWnl311992
466,Andreas Weimann,FW,at Austria,32,1991,0.0,0,1,0.0,0,0,0,1,0.0,0,0,,0,0,,0,0.0,0.0,0.0,0,0,0,0,0,Matches,AnFWat321991
467,Silvan Widmer,DF,ch Switzerland,30,1993,3.3,96,127,75.6,1441,345,54,61,88.5,37,48,77.1,3,12,25.0,0,0.0,0.1,0.0,1,2,0,0,3,Matches,SiDFch301993
468,Georginio Wijnaldum,MF,nl Netherlands,33,1990,0.8,10,16,62.5,148,32,5,6,83.3,5,6,83.3,0,0,,0,0.0,0.0,0.0,0,1,0,0,2,Matches,GeMFnl331990
469,Nico Williams,FW,es Spain,21,2002,5.5,179,220,81.4,2610,665,119,126,94.4,37,51,72.5,17,32,53.1,1,1.6,2.1,-0.6,13,4,15,4,21,Matches,NiFWes212002
470,Patrick Wimmer,FW/MF,at Austria,22,2001,1.5,32,48,66.7,512,180,16,20,80.0,9,12,75.0,4,9,44.4,0,0.1,0.1,-0.1,1,6,1,0,4,Matches,PaFWat222001
471,Jonas Wind,FW,dk Denmark,24,1999,2.1,62,77,80.5,706,91,46,56,82.1,11,12,91.7,1,3,33.3,1,0.8,0.3,0.2,5,2,1,1,2,Matches,JoFWdk241999
472,Florian Wirtz,FW/MF,de Germany,20,2003,3.1,168,190,88.4,2156,466,111,120,92.5,46,54,85.2,3,5,60.0,0,0.8,0.8,-0.8,7,8,3,0,20,Matches,FlFWde202003
473,Maximilian Wöber,DF,at Austria,25,1998,1.9,101,118,85.6,1797,582,38,41,92.7,60,67,89.6,3,6,50.0,0,0.1,0.2,-0.1,2,8,2,2,7,Matches,MaDFat251998
474,Granit Xhaka,MF,ch Switzerland,31,1992,5.3,369,407,90.7,6085,1674,181,194,93.3,165,172,95.9,19,31,61.3,0,0.4,0.5,-0.4,8,56,4,0,36,Matches,GrMFch311992
475,Lamine Yamal,FW,es Spain,16,2007,5.6,158,205,77.1,2252,625,100,112,89.3,45,59,76.3,7,16,43.8,4,2.7,2.0,1.3,19,5,12,3,23,Matches,LaFWes162007
476,Roman Yaremchuk,FW,ua Ukraine,28,1995,1.3,23,30,76.7,272,44,16,18,88.9,5,5,100.0,0,2,0.0,0,0.1,0.1,-0.1,2,0,2,0,3,Matches,RoFWua281995
477,Andriy Yarmolenko,FW/MF,ua Ukraine,34,1989,1.2,34,49,69.4,505,131,22,27,81.5,10,16,62.5,1,5,20.0,0,0.0,0.3,0.0,0,1,2,0,6,Matches,AnFWua341989
478,Yusuf Yazıcı,MF/FW,tr Türkiye,27,1997,0.6,16,20,80.0,213,66,9,12,75.0,6,7,85.7,0,0,,0,0.0,0.0,0.0,0,3,0,0,3,Matches,YuMFtr271997
479,Kenan Yıldız,FW/MF,tr Türkiye,18,2005,3.8,92,110,83.6,1272,234,52,62,83.9,36,39,92.3,1,3,33.3,0,0.1,0.4,-0.1,1,3,2,0,6,Matches,KeFWtr182005
480,Okay Yokuşlu,MF/DF,tr Türkiye,29,1994,0.6,26,28,92.9,487,119,10,11,90.9,12,13,92.3,3,3,100.0,0,0.0,0.0,0.0,0,1,0,0,2,Matches,OkMFtr291994
481,İsmail Yüksek,MF,tr Türkiye,25,1999,1.7,91,99,91.9,1562,458,47,48,97.9,32,37,86.5,9,10,90.0,1,0.1,0.1,0.9,3,9,1,0,4,Matches,İsMFtr251999
482,Illia Zabarnyi,DF,ua Ukraine,21,2002,3.0,172,200,86.0,3633,1194,48,50,96.0,108,115,93.9,16,33,48.5,0,0.1,0.0,-0.1,2,14,1,0,14,Matches,IlDFua212002
483,Mattia Zaccagni,MF/FW,it Italy,28,1995,0.9,30,38,78.9,434,72,17,19,89.5,10,14,71.4,2,4,50.0,0,0.4,0.1,-0.4,2,0,1,1,3,Matches,MaMFit281995
484,Denis Zakaria,MF,ch Switzerland,27,1996,0.3,7,7,100.0,91,2,5,5,100.0,2,2,100.0,0,0,,0,0.0,0.0,0.0,0,0,0,0,0,Matches,DeMFch271996
485,Nicola Zalewski,DF,pl Poland,22,2002,2.7,73,100,73.0,1017,359,45,51,88.2,23,27,85.2,3,11,27.3,0,0.1,0.1,-0.1,1,4,3,1,14,Matches,NiDFpl222002
486,Piotr Zieliński,MF,pl Poland,29,1994,2.8,123,150,82.0,1715,680,70,77,90.9,36,41,87.8,10,18,55.6,1,0.4,0.4,0.6,6,7,2,1,10,Matches,PiMFpl291994
487,Oleksandr Zinchenko,DF,ua Ukraine,27,1996,2.4,137,161,85.1,2350,737,69,75,92.0,58,70,82.9,9,13,69.2,1,0.2,0.2,0.8,2,10,2,0,11,Matches,OlDFua271996
488,Joshua Zirkzee,FW/DF,nl Netherlands,22,2001,0.1,2,2,100.0,24,5,1,1,100.0,1,1,100.0,0,0,,0,0.0,0.0,0.0,0,0,0,0,0,Matches,JoFWnl222001
489,Andrija Živković,DF,rs Serbia,27,1996,2.7,115,142,81.0,1892,612,59,62,95.2,43,52,82.7,10,15,66.7,0,0.7,0.6,-0.7,5,7,9,6,12,Matches,AnDFrs271996
490,Budu Zivzivadze,FW/MF,ge Georgia,29,1994,0.2,3,3,100.0,47,16,2,2,100.0,1,1,100.0,0,0,,0,0.0,0.0,0.0,0,0,0,0,1,Matches,BuFWge291994
491,Steven Zuber,MF,ch Switzerland,32,1991,0.9,32,35,91.4,512,202,22,23,95.7,7,7,100.0,3,3,100.0,0,0.0,0.0,0.0,1,3,2,1,2,Matches,StMFch321991
492,Martín Zubimendi,MF,es Spain,24,1999,1.6,108,117,92.3,1833,437,45,46,97.8,51,55,92.7,9,11,81.8,0,0.0,0.1,0.0,1,9,1,0,17,Matches,MaMFes241999
493,Oleksandr Zubkov,FW,ua Ukraine,27,1996,0.3,6,10,60.0,99,37,3,4,75.0,3,4,75.0,0,0,,0,0.0,0.0,0.0,0,1,1,0,2,Matches,OlFWua271996
